source_id,decision_date,target_name,evaluation_horizon,evidence_text,reference_state,reference_p_normal,reference_p_elevated,reference_p_stressed,reference_p_severe,distress_score,spread_component,traded_component,systemic_component,partition,recent_temporal_holdout,point_in_time_certified,vintage_status
wide-credit-2018-01-26,2018-01-26,current broad US credit-market distress state,current weekly evidence snapshot,"As of 2018-01-26, broad US credit conditions were summarized from independent market and lending channels. The Baa-minus-Treasury spread was 1.60 percentage points (unchanged over the latest week), while the Baa-minus-Aaa quality dispersion was 0.68 percentage points. Over four weeks, high-yield credit returned +1.4% relative to investment-grade credit, and investment-grade credit returned -0.6% relative to short Treasuries. High-yield drawdown from its 13-week peak was 0.2%, with 13-week annualized volatility of 3.3%. The Federal Reserve credit-conditions index was -0.10 and the St. Louis financial-stress index was -0.66. The latest conservatively lagged bank survey readings showed net tightening of -8.5% for large and middle-market C&I loans and -8.8% for small-firm C&I loans; the business-loan delinquency rate was 1.18%.",Normal,0.9939085008,0.0060264437,0.0000608007,0.0000042547,0.2197886990,0.0787037037,0.4903846154,0.0902777778,test,False,False,market observations archived; FRED macro series use downloaded historical vintage
wide-credit-2018-02-02,2018-02-02,current broad US credit-market distress state,current weekly evidence snapshot,"As of 2018-02-02, broad US credit conditions were summarized from independent market and lending channels. The Baa-minus-Treasury spread was 1.58 percentage points (0.02 pp lower over the latest week), while the Baa-minus-Aaa quality dispersion was 0.69 percentage points. Over four weeks, high-yield credit returned +0.0% relative to investment-grade credit, and investment-grade credit returned -1.4% relative to short Treasuries. High-yield drawdown from its 13-week peak was 1.6%, with 13-week annualized volatility of 4.3%. The Federal Reserve credit-conditions index was -0.10 and the St. Louis financial-stress index was -0.50. The latest conservatively lagged bank survey readings showed net tightening of -8.5% for large and middle-market C&I loans and -8.8% for small-firm C&I loans; the business-loan delinquency rate was 1.18%.",Normal,0.9332950414,0.0659468281,0.0007085156,0.0000496149,0.3548856852,0.1238532110,0.7619047619,0.1788990826,calibration,False,False,market observations archived; FRED macro series use downloaded historical vintage
wide-credit-2018-02-09,2018-02-09,current broad US credit-market distress state,current weekly evidence snapshot,"As of 2018-02-09, broad US credit conditions were summarized from independent market and lending channels. The Baa-minus-Treasury spread was 1.67 percentage points (0.09 pp higher over the latest week), while the Baa-minus-Aaa quality dispersion was 0.68 percentage points. Over four weeks, high-yield credit returned +0.1% relative to investment-grade credit, and investment-grade credit returned -2.7% relative to short Treasuries. High-yield drawdown from its 13-week peak was 3.0%, with 13-week annualized volatility of 4.8%. The Federal Reserve credit-conditions index was -0.09 and the St. Louis financial-stress index was 0.10. The latest conservatively lagged bank survey readings showed net tightening of -8.5% for large and middle-market C&I loans and -8.8% for small-firm C&I loans; the business-loan delinquency rate was 1.18%.",Normal,0.8411308951,0.1568681368,0.0018698648,0.0001311033,0.4083333333,0.0840909091,0.7500000000,0.3909090909,calibration,False,False,market observations archived; FRED macro series use downloaded historical vintage
wide-credit-2018-02-16,2018-02-16,current broad US credit-market distress state,current weekly evidence snapshot,"As of 2018-02-16, broad US credit conditions were summarized from independent market and lending channels. The Baa-minus-Treasury spread was 1.66 percentage points (0.01 pp lower over the latest week), while the Baa-minus-Aaa quality dispersion was 0.66 percentage points. Over four weeks, high-yield credit returned +0.7% relative to investment-grade credit, and investment-grade credit returned -1.3% relative to short Treasuries. High-yield drawdown from its 13-week peak was 1.3%, with 13-week annualized volatility of 6.0%. The Federal Reserve credit-conditions index was -0.08 and the St. Louis financial-stress index was -0.26. The latest conservatively lagged bank survey readings showed net tightening of -10.0% for large and middle-market C&I loans and 0.0% for small-firm C&I loans; the business-loan delinquency rate was 1.11%.",Normal,0.9620485414,0.0375328734,0.0003912001,0.0000273851,0.3221983666,0.0292792793,0.6355140187,0.3018018018,test,False,False,market observations archived; FRED macro series use downloaded historical vintage
wide-credit-2018-02-23,2018-02-23,current broad US credit-market distress state,current weekly evidence snapshot,"As of 2018-02-23, broad US credit conditions were summarized from independent market and lending channels. The Baa-minus-Treasury spread was 1.68 percentage points (0.02 pp higher over the latest week), while the Baa-minus-Aaa quality dispersion was 0.67 percentage points. Over four weeks, high-yield credit returned +1.4% relative to investment-grade credit, and investment-grade credit returned -2.4% relative to short Treasuries. High-yield drawdown from its 13-week peak was 1.4%, with 13-week annualized volatility of 5.9%. The Federal Reserve credit-conditions index was -0.07 and the St. Louis financial-stress index was -0.34. The latest conservatively lagged bank survey readings showed net tightening of -10.0% for large and middle-market C&I loans and 0.0% for small-firm C&I loans; the business-loan delinquency rate was 1.11%.",Normal,0.9684805706,0.0311740698,0.0003227667,0.0000225929,0.3116181658,0.0625000000,0.5509259259,0.3214285714,conformal,False,False,market observations archived; FRED macro series use downloaded historical vintage
wide-credit-2018-03-02,2018-03-02,current broad US credit-market distress state,current weekly evidence snapshot,"As of 2018-03-02, broad US credit conditions were summarized from independent market and lending channels. The Baa-minus-Treasury spread was 1.72 percentage points (0.04 pp higher over the latest week), while the Baa-minus-Aaa quality dispersion was 0.68 percentage points. Over four weeks, high-yield credit returned +1.6% relative to investment-grade credit, and investment-grade credit returned -1.7% relative to short Treasuries. High-yield drawdown from its 13-week peak was 1.7%, with 13-week annualized volatility of 6.0%. The Federal Reserve credit-conditions index was -0.06 and the St. Louis financial-stress index was -0.07. The latest conservatively lagged bank survey readings showed net tightening of -10.0% for large and middle-market C&I loans and 0.0% for small-firm C&I loans; the business-loan delinquency rate was 1.11%.",Normal,0.9288724186,0.0703153808,0.0007590444,0.0000531562,0.3586777083,0.1106194690,0.5229357798,0.4424778761,calibration,False,False,market observations archived; FRED macro series use downloaded historical vintage
wide-credit-2018-03-09,2018-03-09,current broad US credit-market distress state,current weekly evidence snapshot,"As of 2018-03-09, broad US credit conditions were summarized from independent market and lending channels. The Baa-minus-Treasury spread was 1.77 percentage points (0.05 pp higher over the latest week), while the Baa-minus-Aaa quality dispersion was 0.77 percentage points. Over four weeks, high-yield credit returned +2.4% relative to investment-grade credit, and investment-grade credit returned -0.5% relative to short Treasuries. High-yield drawdown from its 13-week peak was 1.4%, with 13-week annualized volatility of 6.0%. The Federal Reserve credit-conditions index was -0.04 and the St. Louis financial-stress index was -0.09. The latest conservatively lagged bank survey readings showed net tightening of -10.0% for large and middle-market C&I loans and 0.0% for small-firm C&I loans; the business-loan delinquency rate was 1.11%.",Normal,0.8670601342,0.1313149385,0.0015184996,0.0001064276,0.3968633705,0.3267543860,0.4318181818,0.4320175439,calibration,False,False,market observations archived; FRED macro series use downloaded historical vintage
wide-credit-2018-03-16,2018-03-16,current broad US credit-market distress state,current weekly evidence snapshot,"As of 2018-03-16, broad US credit conditions were summarized from independent market and lending channels. The Baa-minus-Treasury spread was 1.79 percentage points (0.02 pp higher over the latest week), while the Baa-minus-Aaa quality dispersion was 0.77 percentage points. Over four weeks, high-yield credit returned +0.1% relative to investment-grade credit, and investment-grade credit returned -0.5% relative to short Treasuries. High-yield drawdown from its 13-week peak was 1.7%, with 13-week annualized volatility of 6.0%. The Federal Reserve credit-conditions index was -0.04 and the St. Louis financial-stress index was -0.02. The latest conservatively lagged bank survey readings showed net tightening of -10.0% for large and middle-market C&I loans and 0.0% for small-firm C&I loans; the business-loan delinquency rate was 1.11%.",Normal,0.5236621181,0.4667742094,0.0089325924,0.0006310801,0.4947904426,0.3347826087,0.6756756757,0.4739130435,calibration,False,False,market observations archived; FRED macro series use downloaded historical vintage
wide-credit-2018-03-23,2018-03-23,current broad US credit-market distress state,current weekly evidence snapshot,"As of 2018-03-23, broad US credit conditions were summarized from independent market and lending channels. The Baa-minus-Treasury spread was 1.87 percentage points (0.08 pp higher over the latest week), while the Baa-minus-Aaa quality dispersion was 0.81 percentage points. Over four weeks, high-yield credit returned -0.3% relative to investment-grade credit, and investment-grade credit returned -1.1% relative to short Treasuries. High-yield drawdown from its 13-week peak was 2.7%, with 13-week annualized volatility of 6.3%. The Federal Reserve credit-conditions index was -0.03 and the St. Louis financial-stress index was 0.26. The latest conservatively lagged bank survey readings showed net tightening of -10.0% for large and middle-market C&I loans and 0.0% for small-firm C&I loans; the business-loan delinquency rate was 1.11%.",Elevated,0.1494559945,0.7935743875,0.0530344278,0.0039351902,0.5956380784,0.3620689655,0.8429487179,0.5818965517,calibration,False,False,market observations archived; FRED macro series use downloaded historical vintage
wide-credit-2018-03-30,2018-03-30,current broad US credit-market distress state,current weekly evidence snapshot,"As of 2018-03-30, broad US credit conditions were summarized from independent market and lending channels. The Baa-minus-Treasury spread was 1.85 percentage points (0.02 pp lower over the latest week), while the Baa-minus-Aaa quality dispersion was 0.82 percentage points. Over four weeks, high-yield credit returned -1.1% relative to investment-grade credit, and investment-grade credit returned +0.8% relative to short Treasuries. High-yield drawdown from its 13-week peak was 1.8%, with 13-week annualized volatility of 6.6%. The Federal Reserve credit-conditions index was -0.03 and the St. Louis financial-stress index was 0.34. The latest conservatively lagged bank survey readings showed net tightening of -10.0% for large and middle-market C&I loans and 0.0% for small-firm C&I loans; the business-loan delinquency rate was 1.11%.",Elevated,0.2006423751,0.7587821644,0.0378173374,0.0027581231,0.5760256388,0.3632478632,0.7451709334,0.6196581197,test,False,False,market observations archived; FRED macro series use downloaded historical vintage
wide-credit-2018-04-06,2018-04-06,current broad US credit-market distress state,current weekly evidence snapshot,"As of 2018-04-06, broad US credit conditions were summarized from independent market and lending channels. The Baa-minus-Treasury spread was 1.84 percentage points (0.01 pp lower over the latest week), while the Baa-minus-Aaa quality dispersion was 0.83 percentage points. Over four weeks, high-yield credit returned -1.6% relative to investment-grade credit, and investment-grade credit returned +0.9% relative to short Treasuries. High-yield drawdown from its 13-week peak was 1.6%, with 13-week annualized volatility of 6.3%. The Federal Reserve credit-conditions index was -0.03 and the St. Louis financial-stress index was 0.34. The latest conservatively lagged bank survey readings showed net tightening of -10.0% for large and middle-market C&I loans and 0.0% for small-firm C&I loans; the business-loan delinquency rate was 1.11%.",Elevated,0.2103649000,0.7513157429,0.0357202893,0.0025990678,0.5727500014,0.3686440678,0.7394364449,0.6101694915,test,False,False,market observations archived; FRED macro series use downloaded historical vintage
wide-credit-2018-04-13,2018-04-13,current broad US credit-market distress state,current weekly evidence snapshot,"As of 2018-04-13, broad US credit conditions were summarized from independent market and lending channels. The Baa-minus-Treasury spread was 1.79 percentage points (0.05 pp lower over the latest week), while the Baa-minus-Aaa quality dispersion was 0.82 percentage points. Over four weeks, high-yield credit returned +0.5% relative to investment-grade credit, and investment-grade credit returned +0.4% relative to short Treasuries. High-yield drawdown from its 13-week peak was 0.5%, with 13-week annualized volatility of 6.8%. The Federal Reserve credit-conditions index was -0.03 and the St. Louis financial-stress index was 0.14. The latest conservatively lagged bank survey readings showed net tightening of -10.0% for large and middle-market C&I loans and 0.0% for small-firm C&I loans; the business-loan delinquency rate was 1.11%.",Normal,0.5716096405,0.4204975267,0.0073728261,0.0005200067,0.4841368188,0.3508403361,0.5784608765,0.5231092437,calibration,False,False,market observations archived; FRED macro series use downloaded historical vintage
wide-credit-2018-04-20,2018-04-20,current broad US credit-market distress state,current weekly evidence snapshot,"As of 2018-04-20, broad US credit conditions were summarized from independent market and lending channels. The Baa-minus-Treasury spread was 1.78 percentage points (0.01 pp lower over the latest week), while the Baa-minus-Aaa quality dispersion was 0.84 percentage points. Over four weeks, high-yield credit returned +1.5% relative to investment-grade credit, and investment-grade credit returned +0.2% relative to short Treasuries. High-yield drawdown from its 13-week peak was 0.9%, with 13-week annualized volatility of 6.9%. The Federal Reserve credit-conditions index was -0.04 and the St. Louis financial-stress index was -0.07. The latest conservatively lagged bank survey readings showed net tightening of -10.0% for large and middle-market C&I loans and 0.0% for small-firm C&I loans; the business-loan delinquency rate was 1.11%.",Normal,0.6796997327,0.3153228129,0.0046504205,0.0003270339,0.4586184268,0.3625000000,0.5633552804,0.4500000000,test,False,False,market observations archived; FRED macro series use downloaded historical vintage
wide-credit-2018-04-27,2018-04-27,current broad US credit-market distress state,current weekly evidence snapshot,"As of 2018-04-27, broad US credit conditions were summarized from independent market and lending channels. The Baa-minus-Treasury spread was 1.80 percentage points (0.02 pp higher over the latest week), while the Baa-minus-Aaa quality dispersion was 0.82 percentage points. Over four weeks, high-yield credit returned +2.1% relative to investment-grade credit, and investment-grade credit returned -1.3% relative to short Treasuries. High-yield drawdown from its 13-week peak was 0.6%, with 13-week annualized volatility of 6.8%. The Federal Reserve credit-conditions index was -0.04 and the St. Louis financial-stress index was -0.03. The latest conservatively lagged bank survey readings showed net tightening of -10.0% for large and middle-market C&I loans and 0.0% for small-firm C&I loans; the business-loan delinquency rate was 1.11%.",Normal,0.6254648612,0.3682187052,0.0059009022,0.0004155314,0.4717954762,0.3615702479,0.6034029575,0.4504132231,calibration,False,False,market observations archived; FRED macro series use downloaded historical vintage
wide-credit-2018-05-04,2018-05-04,current broad US credit-market distress state,current weekly evidence snapshot,"As of 2018-05-04, broad US credit conditions were summarized from independent market and lending channels. The Baa-minus-Treasury spread was 1.86 percentage points (0.06 pp higher over the latest week), while the Baa-minus-Aaa quality dispersion was 0.80 percentage points. Over four weeks, high-yield credit returned +2.4% relative to investment-grade credit, and investment-grade credit returned -1.5% relative to short Treasuries. High-yield drawdown from its 13-week peak was 0.6%, with 13-week annualized volatility of 6.3%. The Federal Reserve credit-conditions index was -0.05 and the St. Louis financial-stress index was 0.01. The latest conservatively lagged bank survey readings showed net tightening of -10.0% for large and middle-market C&I loans and 0.0% for small-firm C&I loans; the business-loan delinquency rate was 1.11%.",Normal,0.6305248375,0.3632932321,0.0057752988,0.0004066316,0.4706042034,0.3606557377,0.5880421184,0.4631147541,calibration,False,False,market observations archived; FRED macro series use downloaded historical vintage
wide-credit-2018-05-11,2018-05-11,current broad US credit-market distress state,current weekly evidence snapshot,"As of 2018-05-11, broad US credit conditions were summarized from independent market and lending channels. The Baa-minus-Treasury spread was 1.82 percentage points (0.04 pp lower over the latest week), while the Baa-minus-Aaa quality dispersion was 0.81 percentage points. Over four weeks, high-yield credit returned +0.9% relative to investment-grade credit, and investment-grade credit returned -1.0% relative to short Treasuries. High-yield drawdown from its 13-week peak was 0.2%, with 13-week annualized volatility of 5.4%. The Federal Reserve credit-conditions index was -0.05 and the St. Louis financial-stress index was -0.24. The latest conservatively lagged bank survey readings showed net tightening of -10.0% for large and middle-market C&I loans and 0.0% for small-firm C&I loans; the business-loan delinquency rate was 1.11%.",Normal,0.8139001455,0.1836785119,0.0022626339,0.0001587087,0.4188445132,0.3556910569,0.5390538648,0.3617886179,calibration,False,False,market observations archived; FRED macro series use downloaded historical vintage
wide-credit-2018-05-18,2018-05-18,current broad US credit-market distress state,current weekly evidence snapshot,"As of 2018-05-18, broad US credit conditions were summarized from independent market and lending channels. The Baa-minus-Treasury spread was 1.83 percentage points (0.01 pp higher over the latest week), while the Baa-minus-Aaa quality dispersion was 0.85 percentage points. Over four weeks, high-yield credit returned +0.6% relative to investment-grade credit, and investment-grade credit returned -0.8% relative to short Treasuries. High-yield drawdown from its 13-week peak was 0.6%, with 13-week annualized volatility of 4.2%. The Federal Reserve credit-conditions index was -0.06 and the St. Louis financial-stress index was -0.30. The latest conservatively lagged bank survey readings showed net tightening of -11.3% for large and middle-market C&I loans and -3.0% for small-firm C&I loans; the business-loan delinquency rate was 1.08%.",Normal,0.8131975823,0.1843698617,0.0022731107,0.0001594453,0.4190992548,0.3991935484,0.5314913127,0.3266129032,test,False,False,market observations archived; FRED macro series use downloaded historical vintage
wide-credit-2018-05-25,2018-05-25,current broad US credit-market distress state,current weekly evidence snapshot,"As of 2018-05-25, broad US credit conditions were summarized from independent market and lending channels. The Baa-minus-Treasury spread was 1.85 percentage points (0.02 pp higher over the latest week), while the Baa-minus-Aaa quality dispersion was 0.85 percentage points. Over four weeks, high-yield credit returned -0.2% relative to investment-grade credit, and investment-grade credit returned +0.1% relative to short Treasuries. High-yield drawdown from its 13-week peak was 0.4%, with 13-week annualized volatility of 4.2%. The Federal Reserve credit-conditions index was -0.06 and the St. Louis financial-stress index was -0.23. The latest conservatively lagged bank survey readings showed net tightening of -11.3% for large and middle-market C&I loans and -3.0% for small-firm C&I loans; the business-loan delinquency rate was 1.08%.",Normal,0.8047621509,0.1926691476,0.0024003108,0.0001683907,0.4221019482,0.4080000000,0.5123058445,0.3460000000,test,False,False,market observations archived; FRED macro series use downloaded historical vintage
wide-credit-2018-06-01,2018-06-01,current broad US credit-market distress state,current weekly evidence snapshot,"As of 2018-06-01, broad US credit conditions were summarized from independent market and lending channels. The Baa-minus-Treasury spread was 1.90 percentage points (0.05 pp higher over the latest week), while the Baa-minus-Aaa quality dispersion was 0.87 percentage points. Over four weeks, high-yield credit returned -0.4% relative to investment-grade credit, and investment-grade credit returned +0.3% relative to short Treasuries. High-yield drawdown from its 13-week peak was 0.4%, with 13-week annualized volatility of 4.2%. The Federal Reserve credit-conditions index was -0.06 and the St. Louis financial-stress index was 0.07. The latest conservatively lagged bank survey readings showed net tightening of -11.3% for large and middle-market C&I loans and -3.0% for small-firm C&I loans; the business-loan delinquency rate was 1.08%.",Normal,0.6685010229,0.3262625608,0.0048922841,0.0003441322,0.4614222738,0.4444444444,0.5052985676,0.4345238095,test,False,False,market observations archived; FRED macro series use downloaded historical vintage
wide-credit-2018-06-08,2018-06-08,current broad US credit-market distress state,current weekly evidence snapshot,"As of 2018-06-08, broad US credit conditions were summarized from independent market and lending channels. The Baa-minus-Treasury spread was 1.90 percentage points (unchanged over the latest week), while the Baa-minus-Aaa quality dispersion was 0.87 percentage points. Over four weeks, high-yield credit returned +0.7% relative to investment-grade credit, and investment-grade credit returned -0.6% relative to short Treasuries. High-yield drawdown from its 13-week peak was -0.0%, with 13-week annualized volatility of 4.3%. The Federal Reserve credit-conditions index was -0.06 and the St. Louis financial-stress index was -0.39. The latest conservatively lagged bank survey readings showed net tightening of -11.3% for large and middle-market C&I loans and -3.0% for small-firm C&I loans; the business-loan delinquency rate was 1.08%.",Normal,0.8970098420,0.1017728409,0.0011376170,0.0000797000,0.3809561628,0.4448818898,0.4066480159,0.2913385827,prompt_validation,False,False,market observations archived; FRED macro series use downloaded historical vintage
wide-credit-2018-06-15,2018-06-15,current broad US credit-market distress state,current weekly evidence snapshot,"As of 2018-06-15, broad US credit conditions were summarized from independent market and lending channels. The Baa-minus-Treasury spread was 1.87 percentage points (0.03 pp lower over the latest week), while the Baa-minus-Aaa quality dispersion was 0.89 percentage points. Over four weeks, high-yield credit returned +0.7% relative to investment-grade credit, and investment-grade credit returned +0.4% relative to short Treasuries. High-yield drawdown from its 13-week peak was -0.0%, with 13-week annualized volatility of 4.3%. The Federal Reserve credit-conditions index was -0.06 and the St. Louis financial-stress index was -0.34. The latest conservatively lagged bank survey readings showed net tightening of -11.3% for large and middle-market C&I loans and -3.0% for small-firm C&I loans; the business-loan delinquency rate was 1.08%.",Normal,0.9205194110,0.0785648653,0.0008557864,0.0000599372,0.3652816107,0.4511718750,0.3341260821,0.3105468750,conformal,False,False,market observations archived; FRED macro series use downloaded historical vintage
wide-credit-2018-06-22,2018-06-22,current broad US credit-market distress state,current weekly evidence snapshot,"As of 2018-06-22, broad US credit conditions were summarized from independent market and lending channels. The Baa-minus-Treasury spread was 1.97 percentage points (0.10 pp higher over the latest week), while the Baa-minus-Aaa quality dispersion was 0.88 percentage points. Over four weeks, high-yield credit returned +1.8% relative to investment-grade credit, and investment-grade credit returned -1.0% relative to short Treasuries. High-yield drawdown from its 13-week peak was 0.3%, with 13-week annualized volatility of 3.6%. The Federal Reserve credit-conditions index was -0.06 and the St. Louis financial-stress index was -0.27. The latest conservatively lagged bank survey readings showed net tightening of -11.3% for large and middle-market C&I loans and -3.0% for small-firm C&I loans; the business-loan delinquency rate was 1.08%.",Normal,0.8507745856,0.1473669486,0.0017367155,0.0001217503,0.4042620940,0.4825581395,0.4007707781,0.3294573643,calibration,False,False,market observations archived; FRED macro series use downloaded historical vintage
wide-credit-2018-06-29,2018-06-29,current broad US credit-market distress state,current weekly evidence snapshot,"As of 2018-06-29, broad US credit conditions were summarized from independent market and lending channels. The Baa-minus-Treasury spread was 1.99 percentage points (0.02 pp higher over the latest week), while the Baa-minus-Aaa quality dispersion was 0.91 percentage points. Over four weeks, high-yield credit returned +0.2% relative to investment-grade credit, and investment-grade credit returned -0.4% relative to short Treasuries. High-yield drawdown from its 13-week peak was 1.2%, with 13-week annualized volatility of 3.9%. The Federal Reserve credit-conditions index was -0.06 and the St. Louis financial-stress index was -0.06. The latest conservatively lagged bank survey readings showed net tightening of -11.3% for large and middle-market C&I loans and -3.0% for small-firm C&I loans; the business-loan delinquency rate was 1.08%.",Normal,0.5044050070,0.4852727165,0.0096406506,0.0006816259,0.4990308734,0.5173076923,0.5663233894,0.4134615385,calibration,False,False,market observations archived; FRED macro series use downloaded historical vintage
wide-credit-2018-07-06,2018-07-06,current broad US credit-market distress state,current weekly evidence snapshot,"As of 2018-07-06, broad US credit conditions were summarized from independent market and lending channels. The Baa-minus-Treasury spread was 1.96 percentage points (0.03 pp lower over the latest week), while the Baa-minus-Aaa quality dispersion was 0.90 percentage points. Over four weeks, high-yield credit returned -0.8% relative to investment-grade credit, and investment-grade credit returned +0.8% relative to short Treasuries. High-yield drawdown from its 13-week peak was 0.5%, with 13-week annualized volatility of 4.2%. The Federal Reserve credit-conditions index was -0.06 and the St. Louis financial-stress index was -0.19. The latest conservatively lagged bank survey readings showed net tightening of -11.3% for large and middle-market C&I loans and -3.0% for small-firm C&I loans; the business-loan delinquency rate was 1.08%.",Normal,0.6679954606,0.3267562307,0.0049033911,0.0003449176,0.4615476995,0.4961832061,0.5220476787,0.3664122137,conformal,False,False,market observations archived; FRED macro series use downloaded historical vintage
wide-credit-2018-07-13,2018-07-13,current broad US credit-market distress state,current weekly evidence snapshot,"As of 2018-07-13, broad US credit conditions were summarized from independent market and lending channels. The Baa-minus-Treasury spread was 1.90 percentage points (0.06 pp lower over the latest week), while the Baa-minus-Aaa quality dispersion was 0.93 percentage points. Over four weeks, high-yield credit returned -1.3% relative to investment-grade credit, and investment-grade credit returned +1.0% relative to short Treasuries. High-yield drawdown from its 13-week peak was 0.1%, with 13-week annualized volatility of 3.5%. The Federal Reserve credit-conditions index was -0.07 and the St. Louis financial-stress index was -0.42. The latest conservatively lagged bank survey readings showed net tightening of -11.3% for large and middle-market C&I loans and -3.0% for small-firm C&I loans; the business-loan delinquency rate was 1.08%.",Normal,0.8737091195,0.1247588288,0.0014317158,0.0001003359,0.3936212174,0.4867424242,0.4289697129,0.2651515152,calibration,False,False,market observations archived; FRED macro series use downloaded historical vintage
wide-credit-2018-07-20,2018-07-20,current broad US credit-market distress state,current weekly evidence snapshot,"As of 2018-07-20, broad US credit conditions were summarized from independent market and lending channels. The Baa-minus-Treasury spread was 1.91 percentage points (0.01 pp higher over the latest week), while the Baa-minus-Aaa quality dispersion was 0.90 percentage points. Over four weeks, high-yield credit returned -1.3% relative to investment-grade credit, and investment-grade credit returned +1.3% relative to short Treasuries. High-yield drawdown from its 13-week peak was 0.1%, with 13-week annualized volatility of 3.3%. The Federal Reserve credit-conditions index was -0.07 and the St. Louis financial-stress index was -0.46. The latest conservatively lagged bank survey readings showed net tightening of -11.3% for large and middle-market C&I loans and -3.0% for small-firm C&I loans; the business-loan delinquency rate was 1.08%.",Normal,0.9006538032,0.0981766455,0.0010929821,0.0000765693,0.3787519357,0.4774436090,0.4069324989,0.2518796992,conformal,False,False,market observations archived; FRED macro series use downloaded historical vintage
wide-credit-2018-07-27,2018-07-27,current broad US credit-market distress state,current weekly evidence snapshot,"As of 2018-07-27, broad US credit conditions were summarized from independent market and lending channels. The Baa-minus-Treasury spread was 1.84 percentage points (0.07 pp lower over the latest week), while the Baa-minus-Aaa quality dispersion was 0.90 percentage points. Over four weeks, high-yield credit returned +0.3% relative to investment-grade credit, and investment-grade credit returned +1.2% relative to short Treasuries. High-yield drawdown from its 13-week peak was -0.0%, with 13-week annualized volatility of 3.3%. The Federal Reserve credit-conditions index was -0.07 and the St. Louis financial-stress index was -0.54. The latest conservatively lagged bank survey readings showed net tightening of -11.3% for large and middle-market C&I loans and -3.0% for small-firm C&I loans; the business-loan delinquency rate was 1.08%.",Normal,0.9747955764,0.0249300273,0.0002564469,0.0000179494,0.2989635454,0.4384328358,0.2513682480,0.2070895522,calibration,False,False,market observations archived; FRED macro series use downloaded historical vintage
wide-credit-2018-08-03,2018-08-03,current broad US credit-market distress state,current weekly evidence snapshot,"As of 2018-08-03, broad US credit conditions were summarized from independent market and lending channels. The Baa-minus-Treasury spread was 1.84 percentage points (unchanged over the latest week), while the Baa-minus-Aaa quality dispersion was 0.90 percentage points. Over four weeks, high-yield credit returned +0.6% relative to investment-grade credit, and investment-grade credit returned +0.6% relative to short Treasuries. High-yield drawdown from its 13-week peak was -0.0%, with 13-week annualized volatility of 3.4%. The Federal Reserve credit-conditions index was -0.07 and the St. Louis financial-stress index was -0.44. The latest conservatively lagged bank survey readings showed net tightening of -11.3% for large and middle-market C&I loans and -3.0% for small-firm C&I loans; the business-loan delinquency rate was 1.08%.",Normal,0.9648502063,0.0347632228,0.0003612810,0.0000252899,0.3178205238,0.4388888889,0.2812393490,0.2333333333,calibration,False,False,market observations archived; FRED macro series use downloaded historical vintage
wide-credit-2018-08-10,2018-08-10,current broad US credit-market distress state,current weekly evidence snapshot,"As of 2018-08-10, broad US credit conditions were summarized from independent market and lending channels. The Baa-minus-Treasury spread was 1.87 percentage points (0.03 pp higher over the latest week), while the Baa-minus-Aaa quality dispersion was 0.88 percentage points. Over four weeks, high-yield credit returned +0.8% relative to investment-grade credit, and investment-grade credit returned -0.2% relative to short Treasuries. High-yield drawdown from its 13-week peak was 0.1%, with 13-week annualized volatility of 3.4%. The Federal Reserve credit-conditions index was -0.08 and the St. Louis financial-stress index was -0.55. The latest conservatively lagged bank survey readings showed net tightening of -11.3% for large and middle-market C&I loans and -3.0% for small-firm C&I loans; the business-loan delinquency rate was 1.08%.",Normal,0.9483540389,0.0510681990,0.0005399575,0.0000378046,0.3399326257,0.4319852941,0.3929596417,0.1948529412,conformal,False,False,market observations archived; FRED macro series use downloaded historical vintage
wide-credit-2018-08-17,2018-08-17,current broad US credit-market distress state,current weekly evidence snapshot,"As of 2018-08-17, broad US credit conditions were summarized from independent market and lending channels. The Baa-minus-Treasury spread was 1.89 percentage points (0.02 pp higher over the latest week), while the Baa-minus-Aaa quality dispersion was 0.89 percentage points. Over four weeks, high-yield credit returned +0.0% relative to investment-grade credit, and investment-grade credit returned +0.7% relative to short Treasuries. High-yield drawdown from its 13-week peak was -0.0%, with 13-week annualized volatility of 3.2%. The Federal Reserve credit-conditions index was -0.08 and the St. Louis financial-stress index was -0.44. The latest conservatively lagged bank survey readings showed net tightening of -15.9% for large and middle-market C&I loans and -7.6% for small-firm C&I loans; the business-loan delinquency rate was 0.99%.",Normal,0.9561327058,0.0433805000,0.0004549446,0.0000318496,0.3305049776,0.4452554745,0.3126828159,0.2335766423,calibration,False,False,market observations archived; FRED macro series use downloaded historical vintage
wide-credit-2018-08-24,2018-08-24,current broad US credit-market distress state,current weekly evidence snapshot,"As of 2018-08-24, broad US credit conditions were summarized from independent market and lending channels. The Baa-minus-Treasury spread was 1.90 percentage points (0.01 pp higher over the latest week), while the Baa-minus-Aaa quality dispersion was 0.89 percentage points. Over four weeks, high-yield credit returned +0.1% relative to investment-grade credit, and investment-grade credit returned +0.6% relative to short Treasuries. High-yield drawdown from its 13-week peak was -0.0%, with 13-week annualized volatility of 3.2%. The Federal Reserve credit-conditions index was -0.08 and the St. Louis financial-stress index was -0.63. The latest conservatively lagged bank survey readings showed net tightening of -15.9% for large and middle-market C&I loans and -7.6% for small-firm C&I loans; the business-loan delinquency rate was 0.99%.",Normal,0.9694046034,0.0302604776,0.0003130093,0.0000219097,0.3099292118,0.4547101449,0.3229035774,0.1521739130,test,False,False,market observations archived; FRED macro series use downloaded historical vintage
wide-credit-2018-08-31,2018-08-31,current broad US credit-market distress state,current weekly evidence snapshot,"As of 2018-08-31, broad US credit conditions were summarized from independent market and lending channels. The Baa-minus-Treasury spread was 1.92 percentage points (0.02 pp higher over the latest week), while the Baa-minus-Aaa quality dispersion was 0.87 percentage points. Over four weeks, high-yield credit returned +0.5% relative to investment-grade credit, and investment-grade credit returned -0.3% relative to short Treasuries. High-yield drawdown from its 13-week peak was 0.0%, with 13-week annualized volatility of 3.2%. The Federal Reserve credit-conditions index was -0.09 and the St. Louis financial-stress index was -0.67. The latest conservatively lagged bank survey readings showed net tightening of -15.9% for large and middle-market C&I loans and -7.6% for small-firm C&I loans; the business-loan delinquency rate was 0.99%.",Normal,0.9611742283,0.0383971581,0.0004005722,0.0000280415,0.3235010704,0.4478417266,0.4057550098,0.1169064748,calibration,False,False,market observations archived; FRED macro series use downloaded historical vintage
wide-credit-2018-09-07,2018-09-07,current broad US credit-market distress state,current weekly evidence snapshot,"As of 2018-09-07, broad US credit conditions were summarized from independent market and lending channels. The Baa-minus-Treasury spread was 1.93 percentage points (0.01 pp higher over the latest week), while the Baa-minus-Aaa quality dispersion was 0.88 percentage points. Over four weeks, high-yield credit returned +0.5% relative to investment-grade credit, and investment-grade credit returned -0.3% relative to short Treasuries. High-yield drawdown from its 13-week peak was 0.4%, with 13-week annualized volatility of 3.3%. The Federal Reserve credit-conditions index was -0.09 and the St. Louis financial-stress index was -0.60. The latest conservatively lagged bank survey readings showed net tightening of -15.9% for large and middle-market C&I loans and -7.6% for small-firm C&I loans; the business-loan delinquency rate was 0.99%.",Normal,0.9251279478,0.0740136731,0.0008021983,0.0000561808,0.3617216750,0.4678571429,0.4476650250,0.1696428571,calibration,False,False,market observations archived; FRED macro series use downloaded historical vintage
wide-credit-2018-09-14,2018-09-14,current broad US credit-market distress state,current weekly evidence snapshot,"As of 2018-09-14, broad US credit conditions were summarized from independent market and lending channels. The Baa-minus-Treasury spread was 1.88 percentage points (0.05 pp lower over the latest week), while the Baa-minus-Aaa quality dispersion was 0.93 percentage points. Over four weeks, high-yield credit returned +1.2% relative to investment-grade credit, and investment-grade credit returned -0.3% relative to short Treasuries. High-yield drawdown from its 13-week peak was -0.0%, with 13-week annualized volatility of 3.4%. The Federal Reserve credit-conditions index was -0.09 and the St. Louis financial-stress index was -0.71. The latest conservatively lagged bank survey readings showed net tightening of -15.9% for large and middle-market C&I loans and -7.6% for small-firm C&I loans; the business-loan delinquency rate was 0.99%.",Normal,0.9756831241,0.0240523804,0.0002471939,0.0000173016,0.2969417998,0.4911347518,0.3234495129,0.0762411348,prompt_validation,False,False,market observations archived; FRED macro series use downloaded historical vintage
wide-credit-2018-09-21,2018-09-21,current broad US credit-market distress state,current weekly evidence snapshot,"As of 2018-09-21, broad US credit conditions were summarized from independent market and lending channels. The Baa-minus-Treasury spread was 1.83 percentage points (0.05 pp lower over the latest week), while the Baa-minus-Aaa quality dispersion was 0.91 percentage points. Over four weeks, high-yield credit returned +1.3% relative to investment-grade credit, and investment-grade credit returned -0.8% relative to short Treasuries. High-yield drawdown from its 13-week peak was 0.1%, with 13-week annualized volatility of 3.3%. The Federal Reserve credit-conditions index was -0.09 and the St. Louis financial-stress index was -0.81. The latest conservatively lagged bank survey readings showed net tightening of -15.9% for large and middle-market C&I loans and -7.6% for small-firm C&I loans; the business-loan delinquency rate was 0.99%.",Normal,0.9740180325,0.0256988828,0.0002645667,0.0000185179,0.3006785106,0.4419014085,0.4020355319,0.0580985915,test,False,False,market observations archived; FRED macro series use downloaded historical vintage
wide-credit-2018-09-28,2018-09-28,current broad US credit-market distress state,current weekly evidence snapshot,"As of 2018-09-28, broad US credit conditions were summarized from independent market and lending channels. The Baa-minus-Treasury spread was 1.84 percentage points (0.01 pp higher over the latest week), while the Baa-minus-Aaa quality dispersion was 0.90 percentage points. Over four weeks, high-yield credit returned +0.7% relative to investment-grade credit, and investment-grade credit returned +0.0% relative to short Treasuries. High-yield drawdown from its 13-week peak was -0.0%, with 13-week annualized volatility of 2.3%. The Federal Reserve credit-conditions index was -0.09 and the St. Louis financial-stress index was -0.75. The latest conservatively lagged bank survey readings showed net tightening of -15.9% for large and middle-market C&I loans and -7.6% for small-firm C&I loans; the business-loan delinquency rate was 0.99%.",Normal,0.9853376335,0.0145044292,0.0001476070,0.0000103302,0.2685764862,0.4388111888,0.3004847033,0.0664335664,calibration,False,False,market observations archived; FRED macro series use downloaded historical vintage
wide-credit-2018-10-05,2018-10-05,current broad US credit-market distress state,current weekly evidence snapshot,"As of 2018-10-05, broad US credit conditions were summarized from independent market and lending channels. The Baa-minus-Treasury spread was 1.85 percentage points (0.01 pp higher over the latest week), while the Baa-minus-Aaa quality dispersion was 0.91 percentage points. Over four weeks, high-yield credit returned +1.2% relative to investment-grade credit, and investment-grade credit returned -1.1% relative to short Treasuries. High-yield drawdown from its 13-week peak was 0.9%, with 13-week annualized volatility of 2.9%. The Federal Reserve credit-conditions index was -0.09 and the St. Louis financial-stress index was -0.79. The latest conservatively lagged bank survey readings showed net tightening of -15.9% for large and middle-market C&I loans and -7.6% for small-firm C&I loans; the business-loan delinquency rate was 0.99%.",Normal,0.9487938764,0.0506335446,0.0005351138,0.0000374652,0.3394367154,0.4652777778,0.4801157017,0.0729166667,conformal,False,False,market observations archived; FRED macro series use downloaded historical vintage
wide-credit-2018-10-12,2018-10-12,current broad US credit-market distress state,current weekly evidence snapshot,"As of 2018-10-12, broad US credit conditions were summarized from independent market and lending channels. The Baa-minus-Treasury spread was 1.88 percentage points (0.03 pp higher over the latest week), while the Baa-minus-Aaa quality dispersion was 0.91 percentage points. Over four weeks, high-yield credit returned +0.3% relative to investment-grade credit, and investment-grade credit returned -1.2% relative to short Treasuries. High-yield drawdown from its 13-week peak was 1.0%, with 13-week annualized volatility of 2.9%. The Federal Reserve credit-conditions index was -0.09 and the St. Louis financial-stress index was -0.44. The latest conservatively lagged bank survey readings showed net tightening of -15.9% for large and middle-market C&I loans and -7.6% for small-firm C&I loans; the business-loan delinquency rate was 0.99%.",Normal,0.7571811504,0.2394261855,0.0031700869,0.0002225772,0.4374492241,0.4844827586,0.5692442240,0.2586206897,test,False,False,market observations archived; FRED macro series use downloaded historical vintage
wide-credit-2018-10-19,2018-10-19,current broad US credit-market distress state,current weekly evidence snapshot,"As of 2018-10-19, broad US credit conditions were summarized from independent market and lending channels. The Baa-minus-Treasury spread was 1.92 percentage points (0.04 pp higher over the latest week), while the Baa-minus-Aaa quality dispersion was 0.94 percentage points. Over four weeks, high-yield credit returned +0.4% relative to investment-grade credit, and investment-grade credit returned -1.5% relative to short Treasuries. High-yield drawdown from its 13-week peak was 1.3%, with 13-week annualized volatility of 3.0%. The Federal Reserve credit-conditions index was -0.08 and the St. Louis financial-stress index was -0.50. The latest conservatively lagged bank survey readings showed net tightening of -15.9% for large and middle-market C&I loans and -7.6% for small-firm C&I loans; the business-loan delinquency rate was 0.99%.",Normal,0.6591668409,0.3353742809,0.0051000511,0.0003588272,0.4637229027,0.5445205479,0.5983604889,0.2482876712,calibration,False,False,market observations archived; FRED macro series use downloaded historical vintage
wide-credit-2018-10-26,2018-10-26,current broad US credit-market distress state,current weekly evidence snapshot,"As of 2018-10-26, broad US credit conditions were summarized from independent market and lending channels. The Baa-minus-Treasury spread was 2.02 percentage points (0.10 pp higher over the latest week), while the Baa-minus-Aaa quality dispersion was 0.92 percentage points. Over four weeks, high-yield credit returned -0.7% relative to investment-grade credit, and investment-grade credit returned -1.7% relative to short Treasuries. High-yield drawdown from its 13-week peak was 2.1%, with 13-week annualized volatility of 3.3%. The Federal Reserve credit-conditions index was -0.07 and the St. Louis financial-stress index was -0.21. The latest conservatively lagged bank survey readings showed net tightening of -15.9% for large and middle-market C&I loans and -7.6% for small-firm C&I loans; the business-loan delinquency rate was 0.99%.",Elevated,0.2428713085,0.7250963624,0.0298728485,0.0021594806,0.5625350843,0.5697278912,0.7369249808,0.3809523810,calibration,False,False,market observations archived; FRED macro series use downloaded historical vintage
wide-credit-2018-11-02,2018-11-02,current broad US credit-market distress state,current weekly evidence snapshot,"As of 2018-11-02, broad US credit conditions were summarized from independent market and lending channels. The Baa-minus-Treasury spread was 2.02 percentage points (unchanged over the latest week), while the Baa-minus-Aaa quality dispersion was 0.97 percentage points. Over four weeks, high-yield credit returned -0.0% relative to investment-grade credit, and investment-grade credit returned -0.9% relative to short Treasuries. High-yield drawdown from its 13-week peak was 1.6%, with 13-week annualized volatility of 3.4%. The Federal Reserve credit-conditions index was -0.06 and the St. Louis financial-stress index was -0.22. The latest conservatively lagged bank survey readings showed net tightening of -15.9% for large and middle-market C&I loans and -7.6% for small-firm C&I loans; the business-loan delinquency rate was 0.99%.",Elevated,0.2232386216,0.7411408449,0.0332108213,0.0024097122,0.5685790570,0.6030405405,0.6483047386,0.4543918919,test,False,False,market observations archived; FRED macro series use downloaded historical vintage
wide-credit-2018-11-09,2018-11-09,current broad US credit-market distress state,current weekly evidence snapshot,"As of 2018-11-09, broad US credit conditions were summarized from independent market and lending channels. The Baa-minus-Treasury spread was 1.98 percentage points (0.04 pp lower over the latest week), while the Baa-minus-Aaa quality dispersion was 1.01 percentage points. Over four weeks, high-yield credit returned +0.3% relative to investment-grade credit, and investment-grade credit returned -0.8% relative to short Treasuries. High-yield drawdown from its 13-week peak was 1.5%, with 13-week annualized volatility of 3.4%. The Federal Reserve credit-conditions index was -0.04 and the St. Louis financial-stress index was -0.47. The latest conservatively lagged bank survey readings showed net tightening of -15.9% for large and middle-market C&I loans and -7.6% for small-firm C&I loans; the business-loan delinquency rate was 0.99%.",Elevated,0.3586324118,0.6227371012,0.0173905109,0.0012399761,0.5319717647,0.6023489933,0.6126938175,0.3808724832,conformal,False,False,market observations archived; FRED macro series use downloaded historical vintage
wide-credit-2018-11-16,2018-11-16,current broad US credit-market distress state,current weekly evidence snapshot,"As of 2018-11-16, broad US credit conditions were summarized from independent market and lending channels. The Baa-minus-Treasury spread was 2.13 percentage points (0.15 pp higher over the latest week), while the Baa-minus-Aaa quality dispersion was 1.00 percentage points. Over four weeks, high-yield credit returned -0.9% relative to investment-grade credit, and investment-grade credit returned -0.9% relative to short Treasuries. High-yield drawdown from its 13-week peak was 2.7%, with 13-week annualized volatility of 4.2%. The Federal Reserve credit-conditions index was -0.02 and the St. Louis financial-stress index was -0.02. The latest conservatively lagged bank survey readings showed net tightening of -15.9% for large and middle-market C&I loans and -3.1% for small-firm C&I loans; the business-loan delinquency rate was 0.94%.",Elevated,0.0458578380,0.7732312290,0.1666723748,0.0142385582,0.6669396599,0.6516666667,0.7658189797,0.5833333333,calibration,False,False,market observations archived; FRED macro series use downloaded historical vintage
wide-credit-2018-11-23,2018-11-23,current broad US credit-market distress state,current weekly evidence snapshot,"As of 2018-11-23, broad US credit conditions were summarized from independent market and lending channels. The Baa-minus-Treasury spread was 2.18 percentage points (0.05 pp higher over the latest week), while the Baa-minus-Aaa quality dispersion was 1.05 percentage points. Over four weeks, high-yield credit returned -0.5% relative to investment-grade credit, and investment-grade credit returned -1.0% relative to short Treasuries. High-yield drawdown from its 13-week peak was 3.4%, with 13-week annualized volatility of 4.1%. The Federal Reserve credit-conditions index was -0.01 and the St. Louis financial-stress index was 0.06. The latest conservatively lagged bank survey readings showed net tightening of -15.9% for large and middle-market C&I loans and -3.1% for small-firm C&I loans; the business-loan delinquency rate was 0.94%.",Elevated,0.0307423774,0.7184982098,0.2293407004,0.0214187124,0.6897988602,0.6903973510,0.7399263819,0.6390728477,test,False,False,market observations archived; FRED macro series use downloaded historical vintage
wide-credit-2018-11-30,2018-11-30,current broad US credit-market distress state,current weekly evidence snapshot,"As of 2018-11-30, broad US credit conditions were summarized from independent market and lending channels. The Baa-minus-Treasury spread was 2.27 percentage points (0.09 pp higher over the latest week), while the Baa-minus-Aaa quality dispersion was 1.06 percentage points. Over four weeks, high-yield credit returned -0.5% relative to investment-grade credit, and investment-grade credit returned -0.7% relative to short Treasuries. High-yield drawdown from its 13-week peak was 2.4%, with 13-week annualized volatility of 4.9%. The Federal Reserve credit-conditions index was 0.01 and the St. Louis financial-stress index was -0.14. The latest conservatively lagged bank survey readings showed net tightening of -15.9% for large and middle-market C&I loans and -3.1% for small-firm C&I loans; the business-loan delinquency rate was 0.94%.",Elevated,0.0234172147,0.6697283283,0.2787177239,0.0281367332,0.7051823457,0.7664473684,0.7537049318,0.5953947368,conformal,False,False,market observations archived; FRED macro series use downloaded historical vintage
wide-credit-2018-12-07,2018-12-07,current broad US credit-market distress state,current weekly evidence snapshot,"As of 2018-12-07, broad US credit conditions were summarized from independent market and lending channels. The Baa-minus-Treasury spread was 2.31 percentage points (0.04 pp higher over the latest week), while the Baa-minus-Aaa quality dispersion was 1.10 percentage points. Over four weeks, high-yield credit returned -1.4% relative to investment-grade credit, and investment-grade credit returned -0.6% relative to short Treasuries. High-yield drawdown from its 13-week peak was 2.8%, with 13-week annualized volatility of 4.9%. The Federal Reserve credit-conditions index was 0.03 and the St. Louis financial-stress index was 0.21. The latest conservatively lagged bank survey readings showed net tightening of -15.9% for large and middle-market C&I loans and -3.1% for small-firm C&I loans; the business-loan delinquency rate was 0.94%.",Stressed,0.0073627254,0.4039646936,0.5030889617,0.0855836193,0.7697164331,0.7843137255,0.7960774039,0.7287581699,conformal,False,False,market observations archived; FRED macro series use downloaded historical vintage
wide-credit-2018-12-14,2018-12-14,current broad US credit-market distress state,current weekly evidence snapshot,"As of 2018-12-14, broad US credit conditions were summarized from independent market and lending channels. The Baa-minus-Treasury spread was 2.25 percentage points (0.06 pp lower over the latest week), while the Baa-minus-Aaa quality dispersion was 1.12 percentage points. Over four weeks, high-yield credit returned -0.9% relative to investment-grade credit, and investment-grade credit returned +0.8% relative to short Treasuries. High-yield drawdown from its 13-week peak was 2.4%, with 13-week annualized volatility of 4.7%. The Federal Reserve credit-conditions index was 0.04 and the St. Louis financial-stress index was 0.27. The latest conservatively lagged bank survey readings showed net tightening of -15.9% for large and middle-market C&I loans and -3.1% for small-firm C&I loans; the business-loan delinquency rate was 0.94%.",Elevated,0.0176780371,0.6113054550,0.3338735652,0.0371429427,0.7209677850,0.7564935065,0.6499163420,0.7564935065,calibration,False,False,market observations archived; FRED macro series use downloaded historical vintage
wide-credit-2018-12-21,2018-12-21,current broad US credit-market distress state,current weekly evidence snapshot,"As of 2018-12-21, broad US credit conditions were summarized from independent market and lending channels. The Baa-minus-Treasury spread was 2.31 percentage points (0.06 pp higher over the latest week), while the Baa-minus-Aaa quality dispersion was 1.13 percentage points. Over four weeks, high-yield credit returned -3.3% relative to investment-grade credit, and investment-grade credit returned +0.6% relative to short Treasuries. High-yield drawdown from its 13-week peak was 5.4%, with 13-week annualized volatility of 7.4%. The Federal Reserve credit-conditions index was 0.05 and the St. Louis financial-stress index was 0.55. The latest conservatively lagged bank survey readings showed net tightening of -15.9% for large and middle-market C&I loans and -3.1% for small-firm C&I loans; the business-loan delinquency rate was 0.94%.",Stressed,0.0042620692,0.2830909285,0.5730928460,0.1395541563,0.7999551136,0.7854838710,0.8079298570,0.8064516129,test,False,False,market observations archived; FRED macro series use downloaded historical vintage
wide-credit-2018-12-28,2018-12-28,current broad US credit-market distress state,current weekly evidence snapshot,"As of 2018-12-28, broad US credit conditions were summarized from independent market and lending channels. The Baa-minus-Treasury spread was 2.44 percentage points (0.13 pp higher over the latest week), while the Baa-minus-Aaa quality dispersion was 1.14 percentage points. Over four weeks, high-yield credit returned -3.7% relative to investment-grade credit, and investment-grade credit returned +0.8% relative to short Treasuries. High-yield drawdown from its 13-week peak was 3.6%, with 13-week annualized volatility of 7.9%. The Federal Reserve credit-conditions index was 0.05 and the St. Louis financial-stress index was 0.68. The latest conservatively lagged bank survey readings showed net tightening of -15.9% for large and middle-market C&I loans and -3.1% for small-firm C&I loans; the business-loan delinquency rate was 0.94%.",Stressed,0.0037693740,0.2590016898,0.5821956543,0.1550332819,0.8067388417,0.7948717949,0.8016267815,0.8237179487,calibration,False,False,market observations archived; FRED macro series use downloaded historical vintage
wide-credit-2019-01-04,2019-01-04,current broad US credit-market distress state,current weekly evidence snapshot,"As of 2019-01-04, broad US credit conditions were summarized from independent market and lending channels. The Baa-minus-Treasury spread was 2.45 percentage points (0.01 pp higher over the latest week), while the Baa-minus-Aaa quality dispersion was 1.14 percentage points. Over four weeks, high-yield credit returned -1.5% relative to investment-grade credit, and investment-grade credit returned +0.9% relative to short Treasuries. High-yield drawdown from its 13-week peak was 1.9%, with 13-week annualized volatility of 8.7%. The Federal Reserve credit-conditions index was 0.05 and the St. Louis financial-stress index was 0.32. The latest conservatively lagged bank survey readings showed net tightening of -15.9% for large and middle-market C&I loans and -3.1% for small-firm C&I loans; the business-loan delinquency rate was 0.94%.",Stressed,0.0064949776,0.3746348671,0.5228732960,0.0959968594,0.7766615453,0.7961783439,0.7694750817,0.7643312102,test,False,False,market observations archived; FRED macro series use downloaded historical vintage
wide-credit-2019-01-11,2019-01-11,current broad US credit-market distress state,current weekly evidence snapshot,"As of 2019-01-11, broad US credit conditions were summarized from independent market and lending channels. The Baa-minus-Treasury spread was 2.42 percentage points (0.03 pp lower over the latest week), while the Baa-minus-Aaa quality dispersion was 1.17 percentage points. Over four weeks, high-yield credit returned +0.1% relative to investment-grade credit, and investment-grade credit returned +0.7% relative to short Treasuries. High-yield drawdown from its 13-week peak was -0.0%, with 13-week annualized volatility of 9.6%. The Federal Reserve credit-conditions index was 0.04 and the St. Louis financial-stress index was -0.18. The latest conservatively lagged bank survey readings showed net tightening of -15.9% for large and middle-market C&I loans and -3.1% for small-firm C&I loans; the business-loan delinquency rate was 0.94%.",Elevated,0.0931152857,0.8131851711,0.0869837194,0.0067158238,0.6251897338,0.7895569620,0.5068983154,0.5791139241,calibration,False,False,market observations archived; FRED macro series use downloaded historical vintage
wide-credit-2019-01-18,2019-01-18,current broad US credit-market distress state,current weekly evidence snapshot,"As of 2019-01-18, broad US credit conditions were summarized from independent market and lending channels. The Baa-minus-Treasury spread was 2.38 percentage points (0.04 pp lower over the latest week), while the Baa-minus-Aaa quality dispersion was 1.21 percentage points. Over four weeks, high-yield credit returned +3.6% relative to investment-grade credit, and investment-grade credit returned +1.5% relative to short Treasuries. High-yield drawdown from its 13-week peak was -0.0%, with 13-week annualized volatility of 9.7%. The Federal Reserve credit-conditions index was 0.02 and the St. Louis financial-stress index was -0.14. The latest conservatively lagged bank survey readings showed net tightening of -15.9% for large and middle-market C&I loans and -3.1% for small-firm C&I loans; the business-loan delinquency rate was 0.94%.",Elevated,0.2280666263,0.7372499458,0.0323392343,0.0023441937,0.5670593240,0.7987421384,0.3238194814,0.5786163522,test,False,False,market observations archived; FRED macro series use downloaded historical vintage
wide-credit-2019-01-25,2019-01-25,current broad US credit-market distress state,current weekly evidence snapshot,"As of 2019-01-25, broad US credit conditions were summarized from independent market and lending channels. The Baa-minus-Treasury spread was 2.34 percentage points (0.04 pp lower over the latest week), while the Baa-minus-Aaa quality dispersion was 1.24 percentage points. Over four weeks, high-yield credit returned +1.9% relative to investment-grade credit, and investment-grade credit returned +2.3% relative to short Treasuries. High-yield drawdown from its 13-week peak was 0.1%, with 13-week annualized volatility of 9.5%. The Federal Reserve credit-conditions index was 0.01 and the St. Louis financial-stress index was -0.12. The latest conservatively lagged bank survey readings showed net tightening of -15.9% for large and middle-market C&I loans and -3.1% for small-firm C&I loans; the business-loan delinquency rate was 0.94%.",Elevated,0.1830668516,0.7717048233,0.0421399635,0.0030883616,0.5822638229,0.7968750000,0.3749164687,0.5750000000,conformal,False,False,market observations archived; FRED macro series use downloaded historical vintage
wide-credit-2019-02-01,2019-02-01,current broad US credit-market distress state,current weekly evidence snapshot,"As of 2019-02-01, broad US credit conditions were summarized from independent market and lending channels. The Baa-minus-Treasury spread was 2.31 percentage points (0.03 pp lower over the latest week), while the Baa-minus-Aaa quality dispersion was 1.20 percentage points. Over four weeks, high-yield credit returned +0.4% relative to investment-grade credit, and investment-grade credit returned +2.7% relative to short Treasuries. High-yield drawdown from its 13-week peak was -0.0%, with 13-week annualized volatility of 9.6%. The Federal Reserve credit-conditions index was -0.01 and the St. Louis financial-stress index was -0.14. The latest conservatively lagged bank survey readings showed net tightening of -15.9% for large and middle-market C&I loans and -3.1% for small-firm C&I loans; the business-loan delinquency rate was 0.94%.",Elevated,0.2102818582,0.7513803553,0.0357374222,0.0026003643,0.5727775008,0.7841614907,0.4031151110,0.5310559006,calibration,False,False,market observations archived; FRED macro series use downloaded historical vintage
wide-credit-2019-02-08,2019-02-08,current broad US credit-market distress state,current weekly evidence snapshot,"As of 2019-02-08, broad US credit conditions were summarized from independent market and lending channels. The Baa-minus-Treasury spread was 2.30 percentage points (0.01 pp lower over the latest week), while the Baa-minus-Aaa quality dispersion was 1.16 percentage points. Over four weeks, high-yield credit returned -1.0% relative to investment-grade credit, and investment-grade credit returned +2.3% relative to short Treasuries. High-yield drawdown from its 13-week peak was -0.0%, with 13-week annualized volatility of 9.6%. The Federal Reserve credit-conditions index was -0.02 and the St. Louis financial-stress index was -0.28. The latest conservatively lagged bank survey readings showed net tightening of -15.9% for large and middle-market C&I loans and -3.1% for small-firm C&I loans; the business-loan delinquency rate was 0.94%.",Elevated,0.2050820840,0.7553979050,0.0368363838,0.0026836272,0.5745155703,0.7592592593,0.5152133775,0.4490740741,calibration,False,False,market observations archived; FRED macro series use downloaded historical vintage
wide-credit-2019-02-15,2019-02-15,current broad US credit-market distress state,current weekly evidence snapshot,"As of 2019-02-15, broad US credit conditions were summarized from independent market and lending channels. The Baa-minus-Treasury spread was 2.28 percentage points (0.02 pp lower over the latest week), while the Baa-minus-Aaa quality dispersion was 1.18 percentage points. Over four weeks, high-yield credit returned -0.6% relative to investment-grade credit, and investment-grade credit returned +1.7% relative to short Treasuries. High-yield drawdown from its 13-week peak was -0.0%, with 13-week annualized volatility of 9.1%. The Federal Reserve credit-conditions index was -0.03 and the St. Louis financial-stress index was -0.35. The latest conservatively lagged bank survey readings showed net tightening of 2.8% for large and middle-market C&I loans and 4.3% for small-firm C&I loans; the business-loan delinquency rate was 1.16%.",Elevated,0.2630890789,0.7080359542,0.0269342455,0.0019407214,0.5566485887,0.7576687117,0.4981666250,0.4141104294,conformal,False,False,market observations archived; FRED macro series use downloaded historical vintage
wide-credit-2019-02-22,2019-02-22,current broad US credit-market distress state,current weekly evidence snapshot,"As of 2019-02-22, broad US credit conditions were summarized from independent market and lending channels. The Baa-minus-Treasury spread was 2.25 percentage points (0.03 pp lower over the latest week), while the Baa-minus-Aaa quality dispersion was 1.09 percentage points. Over four weeks, high-yield credit returned +0.4% relative to investment-grade credit, and investment-grade credit returned +1.1% relative to short Treasuries. High-yield drawdown from its 13-week peak was -0.0%, with 13-week annualized volatility of 8.8%. The Federal Reserve credit-conditions index was -0.04 and the St. Louis financial-stress index was -0.52. The latest conservatively lagged bank survey readings showed net tightening of 2.8% for large and middle-market C&I loans and 4.3% for small-firm C&I loans; the business-loan delinquency rate was 1.16%.",Normal,0.5338367718,0.4569787078,0.0085786761,0.0006058443,0.4925445150,0.7088414634,0.4395237888,0.3292682927,calibration,False,False,market observations archived; FRED macro series use downloaded historical vintage
wide-credit-2019-03-01,2019-03-01,current broad US credit-market distress state,current weekly evidence snapshot,"As of 2019-03-01, broad US credit conditions were summarized from independent market and lending channels. The Baa-minus-Treasury spread was 2.22 percentage points (0.03 pp lower over the latest week), while the Baa-minus-Aaa quality dispersion was 1.08 percentage points. Over four weeks, high-yield credit returned +1.7% relative to investment-grade credit, and investment-grade credit returned -0.3% relative to short Treasuries. High-yield drawdown from its 13-week peak was -0.0%, with 13-week annualized volatility of 8.7%. The Federal Reserve credit-conditions index was -0.05 and the St. Louis financial-stress index was -0.58. The latest conservatively lagged bank survey readings showed net tightening of 2.8% for large and middle-market C&I loans and 4.3% for small-firm C&I loans; the business-loan delinquency rate was 1.16%.",Normal,0.5948681880,0.3979541777,0.0067050655,0.0004725687,0.4788729945,0.6666666667,0.4669220138,0.3030303030,test,False,False,market observations archived; FRED macro series use downloaded historical vintage
wide-credit-2019-03-08,2019-03-08,current broad US credit-market distress state,current weekly evidence snapshot,"As of 2019-03-08, broad US credit conditions were summarized from independent market and lending channels. The Baa-minus-Treasury spread was 2.27 percentage points (0.05 pp higher over the latest week), while the Baa-minus-Aaa quality dispersion was 1.07 percentage points. Over four weeks, high-yield credit returned +0.5% relative to investment-grade credit, and investment-grade credit returned +0.2% relative to short Treasuries. High-yield drawdown from its 13-week peak was 0.6%, with 13-week annualized volatility of 8.7%. The Federal Reserve credit-conditions index was -0.05 and the St. Louis financial-stress index was -0.46. The latest conservatively lagged bank survey readings showed net tightening of 2.8% for large and middle-market C&I loans and 4.3% for small-firm C&I loans; the business-loan delinquency rate was 1.16%.",Elevated,0.2469081909,0.7217295047,0.0292493580,0.0021129465,0.5613343816,0.7153614458,0.6252682049,0.3433734940,conformal,False,False,market observations archived; FRED macro series use downloaded historical vintage
wide-credit-2019-03-15,2019-03-15,current broad US credit-market distress state,current weekly evidence snapshot,"As of 2019-03-15, broad US credit conditions were summarized from independent market and lending channels. The Baa-minus-Treasury spread was 2.28 percentage points (0.01 pp higher over the latest week), while the Baa-minus-Aaa quality dispersion was 1.05 percentage points. Over four weeks, high-yield credit returned +0.0% relative to investment-grade credit, and investment-grade credit returned +0.5% relative to short Treasuries. High-yield drawdown from its 13-week peak was -0.0%, with 13-week annualized volatility of 8.8%. The Federal Reserve credit-conditions index was -0.05 and the St. Louis financial-stress index was -0.56. The latest conservatively lagged bank survey readings showed net tightening of 2.8% for large and middle-market C&I loans and 4.3% for small-firm C&I loans; the business-loan delinquency rate was 1.16%.",Elevated,0.4395759631,0.5470710387,0.0124687111,0.0008842871,0.5133585740,0.7080838323,0.5310936861,0.3008982036,test,False,False,market observations archived; FRED macro series use downloaded historical vintage
wide-credit-2019-03-22,2019-03-22,current broad US credit-market distress state,current weekly evidence snapshot,"As of 2019-03-22, broad US credit conditions were summarized from independent market and lending channels. The Baa-minus-Treasury spread was 2.30 percentage points (0.02 pp higher over the latest week), while the Baa-minus-Aaa quality dispersion was 1.07 percentage points. Over four weeks, high-yield credit returned -1.4% relative to investment-grade credit, and investment-grade credit returned +1.7% relative to short Treasuries. High-yield drawdown from its 13-week peak was -0.0%, with 13-week annualized volatility of 4.9%. The Federal Reserve credit-conditions index was -0.05 and the St. Louis financial-stress index was -0.57. The latest conservatively lagged bank survey readings showed net tightening of 2.8% for large and middle-market C&I loans and 4.3% for small-firm C&I loans; the business-loan delinquency rate was 1.16%.",Normal,0.5664342857,0.4255058996,0.0075287232,0.0005310915,0.4852975266,0.7366071429,0.4216663893,0.2976190476,conformal,False,False,market observations archived; FRED macro series use downloaded historical vintage
wide-credit-2019-03-29,2019-03-29,current broad US credit-market distress state,current weekly evidence snapshot,"As of 2019-03-29, broad US credit conditions were summarized from independent market and lending channels. The Baa-minus-Treasury spread was 2.26 percentage points (0.04 pp lower over the latest week), while the Baa-minus-Aaa quality dispersion was 1.05 percentage points. Over four weeks, high-yield credit returned -2.0% relative to investment-grade credit, and investment-grade credit returned +2.4% relative to short Treasuries. High-yield drawdown from its 13-week peak was -0.0%, with 13-week annualized volatility of 4.8%. The Federal Reserve credit-conditions index was -0.05 and the St. Louis financial-stress index was -0.31. The latest conservatively lagged bank survey readings showed net tightening of 2.8% for large and middle-market C&I loans and 4.3% for small-firm C&I loans; the business-loan delinquency rate was 1.16%.",Normal,0.5121978840,0.4777935579,0.0093478440,0.0006607140,0.4973159330,0.6863905325,0.4105868521,0.3949704142,calibration,False,False,market observations archived; FRED macro series use downloaded historical vintage
wide-credit-2019-04-05,2019-04-05,current broad US credit-market distress state,current weekly evidence snapshot,"As of 2019-04-05, broad US credit conditions were summarized from independent market and lending channels. The Baa-minus-Treasury spread was 2.22 percentage points (0.04 pp lower over the latest week), while the Baa-minus-Aaa quality dispersion was 1.05 percentage points. Over four weeks, high-yield credit returned -0.2% relative to investment-grade credit, and investment-grade credit returned +1.8% relative to short Treasuries. High-yield drawdown from its 13-week peak was -0.0%, with 13-week annualized volatility of 4.2%. The Federal Reserve credit-conditions index was -0.06 and the St. Louis financial-stress index was -0.67. The latest conservatively lagged bank survey readings showed net tightening of 2.8% for large and middle-market C&I loans and 4.3% for small-firm C&I loans; the business-loan delinquency rate was 1.16%.",Normal,0.8607904472,0.1374957501,0.0016015447,0.0001122581,0.3997971104,0.6441176471,0.3140972137,0.2411764706,calibration,False,False,market observations archived; FRED macro series use downloaded historical vintage
wide-credit-2019-04-12,2019-04-12,current broad US credit-market distress state,current weekly evidence snapshot,"As of 2019-04-12, broad US credit conditions were summarized from independent market and lending channels. The Baa-minus-Treasury spread was 2.15 percentage points (0.07 pp lower over the latest week), while the Baa-minus-Aaa quality dispersion was 1.00 percentage points. Over four weeks, high-yield credit returned -0.3% relative to investment-grade credit, and investment-grade credit returned +1.9% relative to short Treasuries. High-yield drawdown from its 13-week peak was -0.0%, with 13-week annualized volatility of 3.0%. The Federal Reserve credit-conditions index was -0.06 and the St. Louis financial-stress index was -0.65. The latest conservatively lagged bank survey readings showed net tightening of 2.8% for large and middle-market C&I loans and 4.3% for small-firm C&I loans; the business-loan delinquency rate was 1.16%.",Normal,0.9202017365,0.0788785661,0.0008594998,0.0000601976,0.3655199850,0.5789473684,0.2632266218,0.2543859649,test,False,False,market observations archived; FRED macro series use downloaded historical vintage
wide-credit-2019-04-19,2019-04-19,current broad US credit-market distress state,current weekly evidence snapshot,"As of 2019-04-19, broad US credit conditions were summarized from independent market and lending channels. The Baa-minus-Treasury spread was 2.12 percentage points (0.03 pp lower over the latest week), while the Baa-minus-Aaa quality dispersion was 1.00 percentage points. Over four weeks, high-yield credit returned +1.1% relative to investment-grade credit, and investment-grade credit returned +0.3% relative to short Treasuries. High-yield drawdown from its 13-week peak was 0.3%, with 13-week annualized volatility of 3.2%. The Federal Reserve credit-conditions index was -0.06 and the St. Louis financial-stress index was -0.77. The latest conservatively lagged bank survey readings showed net tightening of 2.8% for large and middle-market C&I loans and 4.3% for small-firm C&I loans; the business-loan delinquency rate was 1.16%.",Normal,0.9173567008,0.0816878922,0.0008928701,0.0000625370,0.3676170550,0.5668604651,0.3426767464,0.1933139535,calibration,False,False,market observations archived; FRED macro series use downloaded historical vintage
wide-credit-2019-04-26,2019-04-26,current broad US credit-market distress state,current weekly evidence snapshot,"As of 2019-04-26, broad US credit conditions were summarized from independent market and lending channels. The Baa-minus-Treasury spread was 2.13 percentage points (0.01 pp higher over the latest week), while the Baa-minus-Aaa quality dispersion was 0.95 percentage points. Over four weeks, high-yield credit returned +0.2% relative to investment-grade credit, and investment-grade credit returned +0.6% relative to short Treasuries. High-yield drawdown from its 13-week peak was -0.0%, with 13-week annualized volatility of 3.1%. The Federal Reserve credit-conditions index was -0.06 and the St. Louis financial-stress index was -0.63. The latest conservatively lagged bank survey readings showed net tightening of 2.8% for large and middle-market C&I loans and 4.3% for small-firm C&I loans; the business-loan delinquency rate was 1.16%.",Normal,0.9082937280,0.0906356364,0.0010005487,0.0000700869,0.3738862627,0.5520231214,0.2965142795,0.2731213873,prompt_validation,False,False,market observations archived; FRED macro series use downloaded historical vintage
wide-credit-2019-05-03,2019-05-03,current broad US credit-market distress state,current weekly evidence snapshot,"As of 2019-05-03, broad US credit conditions were summarized from independent market and lending channels. The Baa-minus-Treasury spread was 2.11 percentage points (0.02 pp lower over the latest week), while the Baa-minus-Aaa quality dispersion was 0.92 percentage points. Over four weeks, high-yield credit returned -0.0% relative to investment-grade credit, and investment-grade credit returned +0.4% relative to short Treasuries. High-yield drawdown from its 13-week peak was 0.0%, with 13-week annualized volatility of 3.0%. The Federal Reserve credit-conditions index was -0.05 and the St. Louis financial-stress index was -0.67. The latest conservatively lagged bank survey readings showed net tightening of 2.8% for large and middle-market C&I loans and 4.3% for small-firm C&I loans; the business-loan delinquency rate was 1.16%.",Normal,0.8827393976,0.1158524754,0.0013159178,0.0000922092,0.3889752842,0.5143678161,0.3896270022,0.2629310345,test,False,False,market observations archived; FRED macro series use downloaded historical vintage
wide-credit-2019-05-10,2019-05-10,current broad US credit-market distress state,current weekly evidence snapshot,"As of 2019-05-10, broad US credit conditions were summarized from independent market and lending channels. The Baa-minus-Treasury spread was 2.20 percentage points (0.09 pp higher over the latest week), while the Baa-minus-Aaa quality dispersion was 0.95 percentage points. Over four weeks, high-yield credit returned -0.6% relative to investment-grade credit, and investment-grade credit returned -0.2% relative to short Treasuries. High-yield drawdown from its 13-week peak was 0.4%, with 13-week annualized volatility of 3.3%. The Federal Reserve credit-conditions index was -0.05 and the St. Louis financial-stress index was -0.37. The latest conservatively lagged bank survey readings showed net tightening of 2.8% for large and middle-market C&I loans and 4.3% for small-firm C&I loans; the business-loan delinquency rate was 1.16%.",Elevated,0.4161837877,0.5691436573,0.0136996668,0.0009728882,0.5186152597,0.5885714286,0.5544172078,0.4128571429,calibration,False,False,market observations archived; FRED macro series use downloaded historical vintage
wide-credit-2019-05-17,2019-05-17,current broad US credit-market distress state,current weekly evidence snapshot,"As of 2019-05-17, broad US credit conditions were summarized from independent market and lending channels. The Baa-minus-Treasury spread was 2.24 percentage points (0.04 pp higher over the latest week), while the Baa-minus-Aaa quality dispersion was 0.95 percentage points. Over four weeks, high-yield credit returned -1.3% relative to investment-grade credit, and investment-grade credit returned +0.4% relative to short Treasuries. High-yield drawdown from its 13-week peak was 0.8%, with 13-week annualized volatility of 3.3%. The Federal Reserve credit-conditions index was -0.04 and the St. Louis financial-stress index was -0.35. The latest conservatively lagged bank survey readings showed net tightening of -4.2% for large and middle-market C&I loans and 0.0% for small-firm C&I loans; the business-loan delinquency rate was 1.07%.",Elevated,0.3127810460,0.6644272898,0.0212687078,0.0015229564,0.5432932247,0.6278409091,0.5702205831,0.4318181818,calibration,False,False,market observations archived; FRED macro series use downloaded historical vintage
wide-credit-2019-05-24,2019-05-24,current broad US credit-market distress state,current weekly evidence snapshot,"As of 2019-05-24, broad US credit conditions were summarized from independent market and lending channels. The Baa-minus-Treasury spread was 2.31 percentage points (0.07 pp higher over the latest week), while the Baa-minus-Aaa quality dispersion was 0.99 percentage points. Over four weeks, high-yield credit returned -1.5% relative to investment-grade credit, and investment-grade credit returned +0.0% relative to short Treasuries. High-yield drawdown from its 13-week peak was 1.1%, with 13-week annualized volatility of 3.4%. The Federal Reserve credit-conditions index was -0.04 and the St. Louis financial-stress index was -0.47. The latest conservatively lagged bank survey readings showed net tightening of -4.2% for large and middle-market C&I loans and 0.0% for small-firm C&I loans; the business-loan delinquency rate was 1.07%.",Elevated,0.1907108495,0.7661842335,0.0401676362,0.0029372808,0.5794968827,0.7019774011,0.6495075971,0.3870056497,calibration,False,False,market observations archived; FRED macro series use downloaded historical vintage
wide-credit-2019-05-31,2019-05-31,current broad US credit-market distress state,current weekly evidence snapshot,"As of 2019-05-31, broad US credit conditions were summarized from independent market and lending channels. The Baa-minus-Treasury spread was 2.37 percentage points (0.06 pp higher over the latest week), while the Baa-minus-Aaa quality dispersion was 1.00 percentage points. Over four weeks, high-yield credit returned -3.5% relative to investment-grade credit, and investment-grade credit returned +0.8% relative to short Treasuries. High-yield drawdown from its 13-week peak was 2.0%, with 13-week annualized volatility of 3.8%. The Federal Reserve credit-conditions index was -0.04 and the St. Louis financial-stress index was -0.17. The latest conservatively lagged bank survey readings showed net tightening of -4.2% for large and middle-market C&I loans and 0.0% for small-firm C&I loans; the business-loan delinquency rate was 1.07%.",Elevated,0.0999375740,0.8128006146,0.0810483783,0.0062134331,0.6208855116,0.7191011236,0.6351284448,0.5084269663,prompt_validation,False,False,market observations archived; FRED macro series use downloaded historical vintage
wide-credit-2019-06-07,2019-06-07,current broad US credit-market distress state,current weekly evidence snapshot,"As of 2019-06-07, broad US credit conditions were summarized from independent market and lending channels. The Baa-minus-Treasury spread was 2.42 percentage points (0.05 pp higher over the latest week), while the Baa-minus-Aaa quality dispersion was 1.03 percentage points. Over four weeks, high-yield credit returned -2.2% relative to investment-grade credit, and investment-grade credit returned +1.7% relative to short Treasuries. High-yield drawdown from its 13-week peak was 0.1%, with 13-week annualized volatility of 5.1%. The Federal Reserve credit-conditions index was -0.04 and the St. Louis financial-stress index was -0.20. The latest conservatively lagged bank survey readings showed net tightening of -4.2% for large and middle-market C&I loans and 0.0% for small-firm C&I loans; the business-loan delinquency rate was 1.07%.",Elevated,0.1771208853,0.7758795807,0.0437846708,0.0032148632,0.5844787261,0.7374301676,0.5118160667,0.5041899441,test,False,False,market observations archived; FRED macro series use downloaded historical vintage
wide-credit-2019-06-14,2019-06-14,current broad US credit-market distress state,current weekly evidence snapshot,"As of 2019-06-14, broad US credit conditions were summarized from independent market and lending channels. The Baa-minus-Treasury spread was 2.42 percentage points (unchanged over the latest week), while the Baa-minus-Aaa quality dispersion was 1.02 percentage points. Over four weeks, high-yield credit returned -1.5% relative to investment-grade credit, and investment-grade credit returned +1.7% relative to short Treasuries. High-yield drawdown from its 13-week peak was -0.0%, with 13-week annualized volatility of 5.0%. The Federal Reserve credit-conditions index was -0.03 and the St. Louis financial-stress index was -0.43. The latest conservatively lagged bank survey readings showed net tightening of -4.2% for large and middle-market C&I loans and 0.0% for small-firm C&I loans; the business-loan delinquency rate was 1.07%.",Elevated,0.3438760420,0.6362717098,0.0185294191,0.0013228292,0.5355337665,0.7347222222,0.4413235218,0.4305555556,test,False,False,market observations archived; FRED macro series use downloaded historical vintage
wide-credit-2019-06-21,2019-06-21,current broad US credit-market distress state,current weekly evidence snapshot,"As of 2019-06-21, broad US credit conditions were summarized from independent market and lending channels. The Baa-minus-Treasury spread was 2.35 percentage points (0.07 pp lower over the latest week), while the Baa-minus-Aaa quality dispersion was 1.06 percentage points. Over four weeks, high-yield credit returned -1.1% relative to investment-grade credit, and investment-grade credit returned +2.8% relative to short Treasuries. High-yield drawdown from its 13-week peak was -0.0%, with 13-week annualized volatility of 5.4%. The Federal Reserve credit-conditions index was -0.03 and the St. Louis financial-stress index was -0.33. The latest conservatively lagged bank survey readings showed net tightening of -4.2% for large and middle-market C&I loans and 0.0% for small-firm C&I loans; the business-loan delinquency rate was 1.07%.",Elevated,0.2901968021,0.6844958183,0.0236122489,0.0016951307,0.5491935634,0.7555248619,0.4224425686,0.4696132597,conformal,False,False,market observations archived; FRED macro series use downloaded historical vintage
wide-credit-2019-06-28,2019-06-28,current broad US credit-market distress state,current weekly evidence snapshot,"As of 2019-06-28, broad US credit conditions were summarized from independent market and lending channels. The Baa-minus-Treasury spread was 2.31 percentage points (0.04 pp lower over the latest week), while the Baa-minus-Aaa quality dispersion was 1.06 percentage points. Over four weeks, high-yield credit returned -0.1% relative to investment-grade credit, and investment-grade credit returned +2.8% relative to short Treasuries. High-yield drawdown from its 13-week peak was 0.2%, with 13-week annualized volatility of 5.3%. The Federal Reserve credit-conditions index was -0.03 and the St. Louis financial-stress index was -0.33. The latest conservatively lagged bank survey readings showed net tightening of -4.2% for large and middle-market C&I loans and 0.0% for small-firm C&I loans; the business-loan delinquency rate was 1.07%.",Elevated,0.2960503554,0.6793298670,0.0229717883,0.0016479893,0.5476397497,0.7445054945,0.4245126556,0.4739010989,calibration,False,False,market observations archived; FRED macro series use downloaded historical vintage
wide-credit-2019-07-05,2019-07-05,current broad US credit-market distress state,current weekly evidence snapshot,"As of 2019-07-05, broad US credit conditions were summarized from independent market and lending channels. The Baa-minus-Treasury spread was 2.26 percentage points (0.05 pp lower over the latest week), while the Baa-minus-Aaa quality dispersion was 1.04 percentage points. Over four weeks, high-yield credit returned -0.7% relative to investment-grade credit, and investment-grade credit returned +2.1% relative to short Treasuries. High-yield drawdown from its 13-week peak was -0.0%, with 13-week annualized volatility of 5.3%. The Federal Reserve credit-conditions index was -0.03 and the St. Louis financial-stress index was -0.52. The latest conservatively lagged bank survey readings showed net tightening of -4.2% for large and middle-market C&I loans and 0.0% for small-firm C&I loans; the business-loan delinquency rate was 1.07%.",Normal,0.5458769125,0.4453693286,0.0081765636,0.0005771953,0.4898786120,0.6748633880,0.4067943060,0.3879781421,calibration,False,False,market observations archived; FRED macro series use downloaded historical vintage
wide-credit-2019-07-12,2019-07-12,current broad US credit-market distress state,current weekly evidence snapshot,"As of 2019-07-12, broad US credit conditions were summarized from independent market and lending channels. The Baa-minus-Treasury spread was 2.25 percentage points (0.01 pp lower over the latest week), while the Baa-minus-Aaa quality dispersion was 1.03 percentage points. Over four weeks, high-yield credit returned -0.2% relative to investment-grade credit, and investment-grade credit returned +1.3% relative to short Treasuries. High-yield drawdown from its 13-week peak was 0.1%, with 13-week annualized volatility of 5.2%. The Federal Reserve credit-conditions index was -0.03 and the St. Louis financial-stress index was -0.45. The latest conservatively lagged bank survey readings showed net tightening of -4.2% for large and middle-market C&I loans and 0.0% for small-firm C&I loans; the business-loan delinquency rate was 1.07%.",Elevated,0.4273653473,0.5586104319,0.0130948924,0.0009293284,0.5160934756,0.6589673913,0.4518130355,0.4375000000,conformal,False,False,market observations archived; FRED macro series use downloaded historical vintage
wide-credit-2019-07-19,2019-07-19,current broad US credit-market distress state,current weekly evidence snapshot,"As of 2019-07-19, broad US credit conditions were summarized from independent market and lending channels. The Baa-minus-Treasury spread was 2.26 percentage points (0.01 pp higher over the latest week), while the Baa-minus-Aaa quality dispersion was 1.00 percentage points. Over four weeks, high-yield credit returned -0.8% relative to investment-grade credit, and investment-grade credit returned +0.4% relative to short Treasuries. High-yield drawdown from its 13-week peak was 0.5%, with 13-week annualized volatility of 5.2%. The Federal Reserve credit-conditions index was -0.02 and the St. Louis financial-stress index was -0.36. The latest conservatively lagged bank survey readings showed net tightening of -4.2% for large and middle-market C&I loans and 0.0% for small-firm C&I loans; the business-loan delinquency rate was 1.07%.",Elevated,0.1730422775,0.7786769616,0.0449741179,0.0033066431,0.5860319696,0.6445945946,0.6256634764,0.4878378378,prompt_validation,False,False,market observations archived; FRED macro series use downloaded historical vintage
wide-credit-2019-07-26,2019-07-26,current broad US credit-market distress state,current weekly evidence snapshot,"As of 2019-07-26, broad US credit conditions were summarized from independent market and lending channels. The Baa-minus-Treasury spread was 2.13 percentage points (0.13 pp lower over the latest week), while the Baa-minus-Aaa quality dispersion was 0.90 percentage points. Over four weeks, high-yield credit returned +0.2% relative to investment-grade credit, and investment-grade credit returned +0.3% relative to short Treasuries. High-yield drawdown from its 13-week peak was -0.0%, with 13-week annualized volatility of 5.4%. The Federal Reserve credit-conditions index was -0.01 and the St. Louis financial-stress index was -0.49. The latest conservatively lagged bank survey readings showed net tightening of -4.2% for large and middle-market C&I loans and 0.0% for small-firm C&I loans; the business-loan delinquency rate was 1.07%.",Normal,0.7026774410,0.2928509925,0.0041779104,0.0002936561,0.4526955809,0.4677419355,0.4548609362,0.4354838710,test,False,False,market observations archived; FRED macro series use downloaded historical vintage
wide-credit-2019-08-02,2019-08-02,current broad US credit-market distress state,current weekly evidence snapshot,"As of 2019-08-02, broad US credit conditions were summarized from independent market and lending channels. The Baa-minus-Treasury spread was 2.18 percentage points (0.05 pp higher over the latest week), while the Baa-minus-Aaa quality dispersion was 0.87 percentage points. Over four weeks, high-yield credit returned -1.6% relative to investment-grade credit, and investment-grade credit returned +0.9% relative to short Treasuries. High-yield drawdown from its 13-week peak was 0.5%, with 13-week annualized volatility of 5.5%. The Federal Reserve credit-conditions index was -0.01 and the St. Louis financial-stress index was -0.26. The latest conservatively lagged bank survey readings showed net tightening of -4.2% for large and middle-market C&I loans and 0.0% for small-firm C&I loans; the business-loan delinquency rate was 1.07%.",Elevated,0.3083716657,0.6683734736,0.0217002655,0.0015545952,0.5444258628,0.4558823529,0.6252561980,0.5521390374,calibration,False,False,market observations archived; FRED macro series use downloaded historical vintage
wide-credit-2019-08-09,2019-08-09,current broad US credit-market distress state,current weekly evidence snapshot,"As of 2019-08-09, broad US credit conditions were summarized from independent market and lending channels. The Baa-minus-Treasury spread was 2.23 percentage points (0.05 pp higher over the latest week), while the Baa-minus-Aaa quality dispersion was 0.88 percentage points. Over four weeks, high-yield credit returned -2.9% relative to investment-grade credit, and investment-grade credit returned +2.1% relative to short Treasuries. High-yield drawdown from its 13-week peak was 0.6%, with 13-week annualized volatility of 5.4%. The Federal Reserve credit-conditions index was 0.00 and the St. Louis financial-stress index was 0.26. The latest conservatively lagged bank survey readings showed net tightening of -4.2% for large and middle-market C&I loans and 0.0% for small-firm C&I loans; the business-loan delinquency rate was 1.07%.",Elevated,0.1113879298,0.8105384213,0.0725659501,0.0055076988,0.6142152991,0.4960106383,0.5939756846,0.7526595745,test,False,False,market observations archived; FRED macro series use downloaded historical vintage
wide-credit-2019-08-16,2019-08-16,current broad US credit-market distress state,current weekly evidence snapshot,"As of 2019-08-16, broad US credit conditions were summarized from independent market and lending channels. The Baa-minus-Treasury spread was 2.26 percentage points (0.03 pp higher over the latest week), while the Baa-minus-Aaa quality dispersion was 0.90 percentage points. Over four weeks, high-yield credit returned -3.6% relative to investment-grade credit, and investment-grade credit returned +2.8% relative to short Treasuries. High-yield drawdown from its 13-week peak was 0.8%, with 13-week annualized volatility of 5.4%. The Federal Reserve credit-conditions index was 0.01 and the St. Louis financial-stress index was 0.21. The latest conservatively lagged bank survey readings showed net tightening of -2.8% for large and middle-market C&I loans and -5.8% for small-firm C&I loans; the business-loan delinquency rate was 1.12%.",Elevated,0.0840878388,0.8122700495,0.0961372327,0.0075048790,0.6313432183,0.5634920635,0.5924423533,0.7380952381,prompt_validation,False,False,market observations archived; FRED macro series use downloaded historical vintage
wide-credit-2019-08-23,2019-08-23,current broad US credit-market distress state,current weekly evidence snapshot,"As of 2019-08-23, broad US credit conditions were summarized from independent market and lending channels. The Baa-minus-Treasury spread was 2.27 percentage points (0.01 pp higher over the latest week), while the Baa-minus-Aaa quality dispersion was 0.91 percentage points. Over four weeks, high-yield credit returned -3.7% relative to investment-grade credit, and investment-grade credit returned +2.7% relative to short Treasuries. High-yield drawdown from its 13-week peak was 0.3%, with 13-week annualized volatility of 5.3%. The Federal Reserve credit-conditions index was 0.02 and the St. Louis financial-stress index was -0.09. The latest conservatively lagged bank survey readings showed net tightening of -2.8% for large and middle-market C&I loans and -5.8% for small-firm C&I loans; the business-loan delinquency rate was 1.12%.",Elevated,0.1405271630,0.7985068811,0.0567380385,0.0042279175,0.5996005131,0.5986842105,0.5382752236,0.6618421053,test,False,False,market observations archived; FRED macro series use downloaded historical vintage
wide-credit-2019-08-30,2019-08-30,current broad US credit-market distress state,current weekly evidence snapshot,"As of 2019-08-30, broad US credit conditions were summarized from independent market and lending channels. The Baa-minus-Treasury spread was 2.26 percentage points (0.01 pp lower over the latest week), while the Baa-minus-Aaa quality dispersion was 0.91 percentage points. Over four weeks, high-yield credit returned -2.0% relative to investment-grade credit, and investment-grade credit returned +2.4% relative to short Treasuries. High-yield drawdown from its 13-week peak was -0.0%, with 13-week annualized volatility of 4.9%. The Federal Reserve credit-conditions index was 0.03 and the St. Louis financial-stress index was -0.04. The latest conservatively lagged bank survey readings showed net tightening of -2.8% for large and middle-market C&I loans and -5.8% for small-firm C&I loans; the business-loan delinquency rate was 1.12%.",Elevated,0.2601789549,0.7105206457,0.0273302791,0.0019701203,0.5574771254,0.5824607330,0.4119601720,0.6780104712,calibration,False,False,market observations archived; FRED macro series use downloaded historical vintage
wide-credit-2019-09-06,2019-09-06,current broad US credit-market distress state,current weekly evidence snapshot,"As of 2019-09-06, broad US credit conditions were summarized from independent market and lending channels. The Baa-minus-Treasury spread was 2.26 percentage points (unchanged over the latest week), while the Baa-minus-Aaa quality dispersion was 0.90 percentage points. Over four weeks, high-yield credit returned -0.5% relative to investment-grade credit, and investment-grade credit returned +1.7% relative to short Treasuries. High-yield drawdown from its 13-week peak was -0.0%, with 13-week annualized volatility of 3.5%. The Federal Reserve credit-conditions index was 0.03 and the St. Louis financial-stress index was -0.09. The latest conservatively lagged bank survey readings showed net tightening of -2.8% for large and middle-market C&I loans and -5.8% for small-firm C&I loans; the business-loan delinquency rate was 1.12%.",Elevated,0.4452210999,0.5417240649,0.0121905375,0.0008642977,0.5120999254,0.5585937500,0.3188518596,0.6588541667,calibration,False,False,market observations archived; FRED macro series use downloaded historical vintage
wide-credit-2019-09-13,2019-09-13,current broad US credit-market distress state,current weekly evidence snapshot,"As of 2019-09-13, broad US credit conditions were summarized from independent market and lending channels. The Baa-minus-Treasury spread was 2.21 percentage points (0.05 pp lower over the latest week), while the Baa-minus-Aaa quality dispersion was 0.86 percentage points. Over four weeks, high-yield credit returned +3.9% relative to investment-grade credit, and investment-grade credit returned -1.7% relative to short Treasuries. High-yield drawdown from its 13-week peak was -0.0%, with 13-week annualized volatility of 3.6%. The Federal Reserve credit-conditions index was 0.03 and the St. Louis financial-stress index was -0.35. The latest conservatively lagged bank survey readings showed net tightening of -2.8% for large and middle-market C&I loans and -5.8% for small-firm C&I loans; the business-loan delinquency rate was 1.12%.",Normal,0.7033578886,0.2921850297,0.0041643809,0.0002927008,0.4525163303,0.4430051813,0.3562536540,0.5582901554,calibration,False,False,market observations archived; FRED macro series use downloaded historical vintage
wide-credit-2019-09-20,2019-09-20,current broad US credit-market distress state,current weekly evidence snapshot,"As of 2019-09-20, broad US credit conditions were summarized from independent market and lending channels. The Baa-minus-Treasury spread was 2.19 percentage points (0.02 pp lower over the latest week), while the Baa-minus-Aaa quality dispersion was 0.90 percentage points. Over four weeks, high-yield credit returned +2.2% relative to investment-grade credit, and investment-grade credit returned -0.4% relative to short Treasuries. High-yield drawdown from its 13-week peak was -0.0%, with 13-week annualized volatility of 2.8%. The Federal Reserve credit-conditions index was 0.03 and the St. Louis financial-stress index was -0.15. The latest conservatively lagged bank survey readings showed net tightening of -2.8% for large and middle-market C&I loans and -5.8% for small-firm C&I loans; the business-loan delinquency rate was 1.12%.",Normal,0.6789825850,0.3160236290,0.0046656740,0.0003281120,0.4587994942,0.4909793814,0.2591304414,0.6262886598,calibration,False,False,market observations archived; FRED macro series use downloaded historical vintage
wide-credit-2019-09-27,2019-09-27,current broad US credit-market distress state,current weekly evidence snapshot,"As of 2019-09-27, broad US credit conditions were summarized from independent market and lending channels. The Baa-minus-Treasury spread was 2.19 percentage points (unchanged over the latest week), while the Baa-minus-Aaa quality dispersion was 0.88 percentage points. Over four weeks, high-yield credit returned +1.4% relative to investment-grade credit, and investment-grade credit returned -0.9% relative to short Treasuries. High-yield drawdown from its 13-week peak was 0.5%, with 13-week annualized volatility of 3.0%. The Federal Reserve credit-conditions index was 0.02 and the St. Louis financial-stress index was 0.11. The latest conservatively lagged bank survey readings showed net tightening of -2.8% for large and middle-market C&I loans and -5.8% for small-firm C&I loans; the business-loan delinquency rate was 1.12%.",Elevated,0.3683428025,0.6137787956,0.0166893325,0.0011890695,0.5296633043,0.4564102564,0.4197591436,0.7128205128,calibration,False,False,market observations archived; FRED macro series use downloaded historical vintage
wide-credit-2019-10-04,2019-10-04,current broad US credit-market distress state,current weekly evidence snapshot,"As of 2019-10-04, broad US credit conditions were summarized from independent market and lending channels. The Baa-minus-Treasury spread was 2.29 percentage points (0.10 pp higher over the latest week), while the Baa-minus-Aaa quality dispersion was 0.93 percentage points. Over four weeks, high-yield credit returned -0.8% relative to investment-grade credit, and investment-grade credit returned +0.1% relative to short Treasuries. High-yield drawdown from its 13-week peak was 0.8%, with 13-week annualized volatility of 3.1%. The Federal Reserve credit-conditions index was 0.01 and the St. Louis financial-stress index was 0.37. The latest conservatively lagged bank survey readings showed net tightening of -2.8% for large and middle-market C&I loans and -5.8% for small-firm C&I loans; the business-loan delinquency rate was 1.12%.",Elevated,0.0457504556,0.7729742542,0.1670022060,0.0142730843,0.6670747905,0.6492346939,0.5662753920,0.7857142857,calibration,False,False,market observations archived; FRED macro series use downloaded historical vintage
wide-credit-2019-10-11,2019-10-11,current broad US credit-market distress state,current weekly evidence snapshot,"As of 2019-10-11, broad US credit conditions were summarized from independent market and lending channels. The Baa-minus-Treasury spread was 2.22 percentage points (0.07 pp lower over the latest week), while the Baa-minus-Aaa quality dispersion was 0.92 percentage points. Over four weeks, high-yield credit returned -1.8% relative to investment-grade credit, and investment-grade credit returned +1.3% relative to short Treasuries. High-yield drawdown from its 13-week peak was 0.4%, with 13-week annualized volatility of 3.2%. The Federal Reserve credit-conditions index was 0.00 and the St. Louis financial-stress index was 0.14. The latest conservatively lagged bank survey readings showed net tightening of -2.8% for large and middle-market C&I loans and -5.8% for small-firm C&I loans; the business-loan delinquency rate was 1.12%.",Elevated,0.2128290455,0.7493922299,0.0352176681,0.0025610565,0.5719375914,0.5532994924,0.4620056677,0.7005076142,calibration,False,False,market observations archived; FRED macro series use downloaded historical vintage
wide-credit-2019-10-18,2019-10-18,current broad US credit-market distress state,current weekly evidence snapshot,"As of 2019-10-18, broad US credit conditions were summarized from independent market and lending channels. The Baa-minus-Treasury spread was 2.21 percentage points (0.01 pp lower over the latest week), while the Baa-minus-Aaa quality dispersion was 0.94 percentage points. Over four weeks, high-yield credit returned -0.3% relative to investment-grade credit, and investment-grade credit returned -0.1% relative to short Treasuries. High-yield drawdown from its 13-week peak was 0.0%, with 13-week annualized volatility of 3.1%. The Federal Reserve credit-conditions index was -0.01 and the St. Louis financial-stress index was -0.13. The latest conservatively lagged bank survey readings showed net tightening of -2.8% for large and middle-market C&I loans and -5.8% for small-firm C&I loans; the business-loan delinquency rate was 1.12%.",Elevated,0.3758116678,0.6068626962,0.0161739354,0.0011517006,0.5279050202,0.5555555556,0.4498766766,0.5782828283,test,False,False,market observations archived; FRED macro series use downloaded historical vintage
wide-credit-2019-10-25,2019-10-25,current broad US credit-market distress state,current weekly evidence snapshot,"As of 2019-10-25, broad US credit conditions were summarized from independent market and lending channels. The Baa-minus-Treasury spread was 2.16 percentage points (0.05 pp lower over the latest week), while the Baa-minus-Aaa quality dispersion was 0.92 percentage points. Over four weeks, high-yield credit returned +0.4% relative to investment-grade credit, and investment-grade credit returned +0.2% relative to short Treasuries. High-yield drawdown from its 13-week peak was -0.0%, with 13-week annualized volatility of 2.9%. The Federal Reserve credit-conditions index was -0.01 and the St. Louis financial-stress index was -0.13. The latest conservatively lagged bank survey readings showed net tightening of -2.8% for large and middle-market C&I loans and -5.8% for small-firm C&I loans; the business-loan delinquency rate was 1.12%.",Normal,0.6845787266,0.3105540332,0.0045474808,0.0003197594,0.4573808008,0.5100502513,0.2980217995,0.5640703518,calibration,False,False,market observations archived; FRED macro series use downloaded historical vintage
wide-credit-2019-11-01,2019-11-01,current broad US credit-market distress state,current weekly evidence snapshot,"As of 2019-11-01, broad US credit conditions were summarized from independent market and lending channels. The Baa-minus-Treasury spread was 2.16 percentage points (unchanged over the latest week), while the Baa-minus-Aaa quality dispersion was 0.87 percentage points. Over four weeks, high-yield credit returned +1.2% relative to investment-grade credit, and investment-grade credit returned -0.2% relative to short Treasuries. High-yield drawdown from its 13-week peak was 0.2%, with 13-week annualized volatility of 2.7%. The Federal Reserve credit-conditions index was -0.02 and the St. Louis financial-stress index was -0.06. The latest conservatively lagged bank survey readings showed net tightening of -2.8% for large and middle-market C&I loans and -5.8% for small-firm C&I loans; the business-loan delinquency rate was 1.12%.",Normal,0.7151827221,0.2806075756,0.0039333112,0.0002763910,0.4493620379,0.4250000000,0.3405861136,0.5825000000,conformal,False,False,market observations archived; FRED macro series use downloaded historical vintage
wide-credit-2019-11-08,2019-11-08,current broad US credit-market distress state,current weekly evidence snapshot,"As of 2019-11-08, broad US credit conditions were summarized from independent market and lending channels. The Baa-minus-Treasury spread was 2.11 percentage points (0.05 pp lower over the latest week), while the Baa-minus-Aaa quality dispersion was 0.88 percentage points. Over four weeks, high-yield credit returned +0.9% relative to investment-grade credit, and investment-grade credit returned -0.4% relative to short Treasuries. High-yield drawdown from its 13-week peak was 0.2%, with 13-week annualized volatility of 2.6%. The Federal Reserve credit-conditions index was -0.02 and the St. Louis financial-stress index was -0.10. The latest conservatively lagged bank survey readings showed net tightening of -2.8% for large and middle-market C&I loans and -5.8% for small-firm C&I loans; the business-loan delinquency rate was 1.12%.",Normal,0.7360605672,0.2601473755,0.0035431847,0.0002488727,0.4435923986,0.4042288557,0.3743095342,0.5522388060,test,False,False,market observations archived; FRED macro series use downloaded historical vintage
wide-credit-2019-11-15,2019-11-15,current broad US credit-market distress state,current weekly evidence snapshot,"As of 2019-11-15, broad US credit conditions were summarized from independent market and lending channels. The Baa-minus-Treasury spread was 2.13 percentage points (0.02 pp higher over the latest week), while the Baa-minus-Aaa quality dispersion was 0.87 percentage points. Over four weeks, high-yield credit returned +0.2% relative to investment-grade credit, and investment-grade credit returned -0.0% relative to short Treasuries. High-yield drawdown from its 13-week peak was 0.1%, with 13-week annualized volatility of 2.5%. The Federal Reserve credit-conditions index was -0.02 and the St. Louis financial-stress index was -0.10. The latest conservatively lagged bank survey readings showed net tightening of 5.4% for large and middle-market C&I loans and 5.6% for small-firm C&I loans; the business-loan delinquency rate was 1.09%.",Normal,0.7309267230,0.2651807012,0.0036370820,0.0002554938,0.4450368794,0.4022277228,0.3883284600,0.5445544554,calibration,False,False,market observations archived; FRED macro series use downloaded historical vintage
wide-credit-2019-11-22,2019-11-22,current broad US credit-market distress state,current weekly evidence snapshot,"As of 2019-11-22, broad US credit conditions were summarized from independent market and lending channels. The Baa-minus-Treasury spread was 2.14 percentage points (0.01 pp higher over the latest week), while the Baa-minus-Aaa quality dispersion was 0.88 percentage points. Over four weeks, high-yield credit returned -0.9% relative to investment-grade credit, and investment-grade credit returned +0.4% relative to short Treasuries. High-yield drawdown from its 13-week peak was 0.4%, with 13-week annualized volatility of 2.6%. The Federal Reserve credit-conditions index was -0.03 and the St. Louis financial-stress index was -0.05. The latest conservatively lagged bank survey readings showed net tightening of 5.4% for large and middle-market C&I loans and 5.6% for small-firm C&I loans; the business-loan delinquency rate was 1.09%.",Normal,0.5273496090,0.4632257872,0.0088027820,0.0006218218,0.4939770743,0.4359605911,0.4757735876,0.5701970443,calibration,False,False,market observations archived; FRED macro series use downloaded historical vintage
wide-credit-2019-11-29,2019-11-29,current broad US credit-market distress state,current weekly evidence snapshot,"As of 2019-11-29, broad US credit conditions were summarized from independent market and lending channels. The Baa-minus-Treasury spread was 2.08 percentage points (0.06 pp lower over the latest week), while the Baa-minus-Aaa quality dispersion was 0.91 percentage points. Over four weeks, high-yield credit returned -0.2% relative to investment-grade credit, and investment-grade credit returned +0.4% relative to short Treasuries. High-yield drawdown from its 13-week peak was 0.1%, with 13-week annualized volatility of 2.3%. The Federal Reserve credit-conditions index was -0.03 and the St. Louis financial-stress index was -0.19. The latest conservatively lagged bank survey readings showed net tightening of 5.4% for large and middle-market C&I loans and 5.6% for small-firm C&I loans; the business-loan delinquency rate was 1.09%.",Normal,0.7119853711,0.2837388354,0.0039950457,0.0002807477,0.4502224650,0.4607843137,0.3874321008,0.5024509804,test,False,False,market observations archived; FRED macro series use downloaded historical vintage
wide-credit-2019-12-06,2019-12-06,current broad US credit-market distress state,current weekly evidence snapshot,"As of 2019-12-06, broad US credit conditions were summarized from independent market and lending channels. The Baa-minus-Treasury spread was 2.07 percentage points (0.01 pp lower over the latest week), while the Baa-minus-Aaa quality dispersion was 0.88 percentage points. Over four weeks, high-yield credit returned -1.3% relative to investment-grade credit, and investment-grade credit returned +1.6% relative to short Treasuries. High-yield drawdown from its 13-week peak was -0.0%, with 13-week annualized volatility of 2.3%. The Federal Reserve credit-conditions index was -0.03 and the St. Louis financial-stress index was -0.09. The latest conservatively lagged bank survey readings showed net tightening of 5.4% for large and middle-market C&I loans and 5.6% for small-firm C&I loans; the business-loan delinquency rate was 1.09%.",Normal,0.8321337192,0.1657294236,0.0019968327,0.0001400246,0.4119546012,0.3890243902,0.3041564864,0.5426829268,test,False,False,market observations archived; FRED macro series use downloaded historical vintage
wide-credit-2019-12-13,2019-12-13,current broad US credit-market distress state,current weekly evidence snapshot,"As of 2019-12-13, broad US credit conditions were summarized from independent market and lending channels. The Baa-minus-Treasury spread was 2.02 percentage points (0.05 pp lower over the latest week), while the Baa-minus-Aaa quality dispersion was 0.87 percentage points. Over four weeks, high-yield credit returned -0.3% relative to investment-grade credit, and investment-grade credit returned +1.4% relative to short Treasuries. High-yield drawdown from its 13-week peak was -0.0%, with 13-week annualized volatility of 2.6%. The Federal Reserve credit-conditions index was -0.03 and the St. Louis financial-stress index was -0.27. The latest conservatively lagged bank survey readings showed net tightening of 5.4% for large and middle-market C&I loans and 5.6% for small-firm C&I loans; the business-loan delinquency rate was 1.09%.",Normal,0.9278970512,0.0712787550,0.0007702521,0.0000539417,0.3594845783,0.3652912621,0.2665605311,0.4466019417,test,False,False,market observations archived; FRED macro series use downloaded historical vintage
wide-credit-2019-12-20,2019-12-20,current broad US credit-market distress state,current weekly evidence snapshot,"As of 2019-12-20, broad US credit conditions were summarized from independent market and lending channels. The Baa-minus-Treasury spread was 1.96 percentage points (0.06 pp lower over the latest week), while the Baa-minus-Aaa quality dispersion was 0.87 percentage points. Over four weeks, high-yield credit returned +1.3% relative to investment-grade credit, and investment-grade credit returned +0.6% relative to short Treasuries. High-yield drawdown from its 13-week peak was -0.0%, with 13-week annualized volatility of 2.7%. The Federal Reserve credit-conditions index was -0.04 and the St. Louis financial-stress index was -0.37. The latest conservatively lagged bank survey readings showed net tightening of 5.4% for large and middle-market C&I loans and 5.6% for small-firm C&I loans; the business-loan delinquency rate was 1.09%.",Normal,0.9691029055,0.0305587688,0.0003161931,0.0000221326,0.3104860241,0.3357487923,0.2068203911,0.3888888889,calibration,False,False,market observations archived; FRED macro series use downloaded historical vintage
wide-credit-2019-12-27,2019-12-27,current broad US credit-market distress state,current weekly evidence snapshot,"As of 2019-12-27, broad US credit conditions were summarized from independent market and lending channels. The Baa-minus-Treasury spread was 1.96 percentage points (unchanged over the latest week), while the Baa-minus-Aaa quality dispersion was 0.86 percentage points. Over four weeks, high-yield credit returned +1.1% relative to investment-grade credit, and investment-grade credit returned +0.6% relative to short Treasuries. High-yield drawdown from its 13-week peak was -0.0%, with 13-week annualized volatility of 2.4%. The Federal Reserve credit-conditions index was -0.05 and the St. Louis financial-stress index was -0.18. The latest conservatively lagged bank survey readings showed net tightening of 5.4% for large and middle-market C&I loans and 5.6% for small-firm C&I loans; the business-loan delinquency rate was 1.09%.",Normal,0.9627577536,0.0368317828,0.0003836101,0.0000268536,0.3211203071,0.3245192308,0.2061493828,0.4326923077,test,False,False,market observations archived; FRED macro series use downloaded historical vintage
wide-credit-2020-01-03,2020-01-03,current broad US credit-market distress state,current weekly evidence snapshot,"As of 2020-01-03, broad US credit conditions were summarized from independent market and lending channels. The Baa-minus-Treasury spread was 1.99 percentage points (0.03 pp higher over the latest week), while the Baa-minus-Aaa quality dispersion was 0.85 percentage points. Over four weeks, high-yield credit returned +0.8% relative to investment-grade credit, and investment-grade credit returned +0.7% relative to short Treasuries. High-yield drawdown from its 13-week peak was -0.0%, with 13-week annualized volatility of 2.1%. The Federal Reserve credit-conditions index was -0.07 and the St. Louis financial-stress index was -0.23. The latest conservatively lagged bank survey readings showed net tightening of 5.4% for large and middle-market C&I loans and 5.6% for small-firm C&I loans; the business-loan delinquency rate was 1.09%.",Normal,0.9756449904,0.0240900891,0.0002475911,0.0000173294,0.2970301330,0.3337320574,0.2128607339,0.3444976077,conformal,False,False,market observations archived; FRED macro series use downloaded historical vintage
wide-credit-2020-01-10,2020-01-10,current broad US credit-market distress state,current weekly evidence snapshot,"As of 2020-01-10, broad US credit conditions were summarized from independent market and lending channels. The Baa-minus-Treasury spread was 1.99 percentage points (unchanged over the latest week), while the Baa-minus-Aaa quality dispersion was 0.83 percentage points. Over four weeks, high-yield credit returned +0.7% relative to investment-grade credit, and investment-grade credit returned +0.3% relative to short Treasuries. High-yield drawdown from its 13-week peak was -0.0%, with 13-week annualized volatility of 2.0%. The Federal Reserve credit-conditions index was -0.08 and the St. Louis financial-stress index was -0.35. The latest conservatively lagged bank survey readings showed net tightening of 5.4% for large and middle-market C&I loans and 5.6% for small-firm C&I loans; the business-loan delinquency rate was 1.09%.",Normal,0.9823201274,0.0174888533,0.0001785249,0.0000124944,0.2790380282,0.3226190476,0.2573521798,0.2571428571,calibration,False,False,market observations archived; FRED macro series use downloaded historical vintage
wide-credit-2020-01-17,2020-01-17,current broad US credit-market distress state,current weekly evidence snapshot,"As of 2020-01-17, broad US credit conditions were summarized from independent market and lending channels. The Baa-minus-Treasury spread was 1.98 percentage points (0.01 pp lower over the latest week), while the Baa-minus-Aaa quality dispersion was 0.81 percentage points. Over four weeks, high-yield credit returned -0.3% relative to investment-grade credit, and investment-grade credit returned +0.8% relative to short Treasuries. High-yield drawdown from its 13-week peak was 0.0%, with 13-week annualized volatility of 2.1%. The Federal Reserve credit-conditions index was -0.10 and the St. Louis financial-stress index was -0.52. The latest conservatively lagged bank survey readings showed net tightening of 5.4% for large and middle-market C&I loans and 5.6% for small-firm C&I loans; the business-loan delinquency rate was 1.09%.",Normal,0.9866436662,0.0132126530,0.0001342832,0.0000093976,0.2633724970,0.3009478673,0.3493591972,0.1398104265,test,False,False,market observations archived; FRED macro series use downloaded historical vintage
wide-credit-2020-01-24,2020-01-24,current broad US credit-market distress state,current weekly evidence snapshot,"As of 2020-01-24, broad US credit conditions were summarized from independent market and lending channels. The Baa-minus-Treasury spread was 1.98 percentage points (unchanged over the latest week), while the Baa-minus-Aaa quality dispersion was 0.86 percentage points. Over four weeks, high-yield credit returned -1.7% relative to investment-grade credit, and investment-grade credit returned +1.1% relative to short Treasuries. High-yield drawdown from its 13-week peak was 0.8%, with 13-week annualized volatility of 2.8%. The Federal Reserve credit-conditions index was -0.10 and the St. Louis financial-stress index was -0.41. The latest conservatively lagged bank survey readings showed net tightening of 5.4% for large and middle-market C&I loans and 5.6% for small-firm C&I loans; the business-loan delinquency rate was 1.09%.",Normal,0.9458277390,0.0535646367,0.0005678647,0.0000397596,0.3427059691,0.3396226415,0.5045330015,0.1839622642,calibration,False,False,market observations archived; FRED macro series use downloaded historical vintage
wide-credit-2020-01-31,2020-01-31,current broad US credit-market distress state,current weekly evidence snapshot,"As of 2020-01-31, broad US credit conditions were summarized from independent market and lending channels. The Baa-minus-Treasury spread was 2.13 percentage points (0.15 pp higher over the latest week), while the Baa-minus-Aaa quality dispersion was 0.82 percentage points. Over four weeks, high-yield credit returned -2.6% relative to investment-grade credit, and investment-grade credit returned +1.4% relative to short Treasuries. High-yield drawdown from its 13-week peak was 1.0%, with 13-week annualized volatility of 2.8%. The Federal Reserve credit-conditions index was -0.09 and the St. Louis financial-stress index was -0.12. The latest conservatively lagged bank survey readings showed net tightening of 5.4% for large and middle-market C&I loans and 5.6% for small-firm C&I loans; the business-loan delinquency rate was 1.09%.",Normal,0.8562405714,0.1419803245,0.0016625616,0.0001165426,0.4018574440,0.3685446009,0.5060418154,0.3309859155,calibration,False,False,market observations archived; FRED macro series use downloaded historical vintage
wide-credit-2020-02-07,2020-02-07,current broad US credit-market distress state,current weekly evidence snapshot,"As of 2020-02-07, broad US credit conditions were summarized from independent market and lending channels. The Baa-minus-Treasury spread was 2.05 percentage points (0.08 pp lower over the latest week), while the Baa-minus-Aaa quality dispersion was 0.87 percentage points. Over four weeks, high-yield credit returned -1.8% relative to investment-grade credit, and investment-grade credit returned +1.4% relative to short Treasuries. High-yield drawdown from its 13-week peak was 0.0%, with 13-week annualized volatility of 3.2%. The Federal Reserve credit-conditions index was -0.07 and the St. Louis financial-stress index was -0.46. The latest conservatively lagged bank survey readings showed net tightening of 5.4% for large and middle-market C&I loans and 5.6% for small-firm C&I loans; the business-loan delinquency rate was 1.09%.",Normal,0.9321582493,0.0670697705,0.0007214583,0.0000505220,0.3558821361,0.3808411215,0.4321323897,0.2546728972,test,False,False,market observations archived; FRED macro series use downloaded historical vintage
wide-credit-2020-02-14,2020-02-14,current broad US credit-market distress state,current weekly evidence snapshot,"As of 2020-02-14, broad US credit conditions were summarized from independent market and lending channels. The Baa-minus-Treasury spread was 2.04 percentage points (0.01 pp lower over the latest week), while the Baa-minus-Aaa quality dispersion was 0.84 percentage points. Over four weeks, high-yield credit returned -1.3% relative to investment-grade credit, and investment-grade credit returned +1.5% relative to short Treasuries. High-yield drawdown from its 13-week peak was -0.0%, with 13-week annualized volatility of 3.2%. The Federal Reserve credit-conditions index was -0.02 and the St. Louis financial-stress index was -0.57. The latest conservatively lagged bank survey readings showed net tightening of 5.4% for large and middle-market C&I loans and 5.6% for small-firm C&I loans; the business-loan delinquency rate was 1.09%.",Normal,0.9250816303,0.0740594170,0.0008027343,0.0000562184,0.3617584424,0.3453488372,0.3620195132,0.3779069767,test,False,False,market observations archived; FRED macro series use downloaded historical vintage
wide-credit-2020-02-21,2020-02-21,current broad US credit-market distress state,current weekly evidence snapshot,"As of 2020-02-21, broad US credit conditions were summarized from independent market and lending channels. The Baa-minus-Treasury spread was 2.09 percentage points (0.05 pp higher over the latest week), while the Baa-minus-Aaa quality dispersion was 0.81 percentage points. Over four weeks, high-yield credit returned -0.4% relative to investment-grade credit, and investment-grade credit returned +1.2% relative to short Treasuries. High-yield drawdown from its 13-week peak was 0.1%, with 13-week annualized volatility of 3.1%. The Federal Reserve credit-conditions index was 0.06 and the St. Louis financial-stress index was -0.44. The latest conservatively lagged bank survey readings showed net tightening of 0.0% for large and middle-market C&I loans and -1.4% for small-firm C&I loans; the business-loan delinquency rate was 1.14%.",Normal,0.8001416258,0.1972138980,0.0024711058,0.0001733704,0.4237051133,0.3379629630,0.3822264511,0.5509259259,calibration,False,False,market observations archived; FRED macro series use downloaded historical vintage
wide-credit-2020-02-28,2020-02-28,current broad US credit-market distress state,current weekly evidence snapshot,"As of 2020-02-28, broad US credit conditions were summarized from independent market and lending channels. The Baa-minus-Treasury spread was 2.38 percentage points (0.29 pp higher over the latest week), while the Baa-minus-Aaa quality dispersion was 0.81 percentage points. Over four weeks, high-yield credit returned -2.4% relative to investment-grade credit, and investment-grade credit returned +0.2% relative to short Treasuries. High-yield drawdown from its 13-week peak was 2.7%, with 13-week annualized volatility of 6.4%. The Federal Reserve credit-conditions index was 0.15 and the St. Louis financial-stress index was 0.68. The latest conservatively lagged bank survey readings showed net tightening of 0.0% for large and middle-market C&I loans and -1.4% for small-firm C&I loans; the business-loan delinquency rate was 1.14%.",Stressed,0.0093319195,0.4608325008,0.4611967324,0.0686388473,0.7565716347,0.5345622120,0.8238623696,0.9112903226,prompt_validation,False,False,market observations archived; FRED macro series use downloaded historical vintage
wide-credit-2020-03-06,2020-03-06,current broad US credit-market distress state,current weekly evidence snapshot,"As of 2020-03-06, broad US credit conditions were summarized from independent market and lending channels. The Baa-minus-Treasury spread was 2.55 percentage points (0.17 pp higher over the latest week), while the Baa-minus-Aaa quality dispersion was 0.93 percentage points. Over four weeks, high-yield credit returned -5.7% relative to investment-grade credit, and investment-grade credit returned +1.3% relative to short Treasuries. High-yield drawdown from its 13-week peak was 3.4%, with 13-week annualized volatility of 6.5%. The Federal Reserve credit-conditions index was 0.26 and the St. Louis financial-stress index was 1.35. The latest conservatively lagged bank survey readings showed net tightening of 0.0% for large and middle-market C&I loans and -1.4% for small-firm C&I loans; the business-loan delinquency rate was 1.14%.",Stressed,0.0026887228,0.1998435538,0.5926955490,0.2047721744,0.8253798153,0.7247706422,0.7536623818,0.9977064220,calibration,False,False,market observations archived; FRED macro series use downloaded historical vintage
wide-credit-2020-03-13,2020-03-13,current broad US credit-market distress state,current weekly evidence snapshot,"As of 2020-03-13, broad US credit conditions were summarized from independent market and lending channels. The Baa-minus-Treasury spread was 3.30 percentage points (0.75 pp higher over the latest week), while the Baa-minus-Aaa quality dispersion was 1.21 percentage points. Over four weeks, high-yield credit returned -3.7% relative to investment-grade credit, and investment-grade credit returned -7.2% relative to short Treasuries. High-yield drawdown from its 13-week peak was 9.0%, with 13-week annualized volatility of 13.1%. The Federal Reserve credit-conditions index was 0.37 and the St. Louis financial-stress index was 3.51. The latest conservatively lagged bank survey readings showed net tightening of 0.0% for large and middle-market C&I loans and -1.4% for small-firm C&I loans; the business-loan delinquency rate was 1.14%.",Severe,0.0001604672,0.0147333090,0.1728811674,0.8122250564,0.9805493330,0.9486301370,0.9953009671,0.9977168950,calibration,False,False,market observations archived; FRED macro series use downloaded historical vintage
wide-credit-2020-03-20,2020-03-20,current broad US credit-market distress state,current weekly evidence snapshot,"As of 2020-03-20, broad US credit conditions were summarized from independent market and lending channels. The Baa-minus-Treasury spread was 4.23 percentage points (0.93 pp higher over the latest week), while the Baa-minus-Aaa quality dispersion was 1.03 percentage points. Over four weeks, high-yield credit returned -2.4% relative to investment-grade credit, and investment-grade credit returned -20.3% relative to short Treasuries. High-yield drawdown from its 13-week peak was 20.7%, with 13-week annualized volatility of 27.6%. The Federal Reserve credit-conditions index was 0.48 and the St. Louis financial-stress index was 5.66. The latest conservatively lagged bank survey readings showed net tightening of 0.0% for large and middle-market C&I loans and -1.4% for small-firm C&I loans; the business-loan delinquency rate was 1.14%.",Severe,0.0002408103,0.0219463209,0.2354027419,0.7424101270,0.9582193228,0.8931818182,0.9837488774,0.9977272727,prompt_validation,False,False,market observations archived; FRED macro series use downloaded historical vintage
wide-credit-2020-03-27,2020-03-27,current broad US credit-market distress state,current weekly evidence snapshot,"As of 2020-03-27, broad US credit conditions were summarized from independent market and lending channels. The Baa-minus-Treasury spread was 3.98 percentage points (0.25 pp lower over the latest week), while the Baa-minus-Aaa quality dispersion was 1.75 percentage points. Over four weeks, high-yield credit returned -3.2% relative to investment-grade credit, and investment-grade credit returned -8.3% relative to short Treasuries. High-yield drawdown from its 13-week peak was 12.5%, with 13-week annualized volatility of 36.6%. The Federal Reserve credit-conditions index was 0.56 and the St. Louis financial-stress index was 5.39. The latest conservatively lagged bank survey readings showed net tightening of 0.0% for large and middle-market C&I loans and -1.4% for small-firm C&I loans; the business-loan delinquency rate was 1.14%.",Severe,0.0001285961,0.0118421014,0.1443348291,0.8436944734,0.9927287809,0.9954751131,0.9872361165,0.9954751131,calibration,False,False,market observations archived; FRED macro series use downloaded historical vintage
wide-credit-2020-04-03,2020-04-03,current broad US credit-market distress state,current weekly evidence snapshot,"As of 2020-04-03, broad US credit conditions were summarized from independent market and lending channels. The Baa-minus-Treasury spread was 3.92 percentage points (0.06 pp lower over the latest week), while the Baa-minus-Aaa quality dispersion was 1.91 percentage points. Over four weeks, high-yield credit returned -4.0% relative to investment-grade credit, and investment-grade credit returned -10.0% relative to short Treasuries. High-yield drawdown from its 13-week peak was 16.0%, with 13-week annualized volatility of 37.1%. The Federal Reserve credit-conditions index was 0.61 and the St. Louis financial-stress index was 3.19. The latest conservatively lagged bank survey readings showed net tightening of 0.0% for large and middle-market C&I loans and -1.4% for small-firm C&I loans; the business-loan delinquency rate was 1.14%.",Severe,0.0001284219,0.0118262494,0.1441721300,0.8438731987,0.9928033556,0.9932432432,0.9941758326,0.9909909910,test,False,False,market observations archived; FRED macro series use downloaded historical vintage
wide-credit-2020-04-10,2020-04-10,current broad US credit-market distress state,current weekly evidence snapshot,"As of 2020-04-10, broad US credit conditions were summarized from independent market and lending channels. The Baa-minus-Treasury spread was 3.61 percentage points (0.31 pp lower over the latest week), while the Baa-minus-Aaa quality dispersion was 1.88 percentage points. Over four weeks, high-yield credit returned -3.5% relative to investment-grade credit, and investment-grade credit returned +6.5% relative to short Treasuries. High-yield drawdown from its 13-week peak was 5.9%, with 13-week annualized volatility of 45.5%. The Federal Reserve credit-conditions index was 0.64 and the St. Louis financial-stress index was 2.63. The latest conservatively lagged bank survey readings showed net tightening of 0.0% for large and middle-market C&I loans and -1.4% for small-firm C&I loans; the business-loan delinquency rate was 1.14%.",Severe,0.0006386476,0.0561440872,0.4225311767,0.5206860886,0.9045535387,0.9887892377,0.7360821408,0.9887892377,test,False,False,market observations archived; FRED macro series use downloaded historical vintage
wide-credit-2020-04-17,2020-04-17,current broad US credit-market distress state,current weekly evidence snapshot,"As of 2020-04-17, broad US credit conditions were summarized from independent market and lending channels. The Baa-minus-Treasury spread was 3.27 percentage points (0.34 pp lower over the latest week), while the Baa-minus-Aaa quality dispersion was 1.51 percentage points. Over four weeks, high-yield credit returned -4.7% relative to investment-grade credit, and investment-grade credit returned +22.2% relative to short Treasuries. High-yield drawdown from its 13-week peak was 7.4%, with 13-week annualized volatility of 45.5%. The Federal Reserve credit-conditions index was 0.63 and the St. Louis financial-stress index was 1.90. The latest conservatively lagged bank survey readings showed net tightening of 0.0% for large and middle-market C&I loans and -1.4% for small-firm C&I loans; the business-loan delinquency rate was 1.14%.",Severe,0.0007498289,0.0652724172,0.4534209082,0.4805568457,0.8957203480,0.9598214286,0.7429646155,0.9843750000,calibration,False,False,market observations archived; FRED macro series use downloaded historical vintage
wide-credit-2020-04-24,2020-04-24,current broad US credit-market distress state,current weekly evidence snapshot,"As of 2020-04-24, broad US credit conditions were summarized from independent market and lending channels. The Baa-minus-Treasury spread was 3.25 percentage points (0.02 pp lower over the latest week), while the Baa-minus-Aaa quality dispersion was 1.55 percentage points. Over four weeks, high-yield credit returned -3.9% relative to investment-grade credit, and investment-grade credit returned +6.3% relative to short Treasuries. High-yield drawdown from its 13-week peak was 10.6%, with 13-week annualized volatility of 45.9%. The Federal Reserve credit-conditions index was 0.60 and the St. Louis financial-stress index was 2.42. The latest conservatively lagged bank survey readings showed net tightening of 0.0% for large and middle-market C&I loans and -1.4% for small-firm C&I loans; the business-loan delinquency rate was 1.14%.",Severe,0.0007843591,0.0680711374,0.4618229939,0.4693215096,0.8932422433,0.9555555556,0.7441711744,0.9800000000,test,False,False,market observations archived; FRED macro series use downloaded historical vintage
wide-credit-2020-05-01,2020-05-01,current broad US credit-market distress state,current weekly evidence snapshot,"As of 2020-05-01, broad US credit conditions were summarized from independent market and lending channels. The Baa-minus-Treasury spread was 3.25 percentage points (unchanged over the latest week), while the Baa-minus-Aaa quality dispersion was 1.47 percentage points. Over four weeks, high-yield credit returned +1.3% relative to investment-grade credit, and investment-grade credit returned +6.1% relative to short Treasuries. High-yield drawdown from its 13-week peak was 9.7%, with 13-week annualized volatility of 46.0%. The Federal Reserve credit-conditions index was 0.56 and the St. Louis financial-stress index was 1.25. The latest conservatively lagged bank survey readings showed net tightening of 0.0% for large and middle-market C&I loans and -1.4% for small-firm C&I loans; the business-loan delinquency rate was 1.14%.",Stressed,0.0031791394,0.2278505727,0.5902096203,0.1787606676,0.8161378303,0.9469026549,0.5346966767,0.9668141593,calibration,False,False,market observations archived; FRED macro series use downloaded historical vintage
wide-credit-2020-05-08,2020-05-08,current broad US credit-market distress state,current weekly evidence snapshot,"As of 2020-05-08, broad US credit conditions were summarized from independent market and lending channels. The Baa-minus-Treasury spread was 3.37 percentage points (0.12 pp higher over the latest week), while the Baa-minus-Aaa quality dispersion was 1.52 percentage points. Over four weeks, high-yield credit returned +1.0% relative to investment-grade credit, and investment-grade credit returned -3.8% relative to short Treasuries. High-yield drawdown from its 13-week peak was 8.5%, with 13-week annualized volatility of 46.1%. The Federal Reserve credit-conditions index was 0.50 and the St. Louis financial-stress index was 0.96. The latest conservatively lagged bank survey readings showed net tightening of 0.0% for large and middle-market C&I loans and -1.4% for small-firm C&I loans; the business-loan delinquency rate was 1.14%.",Severe,0.0006369789,0.0560057007,0.4220178797,0.5213394408,0.9046975305,0.9625550661,0.7911851026,0.9603524229,conformal,False,False,market observations archived; FRED macro series use downloaded historical vintage
wide-credit-2020-05-15,2020-05-15,current broad US credit-market distress state,current weekly evidence snapshot,"As of 2020-05-15, broad US credit conditions were summarized from independent market and lending channels. The Baa-minus-Treasury spread was 3.41 percentage points (0.04 pp higher over the latest week), while the Baa-minus-Aaa quality dispersion was 1.54 percentage points. Over four weeks, high-yield credit returned -1.2% relative to investment-grade credit, and investment-grade credit returned -1.4% relative to short Treasuries. High-yield drawdown from its 13-week peak was 9.6%, with 13-week annualized volatility of 46.1%. The Federal Reserve credit-conditions index was 0.43 and the St. Louis financial-stress index was 0.93. The latest conservatively lagged bank survey readings showed net tightening of 0.0% for large and middle-market C&I loans and -1.4% for small-firm C&I loans; the business-loan delinquency rate was 1.14%.",Severe,0.0002962940,0.0268654742,0.2720331183,0.7008051135,0.9468124074,0.9649122807,0.9215775732,0.9539473684,calibration,False,False,market observations archived; FRED macro series use downloaded historical vintage
wide-credit-2020-05-22,2020-05-22,current broad US credit-market distress state,current weekly evidence snapshot,"As of 2020-05-22, broad US credit conditions were summarized from independent market and lending channels. The Baa-minus-Treasury spread was 3.18 percentage points (0.23 pp lower over the latest week), while the Baa-minus-Aaa quality dispersion was 1.43 percentage points. Over four weeks, high-yield credit returned +3.3% relative to investment-grade credit, and investment-grade credit returned +0.8% relative to short Treasuries. High-yield drawdown from its 13-week peak was 4.2%, with 13-week annualized volatility of 46.7%. The Federal Reserve credit-conditions index was 0.36 and the St. Louis financial-stress index was 0.44. The latest conservatively lagged bank survey readings showed net tightening of 41.5% for large and middle-market C&I loans and 39.7% for small-firm C&I loans; the business-loan delinquency rate was 1.28%.",Stressed,0.0034137082,0.2405477602,0.5875238383,0.1685146933,0.8122095125,0.9301310044,0.5872835595,0.9192139738,calibration,False,False,market observations archived; FRED macro series use downloaded historical vintage
wide-credit-2020-05-29,2020-05-29,current broad US credit-market distress state,current weekly evidence snapshot,"As of 2020-05-29, broad US credit conditions were summarized from independent market and lending channels. The Baa-minus-Treasury spread was 3.08 percentage points (0.10 pp lower over the latest week), while the Baa-minus-Aaa quality dispersion was 1.30 percentage points. Over four weeks, high-yield credit returned +1.8% relative to investment-grade credit, and investment-grade credit returned +2.8% relative to short Treasuries. High-yield drawdown from its 13-week peak was 2.2%, with 13-week annualized volatility of 46.6%. The Federal Reserve credit-conditions index was 0.30 and the St. Louis financial-stress index was 0.22. The latest conservatively lagged bank survey readings showed net tightening of 41.5% for large and middle-market C&I loans and 39.7% for small-firm C&I loans; the business-loan delinquency rate was 1.28%.",Stressed,0.0092190606,0.4578870759,0.4634657182,0.0694281453,0.7572471173,0.9065217391,0.5000022215,0.8652173913,calibration,False,False,market observations archived; FRED macro series use downloaded historical vintage
wide-credit-2020-06-05,2020-06-05,current broad US credit-market distress state,current weekly evidence snapshot,"As of 2020-06-05, broad US credit conditions were summarized from independent market and lending channels. The Baa-minus-Treasury spread was 2.86 percentage points (0.22 pp lower over the latest week), while the Baa-minus-Aaa quality dispersion was 1.23 percentage points. Over four weeks, high-yield credit returned +1.6% relative to investment-grade credit, and investment-grade credit returned +4.8% relative to short Treasuries. High-yield drawdown from its 13-week peak was -0.0%, with 13-week annualized volatility of 46.9%. The Federal Reserve credit-conditions index was 0.25 and the St. Louis financial-stress index was -0.08. The latest conservatively lagged bank survey readings showed net tightening of 41.5% for large and middle-market C&I loans and 39.7% for small-firm C&I loans; the business-loan delinquency rate was 1.28%.",Elevated,0.0538099431,0.7888917992,0.1452384281,0.0120598295,0.6576841854,0.8755411255,0.3247841579,0.7727272727,test,False,False,market observations archived; FRED macro series use downloaded historical vintage
wide-credit-2020-06-12,2020-06-12,current broad US credit-market distress state,current weekly evidence snapshot,"As of 2020-06-12, broad US credit conditions were summarized from independent market and lending channels. The Baa-minus-Treasury spread was 2.91 percentage points (0.05 pp higher over the latest week), while the Baa-minus-Aaa quality dispersion was 1.20 percentage points. Over four weeks, high-yield credit returned +1.9% relative to investment-grade credit, and investment-grade credit returned +3.3% relative to short Treasuries. High-yield drawdown from its 13-week peak was 2.4%, with 13-week annualized volatility of 45.4%. The Federal Reserve credit-conditions index was 0.20 and the St. Louis financial-stress index was 0.29. The latest conservatively lagged bank survey readings showed net tightening of 41.5% for large and middle-market C&I loans and 39.7% for small-firm C&I loans; the business-loan delinquency rate was 1.28%.",Elevated,0.0112355564,0.5057783342,0.4254103867,0.0575757228,0.7462554984,0.8836206897,0.4887664952,0.8663793103,calibration,False,False,market observations archived; FRED macro series use downloaded historical vintage
wide-credit-2020-06-19,2020-06-19,current broad US credit-market distress state,current weekly evidence snapshot,"As of 2020-06-19, broad US credit conditions were summarized from independent market and lending channels. The Baa-minus-Treasury spread was 2.87 percentage points (0.04 pp lower over the latest week), while the Baa-minus-Aaa quality dispersion was 1.14 percentage points. Over four weeks, high-yield credit returned -0.3% relative to investment-grade credit, and investment-grade credit returned +2.8% relative to short Treasuries. High-yield drawdown from its 13-week peak was 1.9%, with 13-week annualized volatility of 35.0%. The Federal Reserve credit-conditions index was 0.17 and the St. Louis financial-stress index was 0.49. The latest conservatively lagged bank survey readings showed net tightening of 41.5% for large and middle-market C&I loans and 39.7% for small-firm C&I loans; the business-loan delinquency rate was 1.28%.",Stressed,0.0060187312,0.3572077845,0.5339173874,0.1028560969,0.7808763040,0.8519313305,0.6215988690,0.8690987124,test,False,False,market observations archived; FRED macro series use downloaded historical vintage
wide-credit-2020-06-26,2020-06-26,current broad US credit-market distress state,current weekly evidence snapshot,"As of 2020-06-26, broad US credit conditions were summarized from independent market and lending channels. The Baa-minus-Treasury spread was 2.92 percentage points (0.05 pp higher over the latest week), while the Baa-minus-Aaa quality dispersion was 1.21 percentage points. Over four weeks, high-yield credit returned -2.3% relative to investment-grade credit, and investment-grade credit returned +1.4% relative to short Treasuries. High-yield drawdown from its 13-week peak was 3.7%, with 13-week annualized volatility of 29.7%. The Federal Reserve credit-conditions index was 0.14 and the St. Louis financial-stress index was 0.52. The latest conservatively lagged bank survey readings showed net tightening of 41.5% for large and middle-market C&I loans and 39.7% for small-firm C&I loans; the business-loan delinquency rate was 1.28%.",Stressed,0.0027694582,0.2045966232,0.5926503393,0.1999835793,0.8237481653,0.8867521368,0.7575692823,0.8269230769,test,False,False,market observations archived; FRED macro series use downloaded historical vintage
wide-credit-2020-07-03,2020-07-03,current broad US credit-market distress state,current weekly evidence snapshot,"As of 2020-07-03, broad US credit conditions were summarized from independent market and lending channels. The Baa-minus-Treasury spread was 2.87 percentage points (0.05 pp lower over the latest week), while the Baa-minus-Aaa quality dispersion was 1.18 percentage points. Over four weeks, high-yield credit returned -4.6% relative to investment-grade credit, and investment-grade credit returned +2.2% relative to short Treasuries. High-yield drawdown from its 13-week peak was 2.3%, with 13-week annualized volatility of 28.0%. The Federal Reserve credit-conditions index was 0.12 and the St. Louis financial-stress index was 0.43. The latest conservatively lagged bank survey readings showed net tightening of 41.5% for large and middle-market C&I loans and 39.7% for small-firm C&I loans; the business-loan delinquency rate was 1.28%.",Stressed,0.0044518043,0.2919420647,0.5692225021,0.1343836289,0.7975491235,0.8617021277,0.7266899237,0.8042553191,calibration,False,False,market observations archived; FRED macro series use downloaded historical vintage
wide-credit-2020-07-10,2020-07-10,current broad US credit-market distress state,current weekly evidence snapshot,"As of 2020-07-10, broad US credit conditions were summarized from independent market and lending channels. The Baa-minus-Treasury spread was 2.74 percentage points (0.13 pp lower over the latest week), while the Baa-minus-Aaa quality dispersion was 1.20 percentage points. Over four weeks, high-yield credit returned -2.3% relative to investment-grade credit, and investment-grade credit returned +2.9% relative to short Treasuries. High-yield drawdown from its 13-week peak was 1.9%, with 13-week annualized volatility of 14.8%. The Federal Reserve credit-conditions index was 0.10 and the St. Louis financial-stress index was 0.13. The latest conservatively lagged bank survey readings showed net tightening of 41.5% for large and middle-market C&I loans and 39.7% for small-firm C&I loans; the business-loan delinquency rate was 1.28%.",Elevated,0.0100344074,0.4784187178,0.4474476394,0.0640992354,0.7525407642,0.8485169492,0.6866477163,0.7224576271,calibration,False,False,market observations archived; FRED macro series use downloaded historical vintage
wide-credit-2020-07-17,2020-07-17,current broad US credit-market distress state,current weekly evidence snapshot,"As of 2020-07-17, broad US credit conditions were summarized from independent market and lending channels. The Baa-minus-Treasury spread was 2.68 percentage points (0.06 pp lower over the latest week), while the Baa-minus-Aaa quality dispersion was 1.19 percentage points. Over four weeks, high-yield credit returned -1.5% relative to investment-grade credit, and investment-grade credit returned +2.6% relative to short Treasuries. High-yield drawdown from its 13-week peak was 0.7%, with 13-week annualized volatility of 14.4%. The Federal Reserve credit-conditions index was 0.09 and the St. Louis financial-stress index was 0.08. The latest conservatively lagged bank survey readings showed net tightening of 41.5% for large and middle-market C&I loans and 39.7% for small-firm C&I loans; the business-loan delinquency rate was 1.28%.",Elevated,0.0180952323,0.6164135120,0.3291884269,0.0363028288,0.7196615207,0.8270042194,0.6315584019,0.7004219409,test,False,False,market observations archived; FRED macro series use downloaded historical vintage
wide-credit-2020-07-24,2020-07-24,current broad US credit-market distress state,current weekly evidence snapshot,"As of 2020-07-24, broad US credit conditions were summarized from independent market and lending channels. The Baa-minus-Treasury spread was 2.58 percentage points (0.10 pp lower over the latest week), while the Baa-minus-Aaa quality dispersion was 1.16 percentage points. Over four weeks, high-yield credit returned +0.7% relative to investment-grade credit, and investment-grade credit returned +3.7% relative to short Treasuries. High-yield drawdown from its 13-week peak was -0.0%, with 13-week annualized volatility of 12.0%. The Federal Reserve credit-conditions index was 0.07 and the St. Louis financial-stress index was -0.21. The latest conservatively lagged bank survey readings showed net tightening of 41.5% for large and middle-market C&I loans and 39.7% for small-firm C&I loans; the business-loan delinquency rate was 1.28%.",Elevated,0.2015037847,0.7581289899,0.0376238121,0.0027434133,0.5757307135,0.7846638655,0.3542929809,0.5882352941,test,False,False,market observations archived; FRED macro series use downloaded historical vintage
wide-credit-2020-07-31,2020-07-31,current broad US credit-market distress state,current weekly evidence snapshot,"As of 2020-07-31, broad US credit conditions were summarized from independent market and lending channels. The Baa-minus-Treasury spread was 2.60 percentage points (0.02 pp higher over the latest week), while the Baa-minus-Aaa quality dispersion was 1.12 percentage points. Over four weeks, high-yield credit returned +1.5% relative to investment-grade credit, and investment-grade credit returned +2.4% relative to short Treasuries. High-yield drawdown from its 13-week peak was -0.0%, with 13-week annualized volatility of 12.0%. The Federal Reserve credit-conditions index was 0.05 and the St. Louis financial-stress index was -0.06. The latest conservatively lagged bank survey readings showed net tightening of 41.5% for large and middle-market C&I loans and 39.7% for small-firm C&I loans; the business-loan delinquency rate was 1.28%.",Elevated,0.1770349936,0.7759390648,0.0438091891,0.0032167526,0.5845111445,0.7740585774,0.3278012159,0.6516736402,calibration,False,False,market observations archived; FRED macro series use downloaded historical vintage
wide-credit-2020-08-07,2020-08-07,current broad US credit-market distress state,current weekly evidence snapshot,"As of 2020-08-07, broad US credit conditions were summarized from independent market and lending channels. The Baa-minus-Treasury spread was 2.57 percentage points (0.03 pp lower over the latest week), while the Baa-minus-Aaa quality dispersion was 1.11 percentage points. Over four weeks, high-yield credit returned +1.3% relative to investment-grade credit, and investment-grade credit returned +2.3% relative to short Treasuries. High-yield drawdown from its 13-week peak was -0.0%, with 13-week annualized volatility of 12.0%. The Federal Reserve credit-conditions index was 0.03 and the St. Louis financial-stress index was -0.19. The latest conservatively lagged bank survey readings showed net tightening of 41.5% for large and middle-market C&I loans and 39.7% for small-firm C&I loans; the business-loan delinquency rate was 1.28%.",Elevated,0.2547864789,0.7151001421,0.0280870121,0.0020263669,0.5590284709,0.7645833333,0.3395854128,0.5729166667,calibration,False,False,market observations archived; FRED macro series use downloaded historical vintage
wide-credit-2020-08-14,2020-08-14,current broad US credit-market distress state,current weekly evidence snapshot,"As of 2020-08-14, broad US credit conditions were summarized from independent market and lending channels. The Baa-minus-Treasury spread was 2.61 percentage points (0.04 pp higher over the latest week), while the Baa-minus-Aaa quality dispersion was 1.02 percentage points. Over four weeks, high-yield credit returned +2.3% relative to investment-grade credit, and investment-grade credit returned -1.1% relative to short Treasuries. High-yield drawdown from its 13-week peak was 1.3%, with 13-week annualized volatility of 12.0%. The Federal Reserve credit-conditions index was 0.02 and the St. Louis financial-stress index was -0.26. The latest conservatively lagged bank survey readings showed net tightening of 41.5% for large and middle-market C&I loans and 39.7% for small-firm C&I loans; the business-loan delinquency rate was 1.28%.",Elevated,0.0812896718,0.8115903430,0.0993352506,0.0077847346,0.6333723544,0.7251037344,0.6521917521,0.5228215768,conformal,False,False,market observations archived; FRED macro series use downloaded historical vintage
wide-credit-2020-08-21,2020-08-21,current broad US credit-market distress state,current weekly evidence snapshot,"As of 2020-08-21, broad US credit conditions were summarized from independent market and lending channels. The Baa-minus-Treasury spread was 2.64 percentage points (0.03 pp higher over the latest week), while the Baa-minus-Aaa quality dispersion was 0.98 percentage points. Over four weeks, high-yield credit returned +1.6% relative to investment-grade credit, and investment-grade credit returned -1.0% relative to short Treasuries. High-yield drawdown from its 13-week peak was 0.5%, with 13-week annualized volatility of 10.6%. The Federal Reserve credit-conditions index was 0.01 and the St. Louis financial-stress index was -0.05. The latest conservatively lagged bank survey readings showed net tightening of 71.2% for large and middle-market C&I loans and 70.0% for small-firm C&I loans; the business-loan delinquency rate was 1.30%.",Elevated,0.0631277560,0.8007723678,0.1259021547,0.0101977215,0.6483562509,0.7128099174,0.6186224718,0.6136363636,calibration,False,False,market observations archived; FRED macro series use downloaded historical vintage
wide-credit-2020-08-28,2020-08-28,current broad US credit-market distress state,current weekly evidence snapshot,"As of 2020-08-28, broad US credit conditions were summarized from independent market and lending channels. The Baa-minus-Treasury spread was 2.71 percentage points (0.07 pp higher over the latest week), while the Baa-minus-Aaa quality dispersion was 1.05 percentage points. Over four weeks, high-yield credit returned +2.4% relative to investment-grade credit, and investment-grade credit returned -2.2% relative to short Treasuries. High-yield drawdown from its 13-week peak was 0.0%, with 13-week annualized volatility of 10.4%. The Federal Reserve credit-conditions index was -0.00 and the St. Louis financial-stress index was -0.26. The latest conservatively lagged bank survey readings showed net tightening of 71.2% for large and middle-market C&I loans and 70.0% for small-firm C&I loans; the business-loan delinquency rate was 1.30%.",Elevated,0.1172211562,0.8087536963,0.0688242776,0.0052008699,0.6110456784,0.7777777778,0.5615320970,0.4938271605,test,False,False,market observations archived; FRED macro series use downloaded historical vintage
wide-credit-2020-09-04,2020-09-04,current broad US credit-market distress state,current weekly evidence snapshot,"As of 2020-09-04, broad US credit conditions were summarized from independent market and lending channels. The Baa-minus-Treasury spread was 2.68 percentage points (0.03 pp lower over the latest week), while the Baa-minus-Aaa quality dispersion was 1.06 percentage points. Over four weeks, high-yield credit returned +2.2% relative to investment-grade credit, and investment-grade credit returned -2.5% relative to short Treasuries. High-yield drawdown from its 13-week peak was 0.4%, with 13-week annualized volatility of 8.9%. The Federal Reserve credit-conditions index was -0.01 and the St. Louis financial-stress index was -0.10. The latest conservatively lagged bank survey readings showed net tightening of 71.2% for large and middle-market C&I loans and 70.0% for small-firm C&I loans; the business-loan delinquency rate was 1.30%.",Elevated,0.0696110252,0.8061378606,0.1150578413,0.0091932728,0.6425973883,0.7817622951,0.6009479027,0.5450819672,test,False,False,market observations archived; FRED macro series use downloaded historical vintage
wide-credit-2020-09-11,2020-09-11,current broad US credit-market distress state,current weekly evidence snapshot,"As of 2020-09-11, broad US credit conditions were summarized from independent market and lending channels. The Baa-minus-Treasury spread was 2.69 percentage points (0.01 pp higher over the latest week), while the Baa-minus-Aaa quality dispersion was 1.04 percentage points. Over four weeks, high-yield credit returned +0.7% relative to investment-grade credit, and investment-grade credit returned +0.1% relative to short Treasuries. High-yield drawdown from its 13-week peak was 0.4%, with 13-week annualized volatility of 7.1%. The Federal Reserve credit-conditions index was -0.01 and the St. Louis financial-stress index was 0.07. The latest conservatively lagged bank survey readings showed net tightening of 71.2% for large and middle-market C&I loans and 70.0% for small-firm C&I loans; the business-loan delinquency rate was 1.30%.",Elevated,0.0679736015,0.8049669990,0.1176303439,0.0094290555,0.6440032947,0.7632653061,0.5656833535,0.6030612245,calibration,False,False,market observations archived; FRED macro series use downloaded historical vintage
wide-credit-2020-09-18,2020-09-18,current broad US credit-market distress state,current weekly evidence snapshot,"As of 2020-09-18, broad US credit conditions were summarized from independent market and lending channels. The Baa-minus-Treasury spread was 2.66 percentage points (0.03 pp lower over the latest week), while the Baa-minus-Aaa quality dispersion was 1.06 percentage points. Over four weeks, high-yield credit returned +0.2% relative to investment-grade credit, and investment-grade credit returned -0.3% relative to short Treasuries. High-yield drawdown from its 13-week peak was 0.6%, with 13-week annualized volatility of 7.1%. The Federal Reserve credit-conditions index was -0.01 and the St. Louis financial-stress index was -0.12. The latest conservatively lagged bank survey readings showed net tightening of 71.2% for large and middle-market C&I loans and 70.0% for small-firm C&I loans; the business-loan delinquency rate was 1.30%.",Elevated,0.0611866440,0.7987503531,0.1295236048,0.0105393981,0.6501878268,0.7682926829,0.6497504722,0.5325203252,calibration,False,False,market observations archived; FRED macro series use downloaded historical vintage
wide-credit-2020-09-25,2020-09-25,current broad US credit-market distress state,current weekly evidence snapshot,"As of 2020-09-25, broad US credit conditions were summarized from independent market and lending channels. The Baa-minus-Treasury spread was 2.74 percentage points (0.08 pp higher over the latest week), while the Baa-minus-Aaa quality dispersion was 1.09 percentage points. Over four weeks, high-yield credit returned -1.8% relative to investment-grade credit, and investment-grade credit returned -0.4% relative to short Treasuries. High-yield drawdown from its 13-week peak was 2.2%, with 13-week annualized volatility of 6.8%. The Federal Reserve credit-conditions index was -0.01 and the St. Louis financial-stress index was 0.27. The latest conservatively lagged bank survey readings showed net tightening of 71.2% for large and middle-market C&I loans and 70.0% for small-firm C&I loans; the business-loan delinquency rate was 1.30%.",Stressed,0.0080105949,0.4240392124,0.4887876196,0.0791625731,0.7650421067,0.8107287449,0.8123327979,0.6720647773,test,False,False,market observations archived; FRED macro series use downloaded historical vintage
wide-credit-2020-10-02,2020-10-02,current broad US credit-market distress state,current weekly evidence snapshot,"As of 2020-10-02, broad US credit conditions were summarized from independent market and lending channels. The Baa-minus-Treasury spread was 2.76 percentage points (0.02 pp higher over the latest week), while the Baa-minus-Aaa quality dispersion was 1.09 percentage points. Over four weeks, high-yield credit returned -0.5% relative to investment-grade credit, and investment-grade credit returned +0.1% relative to short Treasuries. High-yield drawdown from its 13-week peak was 0.7%, with 13-week annualized volatility of 6.9%. The Federal Reserve credit-conditions index was -0.01 and the St. Louis financial-stress index was -0.06. The latest conservatively lagged bank survey readings showed net tightening of 71.2% for large and middle-market C&I loans and 70.0% for small-firm C&I loans; the business-loan delinquency rate was 1.30%.",Elevated,0.0331865029,0.7306072042,0.2163827999,0.0198234930,0.6854524295,0.8084677419,0.6763169660,0.5715725806,calibration,False,False,market observations archived; FRED macro series use downloaded historical vintage
wide-credit-2020-10-09,2020-10-09,current broad US credit-market distress state,current weekly evidence snapshot,"As of 2020-10-09, broad US credit conditions were summarized from independent market and lending channels. The Baa-minus-Treasury spread was 2.67 percentage points (0.09 pp lower over the latest week), while the Baa-minus-Aaa quality dispersion was 1.12 percentage points. Over four weeks, high-yield credit returned +1.1% relative to investment-grade credit, and investment-grade credit returned -0.1% relative to short Treasuries. High-yield drawdown from its 13-week peak was -0.0%, with 13-week annualized volatility of 7.2%. The Federal Reserve credit-conditions index was -0.01 and the St. Louis financial-stress index was -0.23. The latest conservatively lagged bank survey readings showed net tightening of 71.2% for large and middle-market C&I loans and 70.0% for small-firm C&I loans; the business-loan delinquency rate was 1.30%.",Elevated,0.2108119084,0.7509677009,0.0356282841,0.0025921066,0.5726021108,0.7881526104,0.4527460915,0.4769076305,test,False,False,market observations archived; FRED macro series use downloaded historical vintage
wide-credit-2020-10-16,2020-10-16,current broad US credit-market distress state,current weekly evidence snapshot,"As of 2020-10-16, broad US credit conditions were summarized from independent market and lending channels. The Baa-minus-Treasury spread was 2.64 percentage points (0.03 pp lower over the latest week), while the Baa-minus-Aaa quality dispersion was 1.11 percentage points. Over four weeks, high-yield credit returned +0.9% relative to investment-grade credit, and investment-grade credit returned -0.1% relative to short Treasuries. High-yield drawdown from its 13-week peak was 0.4%, with 13-week annualized volatility of 7.0%. The Federal Reserve credit-conditions index was -0.01 and the St. Louis financial-stress index was -0.07. The latest conservatively lagged bank survey readings showed net tightening of 71.2% for large and middle-market C&I loans and 70.0% for small-firm C&I loans; the business-loan delinquency rate was 1.30%.",Elevated,0.0945518237,0.8131735419,0.0856705784,0.0066040560,0.6242605078,0.7750000000,0.5537815234,0.5440000000,test,False,False,market observations archived; FRED macro series use downloaded historical vintage
wide-credit-2020-10-23,2020-10-23,current broad US credit-market distress state,current weekly evidence snapshot,"As of 2020-10-23, broad US credit conditions were summarized from independent market and lending channels. The Baa-minus-Treasury spread was 2.60 percentage points (0.04 pp lower over the latest week), while the Baa-minus-Aaa quality dispersion was 1.04 percentage points. Over four weeks, high-yield credit returned +2.2% relative to investment-grade credit, and investment-grade credit returned +0.6% relative to short Treasuries. High-yield drawdown from its 13-week peak was 0.1%, with 13-week annualized volatility of 6.6%. The Federal Reserve credit-conditions index was -0.02 and the St. Louis financial-stress index was 0.02. The latest conservatively lagged bank survey readings showed net tightening of 71.2% for large and middle-market C&I loans and 70.0% for small-firm C&I loans; the business-loan delinquency rate was 1.30%.",Elevated,0.2386132213,0.7286241990,0.0305523137,0.0022102660,0.5638163658,0.7131474104,0.4085805714,0.5697211155,calibration,False,False,market observations archived; FRED macro series use downloaded historical vintage
wide-credit-2020-10-30,2020-10-30,current broad US credit-market distress state,current weekly evidence snapshot,"As of 2020-10-30, broad US credit conditions were summarized from independent market and lending channels. The Baa-minus-Treasury spread was 2.61 percentage points (0.01 pp higher over the latest week), while the Baa-minus-Aaa quality dispersion was 1.10 percentage points. Over four weeks, high-yield credit returned +0.9% relative to investment-grade credit, and investment-grade credit returned -0.8% relative to short Treasuries. High-yield drawdown from its 13-week peak was 1.3%, with 13-week annualized volatility of 6.8%. The Federal Reserve credit-conditions index was -0.03 and the St. Louis financial-stress index was 0.40. The latest conservatively lagged bank survey readings showed net tightening of 71.2% for large and middle-market C&I loans and 70.0% for small-firm C&I loans; the business-loan delinquency rate was 1.30%.",Elevated,0.0335008662,0.7320479231,0.2148163436,0.0196348671,0.6849160009,0.7589285714,0.6519702248,0.6438492063,conformal,False,False,market observations archived; FRED macro series use downloaded historical vintage
wide-credit-2020-11-06,2020-11-06,current broad US credit-market distress state,current weekly evidence snapshot,"As of 2020-11-06, broad US credit conditions were summarized from independent market and lending channels. The Baa-minus-Treasury spread was 2.51 percentage points (0.10 pp lower over the latest week), while the Baa-minus-Aaa quality dispersion was 1.03 percentage points. Over four weeks, high-yield credit returned -0.4% relative to investment-grade credit, and investment-grade credit returned +1.1% relative to short Treasuries. High-yield drawdown from its 13-week peak was -0.0%, with 13-week annualized volatility of 8.0%. The Federal Reserve credit-conditions index was -0.04 and the St. Louis financial-stress index was -0.06. The latest conservatively lagged bank survey readings showed net tightening of 71.2% for large and middle-market C&I loans and 70.0% for small-firm C&I loans; the business-loan delinquency rate was 1.30%.",Elevated,0.2888326087,0.6856959022,0.0237650980,0.0017063911,0.5495583287,0.6818181818,0.4797026540,0.4871541502,test,False,False,market observations archived; FRED macro series use downloaded historical vintage
wide-credit-2020-11-13,2020-11-13,current broad US credit-market distress state,current weekly evidence snapshot,"As of 2020-11-13, broad US credit conditions were summarized from independent market and lending channels. The Baa-minus-Treasury spread was 2.44 percentage points (0.07 pp lower over the latest week), while the Baa-minus-Aaa quality dispersion was 0.98 percentage points. Over four weeks, high-yield credit returned +0.9% relative to investment-grade credit, and investment-grade credit returned +0.6% relative to short Treasuries. High-yield drawdown from its 13-week peak was -0.0%, with 13-week annualized volatility of 7.4%. The Federal Reserve credit-conditions index was -0.05 and the St. Louis financial-stress index was -0.47. The latest conservatively lagged bank survey readings showed net tightening of 71.2% for large and middle-market C&I loans and 70.0% for small-firm C&I loans; the business-loan delinquency rate was 1.30%.",Normal,0.7201582862,0.2757337093,0.0038383162,0.0002696883,0.4480114208,0.6476377953,0.4178531600,0.2785433071,test,False,False,market observations archived; FRED macro series use downloaded historical vintage
wide-credit-2020-11-20,2020-11-20,current broad US credit-market distress state,current weekly evidence snapshot,"As of 2020-11-20, broad US credit conditions were summarized from independent market and lending channels. The Baa-minus-Treasury spread was 2.35 percentage points (0.09 pp lower over the latest week), while the Baa-minus-Aaa quality dispersion was 0.94 percentage points. Over four weeks, high-yield credit returned -0.7% relative to investment-grade credit, and investment-grade credit returned +2.4% relative to short Treasuries. High-yield drawdown from its 13-week peak was -0.0%, with 13-week annualized volatility of 7.4%. The Federal Reserve credit-conditions index was -0.06 and the St. Louis financial-stress index was -0.15. The latest conservatively lagged bank survey readings showed net tightening of 37.7% for large and middle-market C&I loans and 31.3% for small-firm C&I loans; the business-loan delinquency rate was 1.24%.",Normal,0.5992175640,0.3937324911,0.0065858389,0.0004641060,0.4778786690,0.6107843137,0.4404987522,0.3823529412,calibration,False,False,market observations archived; FRED macro series use downloaded historical vintage
wide-credit-2020-11-27,2020-11-27,current broad US credit-market distress state,current weekly evidence snapshot,"As of 2020-11-27, broad US credit conditions were summarized from independent market and lending channels. The Baa-minus-Treasury spread was 2.32 percentage points (0.03 pp lower over the latest week), while the Baa-minus-Aaa quality dispersion was 0.96 percentage points. Over four weeks, high-yield credit returned +0.0% relative to investment-grade credit, and investment-grade credit returned +3.4% relative to short Treasuries. High-yield drawdown from its 13-week peak was -0.0%, with 13-week annualized volatility of 7.4%. The Federal Reserve credit-conditions index was -0.07 and the St. Louis financial-stress index was -0.38. The latest conservatively lagged bank survey readings showed net tightening of 37.7% for large and middle-market C&I loans and 31.3% for small-firm C&I loans; the business-loan delinquency rate was 1.24%.",Normal,0.8191711978,0.1784909846,0.0021845956,0.0001532220,0.4169091704,0.6191406250,0.3727978238,0.2587890625,calibration,False,False,market observations archived; FRED macro series use downloaded historical vintage
wide-credit-2020-12-04,2020-12-04,current broad US credit-market distress state,current weekly evidence snapshot,"As of 2020-12-04, broad US credit conditions were summarized from independent market and lending channels. The Baa-minus-Treasury spread was 2.23 percentage points (0.09 pp lower over the latest week), while the Baa-minus-Aaa quality dispersion was 0.94 percentage points. Over four weeks, high-yield credit returned +1.5% relative to investment-grade credit, and investment-grade credit returned +0.8% relative to short Treasuries. High-yield drawdown from its 13-week peak was -0.0%, with 13-week annualized volatility of 7.4%. The Federal Reserve credit-conditions index was -0.07 and the St. Louis financial-stress index was -0.43. The latest conservatively lagged bank survey readings showed net tightening of 37.7% for large and middle-market C&I loans and 31.3% for small-firm C&I loans; the business-loan delinquency rate was 1.24%.",Normal,0.9171815804,0.0818608074,0.0008949308,0.0000626815,0.3677439765,0.5223735409,0.3639323187,0.2169260700,conformal,False,False,market observations archived; FRED macro series use downloaded historical vintage
wide-credit-2020-12-11,2020-12-11,current broad US credit-market distress state,current weekly evidence snapshot,"As of 2020-12-11, broad US credit conditions were summarized from independent market and lending channels. The Baa-minus-Treasury spread was 2.23 percentage points (unchanged over the latest week), while the Baa-minus-Aaa quality dispersion was 0.86 percentage points. Over four weeks, high-yield credit returned +0.5% relative to investment-grade credit, and investment-grade credit returned +1.2% relative to short Treasuries. High-yield drawdown from its 13-week peak was 0.2%, with 13-week annualized volatility of 7.4%. The Federal Reserve credit-conditions index was -0.08 and the St. Louis financial-stress index was -0.41. The latest conservatively lagged bank survey readings showed net tightening of 37.7% for large and middle-market C&I loans and 31.3% for small-firm C&I loans; the business-loan delinquency rate was 1.24%.",Normal,0.9194770465,0.0795941808,0.0008679806,0.0000607921,0.3660605460,0.4079457364,0.4751196225,0.2151162791,calibration,False,False,market observations archived; FRED macro series use downloaded historical vintage
wide-credit-2020-12-18,2020-12-18,current broad US credit-market distress state,current weekly evidence snapshot,"As of 2020-12-18, broad US credit conditions were summarized from independent market and lending channels. The Baa-minus-Treasury spread was 2.24 percentage points (0.01 pp higher over the latest week), while the Baa-minus-Aaa quality dispersion was 0.87 percentage points. Over four weeks, high-yield credit returned +1.6% relative to investment-grade credit, and investment-grade credit returned +0.0% relative to short Treasuries. High-yield drawdown from its 13-week peak was -0.0%, with 13-week annualized volatility of 7.4%. The Federal Reserve credit-conditions index was -0.09 and the St. Louis financial-stress index was -0.36. The latest conservatively lagged bank survey readings showed net tightening of 37.7% for large and middle-market C&I loans and 31.3% for small-firm C&I loans; the business-loan delinquency rate was 1.24%.",Normal,0.9225701176,0.0765397459,0.0008318755,0.0000582611,0.3637215172,0.4459459459,0.4232108835,0.2220077220,conformal,False,False,market observations archived; FRED macro series use downloaded historical vintage
wide-credit-2020-12-25,2020-12-25,current broad US credit-market distress state,current weekly evidence snapshot,"As of 2020-12-25, broad US credit conditions were summarized from independent market and lending channels. The Baa-minus-Treasury spread was 2.23 percentage points (0.01 pp lower over the latest week), while the Baa-minus-Aaa quality dispersion was 0.91 percentage points. Over four weeks, high-yield credit returned +1.3% relative to investment-grade credit, and investment-grade credit returned +0.2% relative to short Treasuries. High-yield drawdown from its 13-week peak was -0.0%, with 13-week annualized volatility of 6.1%. The Federal Reserve credit-conditions index was -0.09 and the St. Louis financial-stress index was -0.41. The latest conservatively lagged bank survey readings showed net tightening of 37.7% for large and middle-market C&I loans and 31.3% for small-firm C&I loans; the business-loan delinquency rate was 1.24%.",Normal,0.9302027018,0.0690014149,0.0007437959,0.0000520874,0.3575606029,0.4903846154,0.3986433472,0.1836538462,calibration,False,False,market observations archived; FRED macro series use downloaded historical vintage
wide-credit-2021-01-01,2021-01-01,current broad US credit-market distress state,current weekly evidence snapshot,"As of 2021-01-01, broad US credit conditions were summarized from independent market and lending channels. The Baa-minus-Treasury spread was 2.18 percentage points (0.05 pp lower over the latest week), while the Baa-minus-Aaa quality dispersion was 0.88 percentage points. Over four weeks, high-yield credit returned -0.1% relative to investment-grade credit, and investment-grade credit returned +1.0% relative to short Treasuries. High-yield drawdown from its 13-week peak was -0.0%, with 13-week annualized volatility of 5.7%. The Federal Reserve credit-conditions index was -0.10 and the St. Louis financial-stress index was -0.46. The latest conservatively lagged bank survey readings showed net tightening of 37.7% for large and middle-market C&I loans and 31.3% for small-firm C&I loans; the business-loan delinquency rate was 1.24%.",Normal,0.9629335133,0.0366580339,0.0003817308,0.0000267220,0.3208500878,0.4118773946,0.4127418344,0.1379310345,calibration,False,False,market observations archived; FRED macro series use downloaded historical vintage
wide-credit-2021-01-08,2021-01-08,current broad US credit-market distress state,current weekly evidence snapshot,"As of 2021-01-08, broad US credit conditions were summarized from independent market and lending channels. The Baa-minus-Treasury spread was 2.19 percentage points (0.01 pp higher over the latest week), while the Baa-minus-Aaa quality dispersion was 0.84 percentage points. Over four weeks, high-yield credit returned +2.1% relative to investment-grade credit, and investment-grade credit returned -0.9% relative to short Treasuries. High-yield drawdown from its 13-week peak was -0.0%, with 13-week annualized volatility of 5.3%. The Federal Reserve credit-conditions index was -0.11 and the St. Louis financial-stress index was -0.48. The latest conservatively lagged bank survey readings showed net tightening of 37.7% for large and middle-market C&I loans and 31.3% for small-firm C&I loans; the business-loan delinquency rate was 1.24%.",Normal,0.9775001485,0.0222555699,0.0002283026,0.0000159790,0.2925680647,0.3578244275,0.4072843467,0.1125954198,calibration,False,False,market observations archived; FRED macro series use downloaded historical vintage
wide-credit-2021-01-15,2021-01-15,current broad US credit-market distress state,current weekly evidence snapshot,"As of 2021-01-15, broad US credit conditions were summarized from independent market and lending channels. The Baa-minus-Treasury spread was 2.13 percentage points (0.06 pp lower over the latest week), while the Baa-minus-Aaa quality dispersion was 0.78 percentage points. Over four weeks, high-yield credit returned +1.3% relative to investment-grade credit, and investment-grade credit returned -0.7% relative to short Treasuries. High-yield drawdown from its 13-week peak was 0.3%, with 13-week annualized volatility of 5.3%. The Federal Reserve credit-conditions index was -0.11 and the St. Louis financial-stress index was -0.52. The latest conservatively lagged bank survey readings showed net tightening of 37.7% for large and middle-market C&I loans and 31.3% for small-firm C&I loans; the business-loan delinquency rate was 1.24%.",Normal,0.9743342669,0.0253861838,0.0002612627,0.0000182866,0.2999871280,0.2937262357,0.5073758326,0.0988593156,test,False,False,market observations archived; FRED macro series use downloaded historical vintage
wide-credit-2021-01-22,2021-01-22,current broad US credit-market distress state,current weekly evidence snapshot,"As of 2021-01-22, broad US credit conditions were summarized from independent market and lending channels. The Baa-minus-Treasury spread was 2.14 percentage points (0.01 pp higher over the latest week), while the Baa-minus-Aaa quality dispersion was 0.73 percentage points. Over four weeks, high-yield credit returned +1.8% relative to investment-grade credit, and investment-grade credit returned -1.5% relative to short Treasuries. High-yield drawdown from its 13-week peak was 0.1%, with 13-week annualized volatility of 5.3%. The Federal Reserve credit-conditions index was -0.12 and the St. Louis financial-stress index was -0.50. The latest conservatively lagged bank survey readings showed net tightening of 37.7% for large and middle-market C&I loans and 31.3% for small-firm C&I loans; the business-loan delinquency rate was 1.24%.",Normal,0.9767541390,0.0229932892,0.0002360504,0.0000165214,0.2944040669,0.2888257576,0.4864318976,0.1079545455,conformal,False,False,market observations archived; FRED macro series use downloaded historical vintage
wide-credit-2021-01-29,2021-01-29,current broad US credit-market distress state,current weekly evidence snapshot,"As of 2021-01-29, broad US credit conditions were summarized from independent market and lending channels. The Baa-minus-Treasury spread was 2.17 percentage points (0.03 pp higher over the latest week), while the Baa-minus-Aaa quality dispersion was 0.77 percentage points. Over four weeks, high-yield credit returned +1.5% relative to investment-grade credit, and investment-grade credit returned -1.9% relative to short Treasuries. High-yield drawdown from its 13-week peak was 0.5%, with 13-week annualized volatility of 4.5%. The Federal Reserve credit-conditions index was -0.12 and the St. Louis financial-stress index was -0.25. The latest conservatively lagged bank survey readings showed net tightening of 37.7% for large and middle-market C&I loans and 31.3% for small-firm C&I loans; the business-loan delinquency rate was 1.24%.",Normal,0.9377501278,0.0615456988,0.0006580919,0.0000460814,0.3508220126,0.3141509434,0.5213339623,0.2169811321,calibration,False,False,market observations archived; FRED macro series use downloaded historical vintage
wide-credit-2021-02-05,2021-02-05,current broad US credit-market distress state,current weekly evidence snapshot,"As of 2021-02-05, broad US credit conditions were summarized from independent market and lending channels. The Baa-minus-Treasury spread was 2.18 percentage points (0.01 pp higher over the latest week), while the Baa-minus-Aaa quality dispersion was 0.74 percentage points. Over four weeks, high-yield credit returned +1.1% relative to investment-grade credit, and investment-grade credit returned -0.6% relative to short Treasuries. High-yield drawdown from its 13-week peak was -0.0%, with 13-week annualized volatility of 3.1%. The Federal Reserve credit-conditions index was -0.13 and the St. Louis financial-stress index was -0.57. The latest conservatively lagged bank survey readings showed net tightening of 37.7% for large and middle-market C&I loans and 31.3% for small-firm C&I loans; the business-loan delinquency rate was 1.24%.",Normal,0.9904212669,0.0094760786,0.0000959405,0.0000067140,0.2448778229,0.3101503759,0.3398966267,0.0845864662,test,False,False,market observations archived; FRED macro series use downloaded historical vintage
wide-credit-2021-02-12,2021-02-12,current broad US credit-market distress state,current weekly evidence snapshot,"As of 2021-02-12, broad US credit conditions were summarized from independent market and lending channels. The Baa-minus-Treasury spread was 2.19 percentage points (0.01 pp higher over the latest week), while the Baa-minus-Aaa quality dispersion was 0.74 percentage points. Over four weeks, high-yield credit returned +2.0% relative to investment-grade credit, and investment-grade credit returned -0.9% relative to short Treasuries. High-yield drawdown from its 13-week peak was -0.0%, with 13-week annualized volatility of 3.1%. The Federal Reserve credit-conditions index was -0.13 and the St. Louis financial-stress index was -0.75. The latest conservatively lagged bank survey readings showed net tightening of 37.7% for large and middle-market C&I loans and 31.3% for small-firm C&I loans; the business-loan delinquency rate was 1.24%.",Normal,0.9945123082,0.0054291201,0.0000547411,0.0000038307,0.2140140393,0.3192883895,0.3115177733,0.0112359551,prompt_validation,False,False,market observations archived; FRED macro series use downloaded historical vintage
wide-credit-2021-02-19,2021-02-19,current broad US credit-market distress state,current weekly evidence snapshot,"As of 2021-02-19, broad US credit conditions were summarized from independent market and lending channels. The Baa-minus-Treasury spread was 2.14 percentage points (0.05 pp lower over the latest week), while the Baa-minus-Aaa quality dispersion was 0.72 percentage points. Over four weeks, high-yield credit returned +2.3% relative to investment-grade credit, and investment-grade credit returned -1.7% relative to short Treasuries. High-yield drawdown from its 13-week peak was 0.3%, with 13-week annualized volatility of 3.2%. The Federal Reserve credit-conditions index was -0.14 and the St. Louis financial-stress index was -0.64. The latest conservatively lagged bank survey readings showed net tightening of 5.5% for large and middle-market C&I loans and 11.4% for small-firm C&I loans; the business-loan delinquency rate was 1.16%.",Normal,0.9884585120,0.0114175560,0.0001158263,0.0000081058,0.2552390840,0.2751865672,0.4289635208,0.0615671642,conformal,False,False,market observations archived; FRED macro series use downloaded historical vintage
wide-credit-2021-02-26,2021-02-26,current broad US credit-market distress state,current weekly evidence snapshot,"As of 2021-02-26, broad US credit conditions were summarized from independent market and lending channels. The Baa-minus-Treasury spread was 2.12 percentage points (0.02 pp lower over the latest week), while the Baa-minus-Aaa quality dispersion was 0.70 percentage points. Over four weeks, high-yield credit returned +2.1% relative to investment-grade credit, and investment-grade credit returned -2.2% relative to short Treasuries. High-yield drawdown from its 13-week peak was 1.5%, with 13-week annualized volatility of 4.2%. The Federal Reserve credit-conditions index was -0.14 and the St. Louis financial-stress index was -0.44. The latest conservatively lagged bank survey readings showed net tightening of 5.5% for large and middle-market C&I loans and 11.4% for small-firm C&I loans; the business-loan delinquency rate was 1.16%.",Normal,0.9686665819,0.0309901618,0.0003208010,0.0000224553,0.3112820602,0.2276951673,0.5555933924,0.1505576208,prompt_validation,False,False,market observations archived; FRED macro series use downloaded historical vintage
wide-credit-2021-03-05,2021-03-05,current broad US credit-market distress state,current weekly evidence snapshot,"As of 2021-03-05, broad US credit conditions were summarized from independent market and lending channels. The Baa-minus-Treasury spread was 2.13 percentage points (0.01 pp higher over the latest week), while the Baa-minus-Aaa quality dispersion was 0.72 percentage points. Over four weeks, high-yield credit returned +3.0% relative to investment-grade credit, and investment-grade credit returned -3.4% relative to short Treasuries. High-yield drawdown from its 13-week peak was 1.0%, with 13-week annualized volatility of 4.0%. The Federal Reserve credit-conditions index was -0.14 and the St. Louis financial-stress index was -0.39. The latest conservatively lagged bank survey readings showed net tightening of 5.5% for large and middle-market C&I loans and 11.4% for small-firm C&I loans; the business-loan delinquency rate was 1.16%.",Normal,0.9659158733,0.0337096848,0.0003499458,0.0000244961,0.3160665272,0.2611111111,0.5167181000,0.1703703704,test,False,False,market observations archived; FRED macro series use downloaded historical vintage
wide-credit-2021-03-12,2021-03-12,current broad US credit-market distress state,current weekly evidence snapshot,"As of 2021-03-12, broad US credit conditions were summarized from independent market and lending channels. The Baa-minus-Treasury spread was 2.19 percentage points (0.06 pp higher over the latest week), while the Baa-minus-Aaa quality dispersion was 0.70 percentage points. Over four weeks, high-yield credit returned +3.2% relative to investment-grade credit, and investment-grade credit returned -4.1% relative to short Treasuries. High-yield drawdown from its 13-week peak was 1.1%, with 13-week annualized volatility of 4.0%. The Federal Reserve credit-conditions index was -0.15 and the St. Louis financial-stress index was -0.49. The latest conservatively lagged bank survey readings showed net tightening of 5.5% for large and middle-market C&I loans and 11.4% for small-firm C&I loans; the business-loan delinquency rate was 1.16%.",Normal,0.9723369012,0.0273611821,0.0002821665,0.0000197501,0.3042218350,0.2739852399,0.5224441027,0.1162361624,calibration,False,False,market observations archived; FRED macro series use downloaded historical vintage
wide-credit-2021-03-19,2021-03-19,current broad US credit-market distress state,current weekly evidence snapshot,"As of 2021-03-19, broad US credit conditions were summarized from independent market and lending channels. The Baa-minus-Treasury spread was 2.10 percentage points (0.09 pp lower over the latest week), while the Baa-minus-Aaa quality dispersion was 0.71 percentage points. Over four weeks, high-yield credit returned +2.0% relative to investment-grade credit, and investment-grade credit returned -3.1% relative to short Treasuries. High-yield drawdown from its 13-week peak was 1.6%, with 13-week annualized volatility of 4.0%. The Federal Reserve credit-conditions index was -0.15 and the St. Louis financial-stress index was -0.53. The latest conservatively lagged bank survey readings showed net tightening of 5.5% for large and middle-market C&I loans and 11.4% for small-firm C&I loans; the business-loan delinquency rate was 1.16%.",Normal,0.9764197019,0.0233240058,0.0002395275,0.0000167649,0.2952085462,0.2316176471,0.5565815210,0.0974264706,test,False,False,market observations archived; FRED macro series use downloaded historical vintage
wide-credit-2021-03-26,2021-03-26,current broad US credit-market distress state,current weekly evidence snapshot,"As of 2021-03-26, broad US credit conditions were summarized from independent market and lending channels. The Baa-minus-Treasury spread was 2.09 percentage points (0.01 pp lower over the latest week), while the Baa-minus-Aaa quality dispersion was 0.70 percentage points. Over four weeks, high-yield credit returned +2.7% relative to investment-grade credit, and investment-grade credit returned -1.8% relative to short Treasuries. High-yield drawdown from its 13-week peak was 0.6%, with 13-week annualized volatility of 4.4%. The Federal Reserve credit-conditions index was -0.16 and the St. Louis financial-stress index was -0.61. The latest conservatively lagged bank survey readings showed net tightening of 5.5% for large and middle-market C&I loans and 11.4% for small-firm C&I loans; the business-loan delinquency rate was 1.16%.",Normal,0.9869997199,0.0128604795,0.0001306568,0.0000091438,0.2618665632,0.2078754579,0.5062956604,0.0714285714,calibration,False,False,market observations archived; FRED macro series use downloaded historical vintage
wide-credit-2021-04-02,2021-04-02,current broad US credit-market distress state,current weekly evidence snapshot,"As of 2021-04-02, broad US credit conditions were summarized from independent market and lending channels. The Baa-minus-Treasury spread was 1.98 percentage points (0.11 pp lower over the latest week), while the Baa-minus-Aaa quality dispersion was 0.76 percentage points. Over four weeks, high-yield credit returned +0.0% relative to investment-grade credit, and investment-grade credit returned +0.9% relative to short Treasuries. High-yield drawdown from its 13-week peak was 0.1%, with 13-week annualized volatility of 4.5%. The Federal Reserve credit-conditions index was -0.17 and the St. Louis financial-stress index was -0.71. The latest conservatively lagged bank survey readings showed net tightening of 5.5% for large and middle-market C&I loans and 11.4% for small-firm C&I loans; the business-loan delinquency rate was 1.16%.",Normal,0.9921369448,0.0077789317,0.0000786216,0.0000055019,0.2339272748,0.2363138686,0.4362708754,0.0291970803,prompt_validation,False,False,market observations archived; FRED macro series use downloaded historical vintage
wide-credit-2021-04-09,2021-04-09,current broad US credit-market distress state,current weekly evidence snapshot,"As of 2021-04-09, broad US credit conditions were summarized from independent market and lending channels. The Baa-minus-Treasury spread was 1.96 percentage points (0.02 pp lower over the latest week), while the Baa-minus-Aaa quality dispersion was 0.71 percentage points. Over four weeks, high-yield credit returned -0.6% relative to investment-grade credit, and investment-grade credit returned +1.8% relative to short Treasuries. High-yield drawdown from its 13-week peak was -0.0%, with 13-week annualized volatility of 4.5%. The Federal Reserve credit-conditions index was -0.17 and the St. Louis financial-stress index was -0.80. The latest conservatively lagged bank survey readings showed net tightening of 5.5% for large and middle-market C&I loans and 11.4% for small-firm C&I loans; the business-loan delinquency rate was 1.16%.",Normal,0.9968241661,0.0031420151,0.0000316071,0.0000022117,0.1838047727,0.1772727273,0.3686870452,0.0054545455,test,False,False,market observations archived; FRED macro series use downloaded historical vintage
wide-credit-2021-04-16,2021-04-16,current broad US credit-market distress state,current weekly evidence snapshot,"As of 2021-04-16, broad US credit conditions were summarized from independent market and lending channels. The Baa-minus-Treasury spread was 1.97 percentage points (0.01 pp higher over the latest week), while the Baa-minus-Aaa quality dispersion was 0.71 percentage points. Over four weeks, high-yield credit returned -0.3% relative to investment-grade credit, and investment-grade credit returned +2.1% relative to short Treasuries. High-yield drawdown from its 13-week peak was -0.0%, with 13-week annualized volatility of 4.5%. The Federal Reserve credit-conditions index was -0.18 and the St. Louis financial-stress index was -0.75. The latest conservatively lagged bank survey readings showed net tightening of 5.5% for large and middle-market C&I loans and 11.4% for small-firm C&I loans; the business-loan delinquency rate was 1.16%.",Normal,0.9972060577,0.0027642014,0.0000277958,0.0000019450,0.1767372892,0.1838768116,0.3336538967,0.0126811594,calibration,False,False,market observations archived; FRED macro series use downloaded historical vintage
wide-credit-2021-04-23,2021-04-23,current broad US credit-market distress state,current weekly evidence snapshot,"As of 2021-04-23, broad US credit conditions were summarized from independent market and lending channels. The Baa-minus-Treasury spread was 1.99 percentage points (0.02 pp higher over the latest week), while the Baa-minus-Aaa quality dispersion was 0.69 percentage points. Over four weeks, high-yield credit returned -0.9% relative to investment-grade credit, and investment-grade credit returned +1.8% relative to short Treasuries. High-yield drawdown from its 13-week peak was -0.0%, with 13-week annualized volatility of 4.5%. The Federal Reserve credit-conditions index was -0.19 and the St. Louis financial-stress index was -0.70. The latest conservatively lagged bank survey readings showed net tightening of 5.5% for large and middle-market C&I loans and 11.4% for small-firm C&I loans; the business-loan delinquency rate was 1.16%.",Normal,0.9961233449,0.0038353446,0.0000386088,0.0000027017,0.1948105883,0.1687725632,0.3795581188,0.0361010830,test,False,False,market observations archived; FRED macro series use downloaded historical vintage
wide-credit-2021-04-30,2021-04-30,current broad US credit-market distress state,current weekly evidence snapshot,"As of 2021-04-30, broad US credit conditions were summarized from independent market and lending channels. The Baa-minus-Treasury spread was 1.96 percentage points (0.03 pp lower over the latest week), while the Baa-minus-Aaa quality dispersion was 0.67 percentage points. Over four weeks, high-yield credit returned +0.0% relative to investment-grade credit, and investment-grade credit returned +0.4% relative to short Treasuries. High-yield drawdown from its 13-week peak was -0.0%, with 13-week annualized volatility of 4.3%. The Federal Reserve credit-conditions index was -0.19 and the St. Louis financial-stress index was -0.79. The latest conservatively lagged bank survey readings showed net tightening of 5.5% for large and middle-market C&I loans and 11.4% for small-firm C&I loans; the business-loan delinquency rate was 1.16%.",Normal,0.9972676584,0.0027032582,0.0000271813,0.0000019020,0.1755076871,0.1097122302,0.4096165864,0.0071942446,calibration,False,False,market observations archived; FRED macro series use downloaded historical vintage
wide-credit-2021-05-07,2021-05-07,current broad US credit-market distress state,current weekly evidence snapshot,"As of 2021-05-07, broad US credit conditions were summarized from independent market and lending channels. The Baa-minus-Treasury spread was 1.97 percentage points (0.01 pp higher over the latest week), while the Baa-minus-Aaa quality dispersion was 0.66 percentage points. Over four weeks, high-yield credit returned -0.4% relative to investment-grade credit, and investment-grade credit returned +0.8% relative to short Treasuries. High-yield drawdown from its 13-week peak was -0.0%, with 13-week annualized volatility of 3.9%. The Federal Reserve credit-conditions index was -0.19 and the St. Louis financial-stress index was -0.79. The latest conservatively lagged bank survey readings showed net tightening of 5.5% for large and middle-market C&I loans and 11.4% for small-firm C&I loans; the business-loan delinquency rate was 1.16%.",Normal,0.9977137060,0.0022619692,0.0000227340,0.0000015908,0.1656806193,0.1084229391,0.3796583453,0.0089605735,test,False,False,market observations archived; FRED macro series use downloaded historical vintage
wide-credit-2021-05-14,2021-05-14,current broad US credit-market distress state,current weekly evidence snapshot,"As of 2021-05-14, broad US credit conditions were summarized from independent market and lending channels. The Baa-minus-Treasury spread was 2.03 percentage points (0.06 pp higher over the latest week), while the Baa-minus-Aaa quality dispersion was 0.66 percentage points. Over four weeks, high-yield credit returned +0.0% relative to investment-grade credit, and investment-grade credit returned +0.1% relative to short Treasuries. High-yield drawdown from its 13-week peak was 0.1%, with 13-week annualized volatility of 3.9%. The Federal Reserve credit-conditions index was -0.19 and the St. Louis financial-stress index was -0.74. The latest conservatively lagged bank survey readings showed net tightening of 5.5% for large and middle-market C&I loans and 11.4% for small-firm C&I loans; the business-loan delinquency rate was 1.16%.",Normal,0.9949462259,0.0049998569,0.0000503909,0.0000035262,0.2094595640,0.1339285714,0.4694501206,0.0250000000,test,False,False,market observations archived; FRED macro series use downloaded historical vintage
wide-credit-2021-05-21,2021-05-21,current broad US credit-market distress state,current weekly evidence snapshot,"As of 2021-05-21, broad US credit conditions were summarized from independent market and lending channels. The Baa-minus-Treasury spread was 2.01 percentage points (0.02 pp lower over the latest week), while the Baa-minus-Aaa quality dispersion was 0.67 percentage points. Over four weeks, high-yield credit returned +0.2% relative to investment-grade credit, and investment-grade credit returned -0.2% relative to short Treasuries. High-yield drawdown from its 13-week peak was 0.2%, with 13-week annualized volatility of 3.8%. The Federal Reserve credit-conditions index was -0.19 and the St. Louis financial-stress index was -0.70. The latest conservatively lagged bank survey readings showed net tightening of -15.1% for large and middle-market C&I loans and -12.9% for small-firm C&I loans; the business-loan delinquency rate was 1.06%.",Normal,0.9932434667,0.0066843277,0.0000674832,0.0000047224,0.2255243766,0.1370106762,0.4897403896,0.0498220641,test,False,False,market observations archived; FRED macro series use downloaded historical vintage
wide-credit-2021-05-28,2021-05-28,current broad US credit-market distress state,current weekly evidence snapshot,"As of 2021-05-28, broad US credit conditions were summarized from independent market and lending channels. The Baa-minus-Treasury spread was 1.99 percentage points (0.02 pp lower over the latest week), while the Baa-minus-Aaa quality dispersion was 0.67 percentage points. Over four weeks, high-yield credit returned -0.6% relative to investment-grade credit, and investment-grade credit returned +0.6% relative to short Treasuries. High-yield drawdown from its 13-week peak was 0.2%, with 13-week annualized volatility of 2.7%. The Federal Reserve credit-conditions index was -0.18 and the St. Louis financial-stress index was -0.80. The latest conservatively lagged bank survey readings showed net tightening of -15.1% for large and middle-market C&I loans and -12.9% for small-firm C&I loans; the business-loan delinquency rate was 1.06%.",Normal,0.9962095289,0.0037500825,0.0000377472,0.0000026414,0.1935692989,0.1391843972,0.4255660527,0.0159574468,prompt_validation,False,False,market observations archived; FRED macro series use downloaded historical vintage
wide-credit-2021-06-04,2021-06-04,current broad US credit-market distress state,current weekly evidence snapshot,"As of 2021-06-04, broad US credit conditions were summarized from independent market and lending channels. The Baa-minus-Treasury spread was 1.98 percentage points (0.01 pp lower over the latest week), while the Baa-minus-Aaa quality dispersion was 0.66 percentage points. Over four weeks, high-yield credit returned -0.2% relative to investment-grade credit, and investment-grade credit returned +0.5% relative to short Treasuries. High-yield drawdown from its 13-week peak was -0.0%, with 13-week annualized volatility of 2.6%. The Federal Reserve credit-conditions index was -0.18 and the St. Louis financial-stress index was -0.84. The latest conservatively lagged bank survey readings showed net tightening of -15.1% for large and middle-market C&I loans and -12.9% for small-firm C&I loans; the business-loan delinquency rate was 1.06%.",Normal,0.9981590309,0.0018213910,0.0000182978,0.0000012804,0.1537408741,0.1183745583,0.3287137885,0.0141342756,calibration,False,False,market observations archived; FRED macro series use downloaded historical vintage
wide-credit-2021-06-11,2021-06-11,current broad US credit-market distress state,current weekly evidence snapshot,"As of 2021-06-11, broad US credit conditions were summarized from independent market and lending channels. The Baa-minus-Treasury spread was 1.97 percentage points (0.01 pp lower over the latest week), while the Baa-minus-Aaa quality dispersion was 0.64 percentage points. Over four weeks, high-yield credit returned -1.4% relative to investment-grade credit, and investment-grade credit returned +2.2% relative to short Treasuries. High-yield drawdown from its 13-week peak was -0.0%, with 13-week annualized volatility of 2.6%. The Federal Reserve credit-conditions index was -0.17 and the St. Louis financial-stress index was -0.78. The latest conservatively lagged bank survey readings showed net tightening of -15.1% for large and middle-market C&I loans and -12.9% for small-firm C&I loans; the business-loan delinquency rate was 1.06%.",Normal,0.9984542763,0.0015292902,0.0000153588,0.0000010747,0.1441106137,0.1038732394,0.2985290242,0.0299295775,test,False,False,market observations archived; FRED macro series use downloaded historical vintage
wide-credit-2021-06-18,2021-06-18,current broad US credit-market distress state,current weekly evidence snapshot,"As of 2021-06-18, broad US credit conditions were summarized from independent market and lending channels. The Baa-minus-Treasury spread was 1.85 percentage points (0.12 pp lower over the latest week), while the Baa-minus-Aaa quality dispersion was 0.66 percentage points. Over four weeks, high-yield credit returned -1.8% relative to investment-grade credit, and investment-grade credit returned +2.8% relative to short Treasuries. High-yield drawdown from its 13-week peak was 0.2%, with 13-week annualized volatility of 2.3%. The Federal Reserve credit-conditions index was -0.17 and the St. Louis financial-stress index was -0.76. The latest conservatively lagged bank survey readings showed net tightening of -15.1% for large and middle-market C&I loans and -12.9% for small-firm C&I loans; the business-loan delinquency rate was 1.06%.",Normal,0.9980346725,0.0019444242,0.0000195362,0.0000013670,0.1573428973,0.0614035088,0.3720286919,0.0385964912,calibration,False,False,market observations archived; FRED macro series use downloaded historical vintage
wide-credit-2021-06-25,2021-06-25,current broad US credit-market distress state,current weekly evidence snapshot,"As of 2021-06-25, broad US credit conditions were summarized from independent market and lending channels. The Baa-minus-Treasury spread was 1.90 percentage points (0.05 pp higher over the latest week), while the Baa-minus-Aaa quality dispersion was 0.67 percentage points. Over four weeks, high-yield credit returned -0.3% relative to investment-grade credit, and investment-grade credit returned +1.8% relative to short Treasuries. High-yield drawdown from its 13-week peak was -0.0%, with 13-week annualized volatility of 1.8%. The Federal Reserve credit-conditions index was -0.17 and the St. Louis financial-stress index was -0.79. The latest conservatively lagged bank survey readings showed net tightening of -15.1% for large and middle-market C&I loans and -12.9% for small-firm C&I loans; the business-loan delinquency rate was 1.06%.",Normal,0.9989050980,0.0010832666,0.0000108744,0.0000007609,0.1251202778,0.0970279720,0.2451160781,0.0332167832,conformal,False,False,market observations archived; FRED macro series use downloaded historical vintage
wide-credit-2021-07-02,2021-07-02,current broad US credit-market distress state,current weekly evidence snapshot,"As of 2021-07-02, broad US credit conditions were summarized from independent market and lending channels. The Baa-minus-Treasury spread was 1.87 percentage points (0.03 pp lower over the latest week), while the Baa-minus-Aaa quality dispersion was 0.69 percentage points. Over four weeks, high-yield credit returned -0.7% relative to investment-grade credit, and investment-grade credit returned +2.1% relative to short Treasuries. High-yield drawdown from its 13-week peak was -0.0%, with 13-week annualized volatility of 1.8%. The Federal Reserve credit-conditions index was -0.16 and the St. Louis financial-stress index was -0.83. The latest conservatively lagged bank survey readings showed net tightening of -15.1% for large and middle-market C&I loans and -12.9% for small-firm C&I loans; the business-loan delinquency rate was 1.06%.",Normal,0.9985261616,0.0014581703,0.0000146435,0.0000010247,0.1414874408,0.1306620209,0.2676678973,0.0261324042,calibration,False,False,market observations archived; FRED macro series use downloaded historical vintage
wide-credit-2021-07-09,2021-07-09,current broad US credit-market distress state,current weekly evidence snapshot,"As of 2021-07-09, broad US credit conditions were summarized from independent market and lending channels. The Baa-minus-Treasury spread was 1.91 percentage points (0.04 pp higher over the latest week), while the Baa-minus-Aaa quality dispersion was 0.66 percentage points. Over four weeks, high-yield credit returned -0.3% relative to investment-grade credit, and investment-grade credit returned +1.1% relative to short Treasuries. High-yield drawdown from its 13-week peak was 0.1%, with 13-week annualized volatility of 1.8%. The Federal Reserve credit-conditions index was -0.16 and the St. Louis financial-stress index was -0.70. The latest conservatively lagged bank survey readings showed net tightening of -15.1% for large and middle-market C&I loans and -12.9% for small-firm C&I loans; the business-loan delinquency rate was 1.06%.",Normal,0.9976899842,0.0022854380,0.0000229704,0.0000016074,0.1662496476,0.0902777778,0.3260058871,0.0824652778,test,False,False,market observations archived; FRED macro series use downloaded historical vintage
wide-credit-2021-07-16,2021-07-16,current broad US credit-market distress state,current weekly evidence snapshot,"As of 2021-07-16, broad US credit conditions were summarized from independent market and lending channels. The Baa-minus-Treasury spread was 1.93 percentage points (0.02 pp higher over the latest week), while the Baa-minus-Aaa quality dispersion was 0.68 percentage points. Over four weeks, high-yield credit returned -0.0% relative to investment-grade credit, and investment-grade credit returned +0.5% relative to short Treasuries. High-yield drawdown from its 13-week peak was 0.4%, with 13-week annualized volatility of 2.1%. The Federal Reserve credit-conditions index was -0.15 and the St. Louis financial-stress index was -0.79. The latest conservatively lagged bank survey readings showed net tightening of -15.1% for large and middle-market C&I loans and -12.9% for small-firm C&I loans; the business-loan delinquency rate was 1.06%.",Normal,0.9959164507,0.0040400251,0.0000406777,0.0000028465,0.1976816739,0.1375432526,0.4105190701,0.0449826990,calibration,False,False,market observations archived; FRED macro series use downloaded historical vintage
wide-credit-2021-07-23,2021-07-23,current broad US credit-market distress state,current weekly evidence snapshot,"As of 2021-07-23, broad US credit conditions were summarized from independent market and lending channels. The Baa-minus-Treasury spread was 1.93 percentage points (unchanged over the latest week), while the Baa-minus-Aaa quality dispersion was 0.66 percentage points. Over four weeks, high-yield credit returned -1.5% relative to investment-grade credit, and investment-grade credit returned +1.7% relative to short Treasuries. High-yield drawdown from its 13-week peak was 0.1%, with 13-week annualized volatility of 2.1%. The Federal Reserve credit-conditions index was -0.15 and the St. Louis financial-stress index was -0.56. The latest conservatively lagged bank survey readings showed net tightening of -15.1% for large and middle-market C&I loans and -12.9% for small-firm C&I loans; the business-loan delinquency rate was 1.06%.",Normal,0.9947841314,0.0051602131,0.0000520156,0.0000036399,0.2112048931,0.1017241379,0.3836146793,0.1482758621,conformal,False,False,market observations archived; FRED macro series use downloaded historical vintage
wide-credit-2021-07-30,2021-07-30,current broad US credit-market distress state,current weekly evidence snapshot,"As of 2021-07-30, broad US credit conditions were summarized from independent market and lending channels. The Baa-minus-Treasury spread was 1.95 percentage points (0.02 pp higher over the latest week), while the Baa-minus-Aaa quality dispersion was 0.68 percentage points. Over four weeks, high-yield credit returned -1.4% relative to investment-grade credit, and investment-grade credit returned +1.1% relative to short Treasuries. High-yield drawdown from its 13-week peak was 0.2%, with 13-week annualized volatility of 2.2%. The Federal Reserve credit-conditions index was -0.15 and the St. Louis financial-stress index was -0.75. The latest conservatively lagged bank survey readings showed net tightening of -15.1% for large and middle-market C&I loans and -12.9% for small-firm C&I loans; the business-loan delinquency rate was 1.06%.",Normal,0.9947668088,0.0051773499,0.0000521892,0.0000036521,0.2113882100,0.1477663230,0.4254017433,0.0609965636,conformal,False,False,market observations archived; FRED macro series use downloaded historical vintage
wide-credit-2021-08-06,2021-08-06,current broad US credit-market distress state,current weekly evidence snapshot,"As of 2021-08-06, broad US credit conditions were summarized from independent market and lending channels. The Baa-minus-Treasury spread was 1.94 percentage points (0.01 pp lower over the latest week), while the Baa-minus-Aaa quality dispersion was 0.67 percentage points. Over four weeks, high-yield credit returned -0.5% relative to investment-grade credit, and investment-grade credit returned +0.1% relative to short Treasuries. High-yield drawdown from its 13-week peak was 0.4%, with 13-week annualized volatility of 2.3%. The Federal Reserve credit-conditions index was -0.14 and the St. Louis financial-stress index was -0.67. The latest conservatively lagged bank survey readings showed net tightening of -15.1% for large and middle-market C&I loans and -12.9% for small-firm C&I loans; the business-loan delinquency rate was 1.06%.",Normal,0.9906586949,0.0092412189,0.0000935402,0.0000065460,0.2434841748,0.1267123288,0.4915826613,0.1121575342,prompt_validation,False,False,market observations archived; FRED macro series use downloaded historical vintage
wide-credit-2021-08-13,2021-08-13,current broad US credit-market distress state,current weekly evidence snapshot,"As of 2021-08-13, broad US credit conditions were summarized from independent market and lending channels. The Baa-minus-Treasury spread was 1.98 percentage points (0.04 pp higher over the latest week), while the Baa-minus-Aaa quality dispersion was 0.69 percentage points. Over four weeks, high-yield credit returned -0.2% relative to investment-grade credit, and investment-grade credit returned +0.2% relative to short Treasuries. High-yield drawdown from its 13-week peak was 0.4%, with 13-week annualized volatility of 2.2%. The Federal Reserve credit-conditions index was -0.14 and the St. Louis financial-stress index was -0.86. The latest conservatively lagged bank survey readings showed net tightening of -15.1% for large and middle-market C&I loans and -12.9% for small-firm C&I loans; the business-loan delinquency rate was 1.06%.",Normal,0.9933201300,0.0066084891,0.0000667125,0.0000046684,0.2248925037,0.1970989761,0.4366229036,0.0409556314,prompt_validation,False,False,market observations archived; FRED macro series use downloaded historical vintage
wide-credit-2021-08-20,2021-08-20,current broad US credit-market distress state,current weekly evidence snapshot,"As of 2021-08-20, broad US credit conditions were summarized from independent market and lending channels. The Baa-minus-Treasury spread was 1.96 percentage points (0.02 pp lower over the latest week), while the Baa-minus-Aaa quality dispersion was 0.71 percentage points. Over four weeks, high-yield credit returned -0.2% relative to investment-grade credit, and investment-grade credit returned -0.2% relative to short Treasuries. High-yield drawdown from its 13-week peak was 0.6%, with 13-week annualized volatility of 2.3%. The Federal Reserve credit-conditions index was -0.14 and the St. Louis financial-stress index was -0.61. The latest conservatively lagged bank survey readings showed net tightening of -32.4% for large and middle-market C&I loans and -25.7% for small-firm C&I loans; the business-loan delinquency rate was 1.03%.",Normal,0.9807228237,0.0190685637,0.0001949673,0.0000136454,0.2838847571,0.2117346939,0.4962120945,0.1437074830,test,False,False,market observations archived; FRED macro series use downloaded historical vintage
wide-credit-2021-08-27,2021-08-27,current broad US credit-market distress state,current weekly evidence snapshot,"As of 2021-08-27, broad US credit conditions were summarized from independent market and lending channels. The Baa-minus-Treasury spread was 1.92 percentage points (0.04 pp lower over the latest week), while the Baa-minus-Aaa quality dispersion was 0.69 percentage points. Over four weeks, high-yield credit returned +0.7% relative to investment-grade credit, and investment-grade credit returned -0.2% relative to short Treasuries. High-yield drawdown from its 13-week peak was -0.0%, with 13-week annualized volatility of 2.6%. The Federal Reserve credit-conditions index was -0.14 and the St. Louis financial-stress index was -0.76. The latest conservatively lagged bank survey readings showed net tightening of -32.4% for large and middle-market C&I loans and -25.7% for small-firm C&I loans; the business-loan delinquency rate was 1.03%.",Normal,0.9967620792,0.0032034387,0.0000322270,0.0000022551,0.1848730608,0.1576271186,0.3258056231,0.0711864407,prompt_validation,False,False,market observations archived; FRED macro series use downloaded historical vintage
wide-credit-2021-09-03,2021-09-03,current broad US credit-market distress state,current weekly evidence snapshot,"As of 2021-09-03, broad US credit conditions were summarized from independent market and lending channels. The Baa-minus-Treasury spread was 1.91 percentage points (0.01 pp lower over the latest week), while the Baa-minus-Aaa quality dispersion was 0.70 percentage points. Over four weeks, high-yield credit returned +0.6% relative to investment-grade credit, and investment-grade credit returned +0.4% relative to short Treasuries. High-yield drawdown from its 13-week peak was -0.0%, with 13-week annualized volatility of 2.6%. The Federal Reserve credit-conditions index was -0.14 and the St. Louis financial-stress index was -0.75. The latest conservatively lagged bank survey readings showed net tightening of -32.4% for large and middle-market C&I loans and -25.7% for small-firm C&I loans; the business-loan delinquency rate was 1.03%.",Normal,0.9972284206,0.0027420772,0.0000275728,0.0000019294,0.1762940612,0.1706081081,0.2822605620,0.0760135135,test,False,False,market observations archived; FRED macro series use downloaded historical vintage
wide-credit-2021-09-10,2021-09-10,current broad US credit-market distress state,current weekly evidence snapshot,"As of 2021-09-10, broad US credit conditions were summarized from independent market and lending channels. The Baa-minus-Treasury spread was 1.88 percentage points (0.03 pp lower over the latest week), while the Baa-minus-Aaa quality dispersion was 0.72 percentage points. Over four weeks, high-yield credit returned +0.4% relative to investment-grade credit, and investment-grade credit returned +0.3% relative to short Treasuries. High-yield drawdown from its 13-week peak was 0.2%, with 13-week annualized volatility of 2.6%. The Federal Reserve credit-conditions index was -0.14 and the St. Louis financial-stress index was -0.70. The latest conservatively lagged bank survey readings showed net tightening of -32.4% for large and middle-market C&I loans and -25.7% for small-firm C&I loans; the business-loan delinquency rate was 1.03%.",Normal,0.9933426725,0.0065861891,0.0000664858,0.0000046526,0.2247053343,0.1910774411,0.3828702117,0.1001683502,calibration,False,False,market observations archived; FRED macro series use downloaded historical vintage
wide-credit-2021-09-17,2021-09-17,current broad US credit-market distress state,current weekly evidence snapshot,"As of 2021-09-17, broad US credit conditions were summarized from independent market and lending channels. The Baa-minus-Treasury spread was 1.83 percentage points (0.05 pp lower over the latest week), while the Baa-minus-Aaa quality dispersion was 0.72 percentage points. Over four weeks, high-yield credit returned +0.9% relative to investment-grade credit, and investment-grade credit returned +0.3% relative to short Treasuries. High-yield drawdown from its 13-week peak was 0.0%, with 13-week annualized volatility of 2.6%. The Federal Reserve credit-conditions index was -0.14 and the St. Louis financial-stress index was -0.67. The latest conservatively lagged bank survey readings showed net tightening of -32.4% for large and middle-market C&I loans and -25.7% for small-firm C&I loans; the business-loan delinquency rate was 1.03%.",Normal,0.9956866913,0.0042673252,0.0000429762,0.0000030073,0.2007049954,0.1627516779,0.3219136440,0.1174496644,test,False,False,market observations archived; FRED macro series use downloaded historical vintage
wide-credit-2021-09-24,2021-09-24,current broad US credit-market distress state,current weekly evidence snapshot,"As of 2021-09-24, broad US credit conditions were summarized from independent market and lending channels. The Baa-minus-Treasury spread was 1.80 percentage points (0.03 pp lower over the latest week), while the Baa-minus-Aaa quality dispersion was 0.68 percentage points. Over four weeks, high-yield credit returned +0.4% relative to investment-grade credit, and investment-grade credit returned -0.0% relative to short Treasuries. High-yield drawdown from its 13-week peak was 0.1%, with 13-week annualized volatility of 2.4%. The Federal Reserve credit-conditions index was -0.14 and the St. Louis financial-stress index was -0.54. The latest conservatively lagged bank survey readings showed net tightening of -32.4% for large and middle-market C&I loans and -25.7% for small-firm C&I loans; the business-loan delinquency rate was 1.03%.",Normal,0.9945557839,0.0053861108,0.0000543051,0.0000038001,0.2135741670,0.0794314381,0.3907225009,0.1705685619,calibration,False,False,market observations archived; FRED macro series use downloaded historical vintage
wide-credit-2021-10-01,2021-10-01,current broad US credit-market distress state,current weekly evidence snapshot,"As of 2021-10-01, broad US credit conditions were summarized from independent market and lending channels. The Baa-minus-Treasury spread was 1.85 percentage points (0.05 pp higher over the latest week), while the Baa-minus-Aaa quality dispersion was 0.68 percentage points. Over four weeks, high-yield credit returned +0.4% relative to investment-grade credit, and investment-grade credit returned -0.7% relative to short Treasuries. High-yield drawdown from its 13-week peak was 0.3%, with 13-week annualized volatility of 2.3%. The Federal Reserve credit-conditions index was -0.14 and the St. Louis financial-stress index was -0.63. The latest conservatively lagged bank survey readings showed net tightening of -32.4% for large and middle-market C&I loans and -25.7% for small-firm C&I loans; the business-loan delinquency rate was 1.03%.",Normal,0.9921749559,0.0077413304,0.0000782386,0.0000054751,0.2336586450,0.1116666667,0.4551426018,0.1341666667,test,False,False,market observations archived; FRED macro series use downloaded historical vintage
wide-credit-2021-10-08,2021-10-08,current broad US credit-market distress state,current weekly evidence snapshot,"As of 2021-10-08, broad US credit conditions were summarized from independent market and lending channels. The Baa-minus-Treasury spread was 1.84 percentage points (0.01 pp lower over the latest week), while the Baa-minus-Aaa quality dispersion was 0.68 percentage points. Over four weeks, high-yield credit returned +1.5% relative to investment-grade credit, and investment-grade credit returned -2.2% relative to short Treasuries. High-yield drawdown from its 13-week peak was 1.1%, with 13-week annualized volatility of 2.8%. The Federal Reserve credit-conditions index was -0.14 and the St. Louis financial-stress index was -0.63. The latest conservatively lagged bank survey readings showed net tightening of -32.4% for large and middle-market C&I loans and -25.7% for small-firm C&I loans; the business-loan delinquency rate was 1.03%.",Normal,0.9901882871,0.0097065372,0.0000982968,0.0000068789,0.2462124964,0.1054817276,0.4977737019,0.1353820598,test,False,False,market observations archived; FRED macro series use downloaded historical vintage
wide-credit-2021-10-15,2021-10-15,current broad US credit-market distress state,current weekly evidence snapshot,"As of 2021-10-15, broad US credit conditions were summarized from independent market and lending channels. The Baa-minus-Treasury spread was 1.76 percentage points (0.08 pp lower over the latest week), while the Baa-minus-Aaa quality dispersion was 0.69 percentage points. Over four weeks, high-yield credit returned +0.9% relative to investment-grade credit, and investment-grade credit returned -1.1% relative to short Treasuries. High-yield drawdown from its 13-week peak was 0.6%, with 13-week annualized volatility of 2.9%. The Federal Reserve credit-conditions index was -0.14 and the St. Louis financial-stress index was -0.72. The latest conservatively lagged bank survey readings showed net tightening of -32.4% for large and middle-market C&I loans and -25.7% for small-firm C&I loans; the business-loan delinquency rate was 1.03%.",Normal,0.9932709032,0.0066571864,0.0000672074,0.0000047031,0.2252990622,0.0943708609,0.4921223521,0.0894039735,test,False,False,market observations archived; FRED macro series use downloaded historical vintage
wide-credit-2021-10-22,2021-10-22,current broad US credit-market distress state,current weekly evidence snapshot,"As of 2021-10-22, broad US credit conditions were summarized from independent market and lending channels. The Baa-minus-Treasury spread was 1.72 percentage points (0.04 pp lower over the latest week), while the Baa-minus-Aaa quality dispersion was 0.66 percentage points. Over four weeks, high-yield credit returned +0.9% relative to investment-grade credit, and investment-grade credit returned -1.4% relative to short Treasuries. High-yield drawdown from its 13-week peak was 1.0%, with 13-week annualized volatility of 2.9%. The Federal Reserve credit-conditions index was -0.14 and the St. Louis financial-stress index was -0.90. The latest conservatively lagged bank survey readings showed net tightening of -32.4% for large and middle-market C&I loans and -25.7% for small-firm C&I loans; the business-loan delinquency rate was 1.03%.",Normal,0.9952960414,0.0046537910,0.0000468866,0.0000032810,0.2054950304,0.0255775578,0.5331517578,0.0577557756,conformal,False,False,market observations archived; FRED macro series use downloaded historical vintage
wide-credit-2021-10-29,2021-10-29,current broad US credit-market distress state,current weekly evidence snapshot,"As of 2021-10-29, broad US credit conditions were summarized from independent market and lending channels. The Baa-minus-Treasury spread was 1.69 percentage points (0.03 pp lower over the latest week), while the Baa-minus-Aaa quality dispersion was 0.65 percentage points. Over four weeks, high-yield credit returned -0.4% relative to investment-grade credit, and investment-grade credit returned +0.2% relative to short Treasuries. High-yield drawdown from its 13-week peak was 0.9%, with 13-week annualized volatility of 2.9%. The Federal Reserve credit-conditions index was -0.13 and the St. Louis financial-stress index was -0.80. The latest conservatively lagged bank survey readings showed net tightening of -32.4% for large and middle-market C&I loans and -25.7% for small-firm C&I loans; the business-loan delinquency rate was 1.03%.",Normal,0.9949444697,0.0050015943,0.0000504085,0.0000035275,0.2094787705,0.0164473684,0.5396205221,0.0723684211,calibration,False,False,market observations archived; FRED macro series use downloaded historical vintage
wide-credit-2021-11-05,2021-11-05,current broad US credit-market distress state,current weekly evidence snapshot,"As of 2021-11-05, broad US credit conditions were summarized from independent market and lending channels. The Baa-minus-Treasury spread was 1.73 percentage points (0.04 pp higher over the latest week), while the Baa-minus-Aaa quality dispersion was 0.68 percentage points. Over four weeks, high-yield credit returned -1.3% relative to investment-grade credit, and investment-grade credit returned +2.6% relative to short Treasuries. High-yield drawdown from its 13-week peak was -0.0%, with 13-week annualized volatility of 3.5%. The Federal Reserve credit-conditions index was -0.13 and the St. Louis financial-stress index was -0.67. The latest conservatively lagged bank survey readings showed net tightening of -32.4% for large and middle-market C&I loans and -25.7% for small-firm C&I loans; the business-loan delinquency rate was 1.03%.",Normal,0.9966433349,0.0033209142,0.0000334128,0.0000023381,0.1868605239,0.0721311475,0.3515651782,0.1368852459,test,False,False,market observations archived; FRED macro series use downloaded historical vintage
wide-credit-2021-11-12,2021-11-12,current broad US credit-market distress state,current weekly evidence snapshot,"As of 2021-11-12, broad US credit conditions were summarized from independent market and lending channels. The Baa-minus-Treasury spread was 1.69 percentage points (0.04 pp lower over the latest week), while the Baa-minus-Aaa quality dispersion was 0.66 percentage points. Over four weeks, high-yield credit returned -0.1% relative to investment-grade credit, and investment-grade credit returned +0.2% relative to short Treasuries. High-yield drawdown from its 13-week peak was 0.7%, with 13-week annualized volatility of 3.9%. The Federal Reserve credit-conditions index was -0.12 and the St. Louis financial-stress index was -0.78. The latest conservatively lagged bank survey readings showed net tightening of -32.4% for large and middle-market C&I loans and -25.7% for small-firm C&I loans; the business-loan delinquency rate was 1.03%.",Normal,0.9933218300,0.0066068074,0.0000666954,0.0000046672,0.2248784105,0.0277777778,0.5529032053,0.0939542484,test,False,False,market observations archived; FRED macro series use downloaded historical vintage
wide-credit-2021-11-19,2021-11-19,current broad US credit-market distress state,current weekly evidence snapshot,"As of 2021-11-19, broad US credit conditions were summarized from independent market and lending channels. The Baa-minus-Treasury spread was 1.73 percentage points (0.04 pp higher over the latest week), while the Baa-minus-Aaa quality dispersion was 0.64 percentage points. Over four weeks, high-yield credit returned -0.8% relative to investment-grade credit, and investment-grade credit returned +0.8% relative to short Treasuries. High-yield drawdown from its 13-week peak was 1.1%, with 13-week annualized volatility of 3.9%. The Federal Reserve credit-conditions index was -0.12 and the St. Louis financial-stress index was -0.68. The latest conservatively lagged bank survey readings showed net tightening of -18.2% for large and middle-market C&I loans and -11.1% for small-firm C&I loans; the business-loan delinquency rate was 1.12%.",Normal,0.9906797933,0.0092203486,0.0000933270,0.0000065311,0.2433586389,0.0228013029,0.5655808027,0.1416938111,test,False,False,market observations archived; FRED macro series use downloaded historical vintage
wide-credit-2021-11-26,2021-11-26,current broad US credit-market distress state,current weekly evidence snapshot,"As of 2021-11-26, broad US credit conditions were summarized from independent market and lending channels. The Baa-minus-Treasury spread was 1.82 percentage points (0.09 pp higher over the latest week), while the Baa-minus-Aaa quality dispersion was 0.69 percentage points. Over four weeks, high-yield credit returned -1.0% relative to investment-grade credit, and investment-grade credit returned -0.4% relative to short Treasuries. High-yield drawdown from its 13-week peak was 2.3%, with 13-week annualized volatility of 4.3%. The Federal Reserve credit-conditions index was -0.11 and the St. Louis financial-stress index was -0.48. The latest conservatively lagged bank survey readings showed net tightening of -18.2% for large and middle-market C&I loans and -11.1% for small-firm C&I loans; the business-loan delinquency rate was 1.12%.",Normal,0.9202576474,0.0788233548,0.0008588461,0.0000601517,0.3654780939,0.1371753247,0.7230576585,0.2362012987,conformal,False,False,market observations archived; FRED macro series use downloaded historical vintage
wide-credit-2021-12-03,2021-12-03,current broad US credit-market distress state,current weekly evidence snapshot,"As of 2021-12-03, broad US credit conditions were summarized from independent market and lending channels. The Baa-minus-Treasury spread was 1.81 percentage points (0.01 pp lower over the latest week), while the Baa-minus-Aaa quality dispersion was 0.67 percentage points. Over four weeks, high-yield credit returned -1.2% relative to investment-grade credit, and investment-grade credit returned +0.1% relative to short Treasuries. High-yield drawdown from its 13-week peak was 1.4%, with 13-week annualized volatility of 4.7%. The Federal Reserve credit-conditions index was -0.11 and the St. Louis financial-stress index was -0.16. The latest conservatively lagged bank survey readings showed net tightening of -18.2% for large and middle-market C&I loans and -11.1% for small-firm C&I loans; the business-loan delinquency rate was 1.12%.",Normal,0.8939211515,0.1048207431,0.0011757317,0.0000823737,0.3827710803,0.0865695793,0.6960478688,0.3656957929,test,False,False,market observations archived; FRED macro series use downloaded historical vintage
wide-credit-2021-12-10,2021-12-10,current broad US credit-market distress state,current weekly evidence snapshot,"As of 2021-12-10, broad US credit conditions were summarized from independent market and lending channels. The Baa-minus-Treasury spread was 1.83 percentage points (0.02 pp higher over the latest week), while the Baa-minus-Aaa quality dispersion was 0.64 percentage points. Over four weeks, high-yield credit returned +0.0% relative to investment-grade credit, and investment-grade credit returned +0.3% relative to short Treasuries. High-yield drawdown from its 13-week peak was 0.7%, with 13-week annualized volatility of 5.0%. The Federal Reserve credit-conditions index was -0.10 and the St. Louis financial-stress index was -0.70. The latest conservatively lagged bank survey readings showed net tightening of -18.2% for large and middle-market C&I loans and -11.1% for small-firm C&I loans; the business-loan delinquency rate was 1.12%.",Normal,0.9878310556,0.0120381926,0.0001221999,0.0000085519,0.2581856511,0.0524193548,0.5721375985,0.1500000000,test,False,False,market observations archived; FRED macro series use downloaded historical vintage
wide-credit-2021-12-17,2021-12-17,current broad US credit-market distress state,current weekly evidence snapshot,"As of 2021-12-17, broad US credit conditions were summarized from independent market and lending channels. The Baa-minus-Treasury spread was 1.87 percentage points (0.04 pp higher over the latest week), while the Baa-minus-Aaa quality dispersion was 0.65 percentage points. Over four weeks, high-yield credit returned +0.1% relative to investment-grade credit, and investment-grade credit returned +0.5% relative to short Treasuries. High-yield drawdown from its 13-week peak was 0.6%, with 13-week annualized volatility of 5.0%. The Federal Reserve credit-conditions index was -0.10 and the St. Louis financial-stress index was -0.49. The latest conservatively lagged bank survey readings showed net tightening of -18.2% for large and middle-market C&I loans and -11.1% for small-firm C&I loans; the business-loan delinquency rate was 1.12%.",Normal,0.9784476118,0.0213186173,0.0002184796,0.0000152914,0.2901485663,0.0827974277,0.5424714224,0.2451768489,calibration,False,False,market observations archived; FRED macro series use downloaded historical vintage
wide-credit-2021-12-24,2021-12-24,current broad US credit-market distress state,current weekly evidence snapshot,"As of 2021-12-24, broad US credit conditions were summarized from independent market and lending channels. The Baa-minus-Treasury spread was 1.86 percentage points (0.01 pp lower over the latest week), while the Baa-minus-Aaa quality dispersion was 0.62 percentage points. Over four weeks, high-yield credit returned +2.3% relative to investment-grade credit, and investment-grade credit returned +0.6% relative to short Treasuries. High-yield drawdown from its 13-week peak was -0.0%, with 13-week annualized volatility of 5.3%. The Federal Reserve credit-conditions index was -0.10 and the St. Louis financial-stress index was -0.57. The latest conservatively lagged bank survey readings showed net tightening of -18.2% for large and middle-market C&I loans and -11.1% for small-firm C&I loans; the business-loan delinquency rate was 1.12%.",Normal,0.9956206669,0.0043326426,0.0000436369,0.0000030536,0.2015441563,0.0681089744,0.3177734946,0.2187500000,calibration,False,False,market observations archived; FRED macro series use downloaded historical vintage
wide-credit-2021-12-31,2021-12-31,current broad US credit-market distress state,current weekly evidence snapshot,"As of 2021-12-31, broad US credit conditions were summarized from independent market and lending channels. The Baa-minus-Treasury spread was 1.85 percentage points (0.01 pp lower over the latest week), while the Baa-minus-Aaa quality dispersion was 0.66 percentage points. Over four weeks, high-yield credit returned +2.7% relative to investment-grade credit, and investment-grade credit returned -1.0% relative to short Treasuries. High-yield drawdown from its 13-week peak was 0.2%, with 13-week annualized volatility of 5.3%. The Federal Reserve credit-conditions index was -0.10 and the St. Louis financial-stress index was -0.76. The latest conservatively lagged bank survey readings showed net tightening of -18.2% for large and middle-market C&I loans and -11.1% for small-firm C&I loans; the business-loan delinquency rate was 1.12%.",Normal,0.9915712713,0.0083385024,0.0000843252,0.0000059011,0.2377795317,0.0918530351,0.4912938667,0.1301916933,conformal,False,False,market observations archived; FRED macro series use downloaded historical vintage
wide-credit-2022-01-07,2022-01-07,current broad US credit-market distress state,current weekly evidence snapshot,"As of 2022-01-07, broad US credit conditions were summarized from independent market and lending channels. The Baa-minus-Treasury spread was 1.78 percentage points (0.07 pp lower over the latest week), while the Baa-minus-Aaa quality dispersion was 0.66 percentage points. Over four weeks, high-yield credit returned +1.6% relative to investment-grade credit, and investment-grade credit returned -1.8% relative to short Treasuries. High-yield drawdown from its 13-week peak was 1.5%, with 13-week annualized volatility of 5.8%. The Federal Reserve credit-conditions index was -0.09 and the St. Louis financial-stress index was -0.70. The latest conservatively lagged bank survey readings showed net tightening of -18.2% for large and middle-market C&I loans and -11.1% for small-firm C&I loans; the business-loan delinquency rate was 1.12%.",Normal,0.9777338549,0.0220244579,0.0002258779,0.0000158093,0.2919806426,0.0501592357,0.6458463865,0.1799363057,calibration,False,False,market observations archived; FRED macro series use downloaded historical vintage
wide-credit-2022-01-14,2022-01-14,current broad US credit-market distress state,current weekly evidence snapshot,"As of 2022-01-14, broad US credit conditions were summarized from independent market and lending channels. The Baa-minus-Treasury spread was 1.79 percentage points (0.01 pp higher over the latest week), while the Baa-minus-Aaa quality dispersion was 0.65 percentage points. Over four weeks, high-yield credit returned +2.6% relative to investment-grade credit, and investment-grade credit returned -2.4% relative to short Treasuries. High-yield drawdown from its 13-week peak was 1.2%, with 13-week annualized volatility of 5.7%. The Federal Reserve credit-conditions index was -0.09 and the St. Louis financial-stress index was -0.66. The latest conservatively lagged bank survey readings showed net tightening of -18.2% for large and middle-market C&I loans and -11.1% for small-firm C&I loans; the business-loan delinquency rate was 1.12%.",Normal,0.9758154026,0.0239215760,0.0002458163,0.0000172051,0.2966343390,0.0452380952,0.6168871440,0.2277777778,calibration,False,False,market observations archived; FRED macro series use downloaded historical vintage
wide-credit-2022-01-21,2022-01-21,current broad US credit-market distress state,current weekly evidence snapshot,"As of 2022-01-21, broad US credit conditions were summarized from independent market and lending channels. The Baa-minus-Treasury spread was 1.84 percentage points (0.05 pp higher over the latest week), while the Baa-minus-Aaa quality dispersion was 0.64 percentage points. Over four weeks, high-yield credit returned +0.9% relative to investment-grade credit, and investment-grade credit returned -2.4% relative to short Treasuries. High-yield drawdown from its 13-week peak was 2.0%, with 13-week annualized volatility of 5.8%. The Federal Reserve credit-conditions index was -0.07 and the St. Louis financial-stress index was -0.38. The latest conservatively lagged bank survey readings showed net tightening of -18.2% for large and middle-market C&I loans and -11.1% for small-firm C&I loans; the business-loan delinquency rate was 1.12%.",Normal,0.9009838003,0.0978509551,0.0010889575,0.0000762870,0.3785487906,0.0648734177,0.7005197895,0.3702531646,prompt_validation,False,False,market observations archived; FRED macro series use downloaded historical vintage
wide-credit-2022-01-28,2022-01-28,current broad US credit-market distress state,current weekly evidence snapshot,"As of 2022-01-28, broad US credit conditions were summarized from independent market and lending channels. The Baa-minus-Treasury spread was 1.91 percentage points (0.07 pp higher over the latest week), while the Baa-minus-Aaa quality dispersion was 0.64 percentage points. Over four weeks, high-yield credit returned +1.0% relative to investment-grade credit, and investment-grade credit returned -3.0% relative to short Treasuries. High-yield drawdown from its 13-week peak was 2.9%, with 13-week annualized volatility of 6.1%. The Federal Reserve credit-conditions index was -0.06 and the St. Louis financial-stress index was -0.19. The latest conservatively lagged bank survey readings showed net tightening of -18.2% for large and middle-market C&I loans and -11.1% for small-firm C&I loans; the business-loan delinquency rate was 1.12%.",Normal,0.7672710549,0.2295194284,0.0029989912,0.0002105256,0.4343868873,0.1104100946,0.7195644475,0.4731861199,calibration,False,False,market observations archived; FRED macro series use downloaded historical vintage
wide-credit-2022-02-04,2022-02-04,current broad US credit-market distress state,current weekly evidence snapshot,"As of 2022-02-04, broad US credit conditions were summarized from independent market and lending channels. The Baa-minus-Treasury spread was 1.92 percentage points (0.01 pp higher over the latest week), while the Baa-minus-Aaa quality dispersion was 0.63 percentage points. Over four weeks, high-yield credit returned +1.1% relative to investment-grade credit, and investment-grade credit returned -2.5% relative to short Treasuries. High-yield drawdown from its 13-week peak was 3.5%, with 13-week annualized volatility of 5.7%. The Federal Reserve credit-conditions index was -0.05 and the St. Louis financial-stress index was -0.51. The latest conservatively lagged bank survey readings showed net tightening of -18.2% for large and middle-market C&I loans and -11.1% for small-firm C&I loans; the business-loan delinquency rate was 1.12%.",Normal,0.8613193213,0.1369744223,0.0015944934,0.0001117630,0.3995539789,0.1147798742,0.7010204271,0.3828616352,calibration,False,False,market observations archived; FRED macro series use downloaded historical vintage
wide-credit-2022-02-11,2022-02-11,current broad US credit-market distress state,current weekly evidence snapshot,"As of 2022-02-11, broad US credit conditions were summarized from independent market and lending channels. The Baa-minus-Treasury spread was 2.00 percentage points (0.08 pp higher over the latest week), while the Baa-minus-Aaa quality dispersion was 0.70 percentage points. Over four weeks, high-yield credit returned -0.5% relative to investment-grade credit, and investment-grade credit returned -2.4% relative to short Treasuries. High-yield drawdown from its 13-week peak was 4.8%, with 13-week annualized volatility of 6.0%. The Federal Reserve credit-conditions index was -0.03 and the St. Louis financial-stress index was -0.58. The latest conservatively lagged bank survey readings showed net tightening of -18.2% for large and middle-market C&I loans and -11.1% for small-firm C&I loans; the business-loan delinquency rate was 1.12%.",Normal,0.5057666464,0.4839665753,0.0095888528,0.0006779256,0.4987312815,0.2844827586,0.8245637506,0.3871473354,test,False,False,market observations archived; FRED macro series use downloaded historical vintage
wide-credit-2022-02-18,2022-02-18,current broad US credit-market distress state,current weekly evidence snapshot,"As of 2022-02-18, broad US credit conditions were summarized from independent market and lending channels. The Baa-minus-Treasury spread was 2.13 percentage points (0.13 pp higher over the latest week), while the Baa-minus-Aaa quality dispersion was 0.76 percentage points. Over four weeks, high-yield credit returned +1.3% relative to investment-grade credit, and investment-grade credit returned -3.2% relative to short Treasuries. High-yield drawdown from its 13-week peak was 4.6%, with 13-week annualized volatility of 6.1%. The Federal Reserve credit-conditions index was -0.01 and the St. Louis financial-stress index was -0.16. The latest conservatively lagged bank survey readings showed net tightening of -14.5% for large and middle-market C&I loans and -9.4% for small-firm C&I loans; the business-loan delinquency rate was 1.05%.",Elevated,0.2190954668,0.7444484312,0.0339878701,0.0024682319,0.5699019942,0.3976562500,0.7089247327,0.6031250000,prompt_validation,False,False,market observations archived; FRED macro series use downloaded historical vintage
wide-credit-2022-02-25,2022-02-25,current broad US credit-market distress state,current weekly evidence snapshot,"As of 2022-02-25, broad US credit conditions were summarized from independent market and lending channels. The Baa-minus-Treasury spread was 2.20 percentage points (0.07 pp higher over the latest week), while the Baa-minus-Aaa quality dispersion was 0.80 percentage points. Over four weeks, high-yield credit returned +2.3% relative to investment-grade credit, and investment-grade credit returned -2.5% relative to short Treasuries. High-yield drawdown from its 13-week peak was 3.7%, with 13-week annualized volatility of 6.1%. The Federal Reserve credit-conditions index was 0.01 and the St. Louis financial-stress index was 0.00. The latest conservatively lagged bank survey readings showed net tightening of -14.5% for large and middle-market C&I loans and -9.4% for small-firm C&I loans; the business-loan delinquency rate was 1.05%.",Elevated,0.1134463975,0.8099520449,0.0712057154,0.0053958422,0.6130806123,0.4571651090,0.6663446405,0.7157320872,test,False,False,market observations archived; FRED macro series use downloaded historical vintage
wide-credit-2022-03-04,2022-03-04,current broad US credit-market distress state,current weekly evidence snapshot,"As of 2022-03-04, broad US credit conditions were summarized from independent market and lending channels. The Baa-minus-Treasury spread was 2.31 percentage points (0.11 pp higher over the latest week), while the Baa-minus-Aaa quality dispersion was 0.81 percentage points. Over four weeks, high-yield credit returned +0.1% relative to investment-grade credit, and investment-grade credit returned -1.1% relative to short Treasuries. High-yield drawdown from its 13-week peak was 4.6%, with 13-week annualized volatility of 5.8%. The Federal Reserve credit-conditions index was 0.02 and the St. Louis financial-stress index was 0.31. The latest conservatively lagged bank survey readings showed net tightening of -14.5% for large and middle-market C&I loans and -9.4% for small-firm C&I loans; the business-loan delinquency rate was 1.05%.",Elevated,0.0271503616,0.6972939949,0.2512842987,0.0242713448,0.6968361544,0.5481366460,0.7426823761,0.7996894410,conformal,False,False,market observations archived; FRED macro series use downloaded historical vintage
wide-credit-2022-03-11,2022-03-11,current broad US credit-market distress state,current weekly evidence snapshot,"As of 2022-03-11, broad US credit conditions were summarized from independent market and lending channels. The Baa-minus-Treasury spread was 2.35 percentage points (0.04 pp higher over the latest week), while the Baa-minus-Aaa quality dispersion was 0.88 percentage points. Over four weeks, high-yield credit returned +1.9% relative to investment-grade credit, and investment-grade credit returned -3.2% relative to short Treasuries. High-yield drawdown from its 13-week peak was 6.5%, with 13-week annualized volatility of 6.3%. The Federal Reserve credit-conditions index was 0.04 and the St. Louis financial-stress index was 0.15. The latest conservatively lagged bank survey readings showed net tightening of -14.5% for large and middle-market C&I loans and -9.4% for small-firm C&I loans; the business-loan delinquency rate was 1.05%.",Elevated,0.0265922282,0.6935708078,0.2550549577,0.0247820063,0.6980101245,0.6253869969,0.6954235625,0.7732198142,conformal,False,False,market observations archived; FRED macro series use downloaded historical vintage
wide-credit-2022-03-18,2022-03-18,current broad US credit-market distress state,current weekly evidence snapshot,"As of 2022-03-18, broad US credit conditions were summarized from independent market and lending channels. The Baa-minus-Treasury spread was 2.14 percentage points (0.21 pp lower over the latest week), while the Baa-minus-Aaa quality dispersion was 1.00 percentage points. Over four weeks, high-yield credit returned +1.3% relative to investment-grade credit, and investment-grade credit returned -0.6% relative to short Treasuries. High-yield drawdown from its 13-week peak was 4.6%, with 13-week annualized volatility of 8.0%. The Federal Reserve credit-conditions index was 0.05 and the St. Louis financial-stress index was -0.31. The latest conservatively lagged bank survey readings showed net tightening of -14.5% for large and middle-market C&I loans and -9.4% for small-firm C&I loans; the business-loan delinquency rate was 1.05%.",Elevated,0.0767269074,0.8100046746,0.1049839566,0.0082844614,0.6368219933,0.5918209877,0.6944165971,0.6242283951,conformal,False,False,market observations archived; FRED macro series use downloaded historical vintage
wide-credit-2022-03-25,2022-03-25,current broad US credit-market distress state,current weekly evidence snapshot,"As of 2022-03-25, broad US credit conditions were summarized from independent market and lending channels. The Baa-minus-Treasury spread was 1.96 percentage points (0.18 pp lower over the latest week), while the Baa-minus-Aaa quality dispersion was 0.90 percentage points. Over four weeks, high-yield credit returned +0.8% relative to investment-grade credit, and investment-grade credit returned -2.0% relative to short Treasuries. High-yield drawdown from its 13-week peak was 5.9%, with 13-week annualized volatility of 7.8%. The Federal Reserve credit-conditions index was 0.05 and the St. Louis financial-stress index was -0.61. The latest conservatively lagged bank survey readings showed net tightening of -14.5% for large and middle-market C&I loans and -9.4% for small-firm C&I loans; the business-loan delinquency rate was 1.05%.",Elevated,0.2406151503,0.7269686773,0.0302300063,0.0021861661,0.5632120460,0.4230769231,0.7619438302,0.5046153846,calibration,False,False,market observations archived; FRED macro series use downloaded historical vintage
wide-credit-2022-04-01,2022-04-01,current broad US credit-market distress state,current weekly evidence snapshot,"As of 2022-04-01, broad US credit conditions were summarized from independent market and lending channels. The Baa-minus-Treasury spread was 1.81 percentage points (0.15 pp lower over the latest week), while the Baa-minus-Aaa quality dispersion was 0.88 percentage points. Over four weeks, high-yield credit returned +1.6% relative to investment-grade credit, and investment-grade credit returned -0.2% relative to short Treasuries. High-yield drawdown from its 13-week peak was 3.7%, with 13-week annualized volatility of 8.5%. The Federal Reserve credit-conditions index was 0.06 and the St. Louis financial-stress index was -0.47. The latest conservatively lagged bank survey readings showed net tightening of -14.5% for large and middle-market C&I loans and -9.4% for small-firm C&I loans; the business-loan delinquency rate was 1.05%.",Elevated,0.4528145511,0.5345202279,0.0118270268,0.0008381942,0.5104117812,0.3090490798,0.6547016011,0.5674846626,test,False,False,market observations archived; FRED macro series use downloaded historical vintage
wide-credit-2022-04-08,2022-04-08,current broad US credit-market distress state,current weekly evidence snapshot,"As of 2022-04-08, broad US credit conditions were summarized from independent market and lending channels. The Baa-minus-Treasury spread was 1.78 percentage points (0.03 pp lower over the latest week), while the Baa-minus-Aaa quality dispersion was 0.90 percentage points. Over four weeks, high-yield credit returned +1.9% relative to investment-grade credit, and investment-grade credit returned -1.0% relative to short Treasuries. High-yield drawdown from its 13-week peak was 5.7%, with 13-week annualized volatility of 9.0%. The Federal Reserve credit-conditions index was 0.06 and the St. Louis financial-stress index was -0.37. The latest conservatively lagged bank survey readings showed net tightening of -14.5% for large and middle-market C&I loans and -9.4% for small-firm C&I loans; the business-loan delinquency rate was 1.05%.",Elevated,0.3039870854,0.6722845925,0.0221413580,0.0015869640,0.5455610649,0.3256880734,0.6947871701,0.6162079511,test,False,False,market observations archived; FRED macro series use downloaded historical vintage
wide-credit-2022-04-15,2022-04-15,current broad US credit-market distress state,current weekly evidence snapshot,"As of 2022-04-15, broad US credit conditions were summarized from independent market and lending channels. The Baa-minus-Treasury spread was 1.93 percentage points (0.15 pp higher over the latest week), while the Baa-minus-Aaa quality dispersion was 0.88 percentage points. Over four weeks, high-yield credit returned +2.8% relative to investment-grade credit, and investment-grade credit returned -4.4% relative to short Treasuries. High-yield drawdown from its 13-week peak was 5.0%, with 13-week annualized volatility of 8.9%. The Federal Reserve credit-conditions index was 0.07 and the St. Louis financial-stress index was -0.28. The latest conservatively lagged bank survey readings showed net tightening of -14.5% for large and middle-market C&I loans and -9.4% for small-firm C&I loans; the business-loan delinquency rate was 1.05%.",Elevated,0.1892058333,0.7672840117,0.0405440897,0.0029660653,0.5800348303,0.3810975610,0.7141898567,0.6448170732,test,False,False,market observations archived; FRED macro series use downloaded historical vintage
wide-credit-2022-04-22,2022-04-22,current broad US credit-market distress state,current weekly evidence snapshot,"As of 2022-04-22, broad US credit conditions were summarized from independent market and lending channels. The Baa-minus-Treasury spread was 1.96 percentage points (0.03 pp higher over the latest week), while the Baa-minus-Aaa quality dispersion was 0.90 percentage points. Over four weeks, high-yield credit returned +2.7% relative to investment-grade credit, and investment-grade credit returned -4.2% relative to short Treasuries. High-yield drawdown from its 13-week peak was 5.3%, with 13-week annualized volatility of 9.1%. The Federal Reserve credit-conditions index was 0.08 and the St. Louis financial-stress index was -0.38. The latest conservatively lagged bank survey readings showed net tightening of -14.5% for large and middle-market C&I loans and -9.4% for small-firm C&I loans; the business-loan delinquency rate was 1.05%.",Elevated,0.1727477547,0.7788767597,0.0450620478,0.0033134378,0.5861452458,0.4270516717,0.7174023027,0.6139817629,test,False,False,market observations archived; FRED macro series use downloaded historical vintage
wide-credit-2022-04-29,2022-04-29,current broad US credit-market distress state,current weekly evidence snapshot,"As of 2022-04-29, broad US credit conditions were summarized from independent market and lending channels. The Baa-minus-Treasury spread was 2.05 percentage points (0.09 pp higher over the latest week), while the Baa-minus-Aaa quality dispersion was 0.93 percentage points. Over four weeks, high-yield credit returned +3.0% relative to investment-grade credit, and investment-grade credit returned -6.7% relative to short Treasuries. High-yield drawdown from its 13-week peak was 5.5%, with 13-week annualized volatility of 9.1%. The Federal Reserve credit-conditions index was 0.08 and the St. Louis financial-stress index was 0.19. The latest conservatively lagged bank survey readings showed net tightening of -14.5% for large and middle-market C&I loans and -9.4% for small-firm C&I loans; the business-loan delinquency rate was 1.05%.",Elevated,0.0396635643,0.7558691301,0.1879367588,0.0165305468,0.6752767878,0.5090909091,0.7152243029,0.8015151515,calibration,False,False,market observations archived; FRED macro series use downloaded historical vintage
wide-credit-2022-05-06,2022-05-06,current broad US credit-market distress state,current weekly evidence snapshot,"As of 2022-05-06, broad US credit conditions were summarized from independent market and lending channels. The Baa-minus-Treasury spread was 2.09 percentage points (0.04 pp higher over the latest week), while the Baa-minus-Aaa quality dispersion was 0.93 percentage points. Over four weeks, high-yield credit returned +2.4% relative to investment-grade credit, and investment-grade credit returned -5.1% relative to short Treasuries. High-yield drawdown from its 13-week peak was 6.1%, with 13-week annualized volatility of 9.1%. The Federal Reserve credit-conditions index was 0.10 and the St. Louis financial-stress index was 0.21. The latest conservatively lagged bank survey readings showed net tightening of -14.5% for large and middle-market C&I loans and -9.4% for small-firm C&I loans; the business-loan delinquency rate was 1.05%.",Elevated,0.0326420684,0.7280518886,0.2191474602,0.0201585828,0.6863931671,0.5249244713,0.7245873563,0.8096676737,calibration,False,False,market observations archived; FRED macro series use downloaded historical vintage
wide-credit-2022-05-13,2022-05-13,current broad US credit-market distress state,current weekly evidence snapshot,"As of 2022-05-13, broad US credit conditions were summarized from independent market and lending channels. The Baa-minus-Treasury spread was 2.24 percentage points (0.15 pp higher over the latest week), while the Baa-minus-Aaa quality dispersion was 0.98 percentage points. Over four weeks, high-yield credit returned -0.9% relative to investment-grade credit, and investment-grade credit returned -3.0% relative to short Treasuries. High-yield drawdown from its 13-week peak was 7.1%, with 13-week annualized volatility of 9.0%. The Federal Reserve credit-conditions index was 0.11 and the St. Louis financial-stress index was 0.57. The latest conservatively lagged bank survey readings showed net tightening of -14.5% for large and middle-market C&I loans and -9.4% for small-firm C&I loans; the business-loan delinquency rate was 1.05%.",Stressed,0.0036012451,0.2503945837,0.5848762156,0.1611279557,0.8092577341,0.6551204819,0.9021707926,0.8704819277,calibration,False,False,market observations archived; FRED macro series use downloaded historical vintage
wide-credit-2022-05-20,2022-05-20,current broad US credit-market distress state,current weekly evidence snapshot,"As of 2022-05-20, broad US credit conditions were summarized from independent market and lending channels. The Baa-minus-Treasury spread was 2.36 percentage points (0.12 pp higher over the latest week), while the Baa-minus-Aaa quality dispersion was 1.03 percentage points. Over four weeks, high-yield credit returned -2.5% relative to investment-grade credit, and investment-grade credit returned -1.1% relative to short Treasuries. High-yield drawdown from its 13-week peak was 7.5%, with 13-week annualized volatility of 8.8%. The Federal Reserve credit-conditions index was 0.12 and the St. Louis financial-stress index was 0.31. The latest conservatively lagged bank survey readings showed net tightening of -1.5% for large and middle-market C&I loans and 0.0% for small-firm C&I loans; the business-loan delinquency rate was 1.03%.",Stressed,0.0025598196,0.1921329894,0.5923969963,0.2129101947,0.8280890456,0.7379879880,0.9031860558,0.8430930931,calibration,False,False,market observations archived; FRED macro series use downloaded historical vintage
wide-credit-2022-05-27,2022-05-27,current broad US credit-market distress state,current weekly evidence snapshot,"As of 2022-05-27, broad US credit conditions were summarized from independent market and lending channels. The Baa-minus-Treasury spread was 2.26 percentage points (0.10 pp lower over the latest week), while the Baa-minus-Aaa quality dispersion was 1.05 percentage points. Over four weeks, high-yield credit returned -0.1% relative to investment-grade credit, and investment-grade credit returned +1.8% relative to short Treasuries. High-yield drawdown from its 13-week peak was 2.1%, with 13-week annualized volatility of 13.8%. The Federal Reserve credit-conditions index was 0.14 and the St. Louis financial-stress index was 0.29. The latest conservatively lagged bank survey readings showed net tightening of -1.5% for large and middle-market C&I loans and 0.0% for small-firm C&I loans; the business-loan delinquency rate was 1.03%.",Elevated,0.0161234361,0.5907593800,0.3524766812,0.0406405026,0.7261174615,0.7118263473,0.6267056778,0.8398203593,test,False,False,market observations archived; FRED macro series use downloaded historical vintage
wide-credit-2022-06-03,2022-06-03,current broad US credit-market distress state,current weekly evidence snapshot,"As of 2022-06-03, broad US credit conditions were summarized from independent market and lending channels. The Baa-minus-Treasury spread was 2.09 percentage points (0.17 pp lower over the latest week), while the Baa-minus-Aaa quality dispersion was 0.99 percentage points. Over four weeks, high-yield credit returned -0.6% relative to investment-grade credit, and investment-grade credit returned +2.0% relative to short Treasuries. High-yield drawdown from its 13-week peak was 3.6%, with 13-week annualized volatility of 14.0%. The Federal Reserve credit-conditions index was 0.16 and the St. Louis financial-stress index was -0.16. The latest conservatively lagged bank survey readings showed net tightening of -1.5% for large and middle-market C&I loans and 0.0% for small-firm C&I loans; the business-loan delinquency rate was 1.03%.",Elevated,0.0591798603,0.7964285528,0.1334756615,0.0109159253,0.6521393884,0.5514925373,0.6795524934,0.7253731343,calibration,False,False,market observations archived; FRED macro series use downloaded historical vintage
wide-credit-2022-06-10,2022-06-10,current broad US credit-market distress state,current weekly evidence snapshot,"As of 2022-06-10, broad US credit conditions were summarized from independent market and lending channels. The Baa-minus-Treasury spread was 2.04 percentage points (0.05 pp lower over the latest week), while the Baa-minus-Aaa quality dispersion was 0.99 percentage points. Over four weeks, high-yield credit returned -0.4% relative to investment-grade credit, and investment-grade credit returned -0.1% relative to short Treasuries. High-yield drawdown from its 13-week peak was 7.3%, with 13-week annualized volatility of 15.4%. The Federal Reserve credit-conditions index was 0.17 and the St. Louis financial-stress index was -0.04. The latest conservatively lagged bank survey readings showed net tightening of -1.5% for large and middle-market C&I loans and 0.0% for small-firm C&I loans; the business-loan delinquency rate was 1.03%.",Elevated,0.0197224334,0.6348898491,0.3120335114,0.0333542062,0.7148343464,0.5342261905,0.8081935154,0.8020833333,test,False,False,market observations archived; FRED macro series use downloaded historical vintage
wide-credit-2022-06-17,2022-06-17,current broad US credit-market distress state,current weekly evidence snapshot,"As of 2022-06-17, broad US credit conditions were summarized from independent market and lending channels. The Baa-minus-Treasury spread was 2.13 percentage points (0.09 pp higher over the latest week), while the Baa-minus-Aaa quality dispersion was 1.06 percentage points. Over four weeks, high-yield credit returned -0.4% relative to investment-grade credit, and investment-grade credit returned -1.5% relative to short Treasuries. High-yield drawdown from its 13-week peak was 8.9%, with 13-week annualized volatility of 14.8%. The Federal Reserve credit-conditions index was 0.19 and the St. Louis financial-stress index was 0.03. The latest conservatively lagged bank survey readings showed net tightening of -1.5% for large and middle-market C&I loans and 0.0% for small-firm C&I loans; the business-loan delinquency rate was 1.03%.",Stressed,0.0068414302,0.3867026453,0.5149041916,0.0915517328,0.7737841441,0.6246290801,0.8658628179,0.8308605341,test,False,False,market observations archived; FRED macro series use downloaded historical vintage
wide-credit-2022-06-24,2022-06-24,current broad US credit-market distress state,current weekly evidence snapshot,"As of 2022-06-24, broad US credit conditions were summarized from independent market and lending channels. The Baa-minus-Treasury spread was 2.22 percentage points (0.09 pp higher over the latest week), while the Baa-minus-Aaa quality dispersion was 1.10 percentage points. Over four weeks, high-yield credit returned -1.9% relative to investment-grade credit, and investment-grade credit returned -3.4% relative to short Treasuries. High-yield drawdown from its 13-week peak was 7.7%, with 13-week annualized volatility of 15.2%. The Federal Reserve credit-conditions index was 0.20 and the St. Louis financial-stress index was 0.39. The latest conservatively lagged bank survey readings showed net tightening of -1.5% for large and middle-market C&I loans and 0.0% for small-firm C&I loans; the business-loan delinquency rate was 1.03%.",Stressed,0.0015666472,0.1272126741,0.5644962118,0.3067244669,0.8551487280,0.7011834320,0.9500615687,0.9142011834,conformal,False,False,market observations archived; FRED macro series use downloaded historical vintage
wide-credit-2022-07-01,2022-07-01,current broad US credit-market distress state,current weekly evidence snapshot,"As of 2022-07-01, broad US credit conditions were summarized from independent market and lending channels. The Baa-minus-Treasury spread was 2.42 percentage points (0.20 pp higher over the latest week), while the Baa-minus-Aaa quality dispersion was 1.04 percentage points. Over four weeks, high-yield credit returned -4.0% relative to investment-grade credit, and investment-grade credit returned -1.5% relative to short Treasuries. High-yield drawdown from its 13-week peak was 7.0%, with 13-week annualized volatility of 14.8%. The Federal Reserve credit-conditions index was 0.20 and the St. Louis financial-stress index was 0.62. The latest conservatively lagged bank survey readings showed net tightening of -1.5% for large and middle-market C&I loans and 0.0% for small-firm C&I loans; the business-loan delinquency rate was 1.03%.",Stressed,0.0010466515,0.0887878377,0.5116406288,0.3985248821,0.8773611622,0.7573746313,0.9373932212,0.9373156342,conformal,False,False,market observations archived; FRED macro series use downloaded historical vintage
wide-credit-2022-07-08,2022-07-08,current broad US credit-market distress state,current weekly evidence snapshot,"As of 2022-07-08, broad US credit conditions were summarized from independent market and lending channels. The Baa-minus-Treasury spread was 2.31 percentage points (0.11 pp lower over the latest week), while the Baa-minus-Aaa quality dispersion was 1.17 percentage points. Over four weeks, high-yield credit returned -0.7% relative to investment-grade credit, and investment-grade credit returned +0.0% relative to short Treasuries. High-yield drawdown from its 13-week peak was 5.8%, with 13-week annualized volatility of 14.9%. The Federal Reserve credit-conditions index was 0.20 and the St. Louis financial-stress index was 0.44. The latest conservatively lagged bank survey readings showed net tightening of -1.5% for large and middle-market C&I loans and 0.0% for small-firm C&I loans; the business-loan delinquency rate was 1.03%.",Stressed,0.0020830901,0.1622461032,0.5861013156,0.2495694911,0.8394499689,0.7933823529,0.8087910833,0.9161764706,calibration,False,False,market observations archived; FRED macro series use downloaded historical vintage
wide-credit-2022-07-15,2022-07-15,current broad US credit-market distress state,current weekly evidence snapshot,"As of 2022-07-15, broad US credit conditions were summarized from independent market and lending channels. The Baa-minus-Treasury spread was 2.30 percentage points (0.01 pp lower over the latest week), while the Baa-minus-Aaa quality dispersion was 1.16 percentage points. Over four weeks, high-yield credit returned -0.0% relative to investment-grade credit, and investment-grade credit returned +2.1% relative to short Treasuries. High-yield drawdown from its 13-week peak was 5.1%, with 13-week annualized volatility of 15.1%. The Federal Reserve credit-conditions index was 0.20 and the St. Louis financial-stress index was 0.07. The latest conservatively lagged bank survey readings showed net tightening of -1.5% for large and middle-market C&I loans and 0.0% for small-firm C&I loans; the business-loan delinquency rate was 1.03%.",Elevated,0.0110232111,0.5011710784,0.4291740442,0.0586316663,0.7473167242,0.7793255132,0.6327126360,0.8299120235,conformal,False,False,market observations archived; FRED macro series use downloaded historical vintage
wide-credit-2022-07-22,2022-07-22,current broad US credit-market distress state,current weekly evidence snapshot,"As of 2022-07-22, broad US credit conditions were summarized from independent market and lending channels. The Baa-minus-Treasury spread was 2.28 percentage points (0.02 pp lower over the latest week), while the Baa-minus-Aaa quality dispersion was 1.14 percentage points. Over four weeks, high-yield credit returned -0.6% relative to investment-grade credit, and investment-grade credit returned +3.1% relative to short Treasuries. High-yield drawdown from its 13-week peak was 3.3%, with 13-week annualized volatility of 15.6%. The Federal Reserve credit-conditions index was 0.19 and the St. Louis financial-stress index was -0.26. The latest conservatively lagged bank survey readings showed net tightening of -1.5% for large and middle-market C&I loans and 0.0% for small-firm C&I loans; the business-loan delinquency rate was 1.03%.",Elevated,0.0241577724,0.6757292209,0.2728353969,0.0272776097,0.7034282115,0.7638888889,0.6439103654,0.7024853801,calibration,False,False,market observations archived; FRED macro series use downloaded historical vintage
wide-credit-2022-07-29,2022-07-29,current broad US credit-market distress state,current weekly evidence snapshot,"As of 2022-07-29, broad US credit conditions were summarized from independent market and lending channels. The Baa-minus-Treasury spread was 2.36 percentage points (0.08 pp higher over the latest week), while the Baa-minus-Aaa quality dispersion was 1.18 percentage points. Over four weeks, high-yield credit returned +2.5% relative to investment-grade credit, and investment-grade credit returned +3.0% relative to short Treasuries. High-yield drawdown from its 13-week peak was 1.7%, with 13-week annualized volatility of 15.9%. The Federal Reserve credit-conditions index was 0.18 and the St. Louis financial-stress index was -0.18. The latest conservatively lagged bank survey readings showed net tightening of -1.5% for large and middle-market C&I loans and 0.0% for small-firm C&I loans; the business-loan delinquency rate was 1.03%.",Elevated,0.0471939439,0.7763156598,0.1626684800,0.0138219164,0.6652830188,0.8104956268,0.4601347708,0.7252186589,conformal,False,False,market observations archived; FRED macro series use downloaded historical vintage
wide-credit-2022-08-05,2022-08-05,current broad US credit-market distress state,current weekly evidence snapshot,"As of 2022-08-05, broad US credit conditions were summarized from independent market and lending channels. The Baa-minus-Treasury spread was 2.29 percentage points (0.07 pp lower over the latest week), while the Baa-minus-Aaa quality dispersion was 1.09 percentage points. Over four weeks, high-yield credit returned +1.9% relative to investment-grade credit, and investment-grade credit returned +2.7% relative to short Treasuries. High-yield drawdown from its 13-week peak was 1.5%, with 13-week annualized volatility of 15.7%. The Federal Reserve credit-conditions index was 0.17 and the St. Louis financial-stress index was -0.47. The latest conservatively lagged bank survey readings showed net tightening of -1.5% for large and middle-market C&I loans and 0.0% for small-firm C&I loans; the business-loan delinquency rate was 1.03%.",Elevated,0.1218786195,0.8070729830,0.0660715436,0.0049768538,0.6086117562,0.7507267442,0.4762713150,0.5988372093,calibration,False,False,market observations archived; FRED macro series use downloaded historical vintage
wide-credit-2022-08-12,2022-08-12,current broad US credit-market distress state,current weekly evidence snapshot,"As of 2022-08-12, broad US credit conditions were summarized from independent market and lending channels. The Baa-minus-Treasury spread was 2.27 percentage points (0.02 pp lower over the latest week), while the Baa-minus-Aaa quality dispersion was 1.06 percentage points. Over four weeks, high-yield credit returned +2.5% relative to investment-grade credit, and investment-grade credit returned +2.3% relative to short Treasuries. High-yield drawdown from its 13-week peak was 0.3%, with 13-week annualized volatility of 15.6%. The Federal Reserve credit-conditions index was 0.16 and the St. Louis financial-stress index was -0.40. The latest conservatively lagged bank survey readings showed net tightening of -1.5% for large and middle-market C&I loans and 0.0% for small-firm C&I loans; the business-loan delinquency rate was 1.03%.",Elevated,0.1816852635,0.7726846209,0.0425130960,0.0031170196,0.5827734136,0.7246376812,0.3939724149,0.6297101449,calibration,False,False,market observations archived; FRED macro series use downloaded historical vintage
wide-credit-2022-08-19,2022-08-19,current broad US credit-market distress state,current weekly evidence snapshot,"As of 2022-08-19, broad US credit conditions were summarized from independent market and lending channels. The Baa-minus-Treasury spread was 2.25 percentage points (0.02 pp lower over the latest week), while the Baa-minus-Aaa quality dispersion was 1.05 percentage points. Over four weeks, high-yield credit returned +2.1% relative to investment-grade credit, and investment-grade credit returned -1.3% relative to short Treasuries. High-yield drawdown from its 13-week peak was 2.8%, with 13-week annualized volatility of 16.6%. The Federal Reserve credit-conditions index was 0.16 and the St. Louis financial-stress index was -0.36. The latest conservatively lagged bank survey readings showed net tightening of 24.2% for large and middle-market C&I loans and 22.2% for small-firm C&I loans; the business-loan delinquency rate was 1.12%.",Elevated,0.0388690178,0.7532163044,0.1910382015,0.0168764764,0.6764352272,0.6929190751,0.6904328493,0.6459537572,conformal,False,False,market observations archived; FRED macro series use downloaded historical vintage
wide-credit-2022-08-26,2022-08-26,current broad US credit-market distress state,current weekly evidence snapshot,"As of 2022-08-26, broad US credit conditions were summarized from independent market and lending channels. The Baa-minus-Treasury spread was 2.19 percentage points (0.06 pp lower over the latest week), while the Baa-minus-Aaa quality dispersion was 1.07 percentage points. Over four weeks, high-yield credit returned +0.2% relative to investment-grade credit, and investment-grade credit returned -2.1% relative to short Treasuries. High-yield drawdown from its 13-week peak was 4.0%, with 13-week annualized volatility of 13.4%. The Federal Reserve credit-conditions index was 0.17 and the St. Louis financial-stress index was -0.20. The latest conservatively lagged bank survey readings showed net tightening of 24.2% for large and middle-market C&I loans and 22.2% for small-firm C&I loans; the business-loan delinquency rate was 1.12%.",Elevated,0.0172947667,0.6064677785,0.3382883710,0.0379490839,0.7221947893,0.6585014409,0.8027515147,0.7053314121,calibration,False,False,market observations archived; FRED macro series use downloaded historical vintage
wide-credit-2022-09-02,2022-09-02,current broad US credit-market distress state,current weekly evidence snapshot,"As of 2022-09-02, broad US credit conditions were summarized from independent market and lending channels. The Baa-minus-Treasury spread was 2.24 percentage points (0.05 pp higher over the latest week), while the Baa-minus-Aaa quality dispersion was 1.06 percentage points. Over four weeks, high-yield credit returned -0.5% relative to investment-grade credit, and investment-grade credit returned -3.7% relative to short Treasuries. High-yield drawdown from its 13-week peak was 5.4%, with 13-week annualized volatility of 13.3%. The Federal Reserve credit-conditions index was 0.18 and the St. Louis financial-stress index was -0.13. The latest conservatively lagged bank survey readings showed net tightening of 24.2% for large and middle-market C&I loans and 22.2% for small-firm C&I loans; the business-loan delinquency rate was 1.12%.",Stressed,0.0067452354,0.3834013133,0.5171090160,0.0927444352,0.7745682937,0.6982758621,0.8768658008,0.7485632184,prompt_validation,False,False,market observations archived; FRED macro series use downloaded historical vintage
wide-credit-2022-09-09,2022-09-09,current broad US credit-market distress state,current weekly evidence snapshot,"As of 2022-09-09, broad US credit conditions were summarized from independent market and lending channels. The Baa-minus-Treasury spread was 2.20 percentage points (0.04 pp lower over the latest week), while the Baa-minus-Aaa quality dispersion was 1.06 percentage points. Over four weeks, high-yield credit returned +1.4% relative to investment-grade credit, and investment-grade credit returned -4.4% relative to short Treasuries. High-yield drawdown from its 13-week peak was 3.5%, with 13-week annualized volatility of 11.7%. The Federal Reserve credit-conditions index was 0.19 and the St. Louis financial-stress index was -0.31. The latest conservatively lagged bank survey readings showed net tightening of 24.2% for large and middle-market C&I loans and 22.2% for small-firm C&I loans; the business-loan delinquency rate was 1.12%.",Elevated,0.0273354854,0.6985011874,0.2500568692,0.0241064580,0.6964519446,0.6626074499,0.7333386418,0.6934097421,prompt_validation,False,False,market observations archived; FRED macro series use downloaded historical vintage
wide-credit-2022-09-16,2022-09-16,current broad US credit-market distress state,current weekly evidence snapshot,"As of 2022-09-16, broad US credit conditions were summarized from independent market and lending channels. The Baa-minus-Treasury spread was 2.18 percentage points (0.02 pp lower over the latest week), while the Baa-minus-Aaa quality dispersion was 1.10 percentage points. Over four weeks, high-yield credit returned +0.7% relative to investment-grade credit, and investment-grade credit returned -2.9% relative to short Treasuries. High-yield drawdown from its 13-week peak was 5.5%, with 13-week annualized volatility of 11.7%. The Federal Reserve credit-conditions index was 0.21 and the St. Louis financial-stress index was -0.43. The latest conservatively lagged bank survey readings showed net tightening of 24.2% for large and middle-market C&I loans and 22.2% for small-firm C&I loans; the business-loan delinquency rate was 1.12%.",Elevated,0.0263344535,0.6918077204,0.2568328506,0.0250249755,0.6985604370,0.6607142857,0.7806813109,0.6542857143,test,False,False,market observations archived; FRED macro series use downloaded historical vintage
wide-credit-2022-09-23,2022-09-23,current broad US credit-market distress state,current weekly evidence snapshot,"As of 2022-09-23, broad US credit conditions were summarized from independent market and lending channels. The Baa-minus-Treasury spread was 2.09 percentage points (0.09 pp lower over the latest week), while the Baa-minus-Aaa quality dispersion was 1.12 percentage points. Over four weeks, high-yield credit returned +1.1% relative to investment-grade credit, and investment-grade credit returned -4.2% relative to short Treasuries. High-yield drawdown from its 13-week peak was 8.2%, with 13-week annualized volatility of 12.7%. The Federal Reserve credit-conditions index was 0.22 and the St. Louis financial-stress index was 0.14. The latest conservatively lagged bank survey readings showed net tightening of 24.2% for large and middle-market C&I loans and 22.2% for small-firm C&I loans; the business-loan delinquency rate was 1.12%.",Elevated,0.0107192245,0.4944093872,0.4346596850,0.0602117033,0.7488716659,0.6146723647,0.7743927753,0.8575498575,test,False,False,market observations archived; FRED macro series use downloaded historical vintage
wide-credit-2022-09-30,2022-09-30,current broad US credit-market distress state,current weekly evidence snapshot,"As of 2022-09-30, broad US credit conditions were summarized from independent market and lending channels. The Baa-minus-Treasury spread was 2.24 percentage points (0.15 pp higher over the latest week), while the Baa-minus-Aaa quality dispersion was 1.16 percentage points. Over four weeks, high-yield credit returned +1.6% relative to investment-grade credit, and investment-grade credit returned -4.2% relative to short Treasuries. High-yield drawdown from its 13-week peak was 9.1%, with 13-week annualized volatility of 12.8%. The Federal Reserve credit-conditions index was 0.24 and the St. Louis financial-stress index was 0.52. The latest conservatively lagged bank survey readings showed net tightening of 24.2% for large and middle-market C&I loans and 22.2% for small-firm C&I loans; the business-loan delinquency rate was 1.12%.",Stressed,0.0038142094,0.2612627048,0.5814383230,0.1534847628,0.8060860202,0.7350852273,0.7485137425,0.9346590909,calibration,False,False,market observations archived; FRED macro series use downloaded historical vintage
wide-credit-2022-10-07,2022-10-07,current broad US credit-market distress state,current weekly evidence snapshot,"As of 2022-10-07, broad US credit conditions were summarized from independent market and lending channels. The Baa-minus-Treasury spread was 2.17 percentage points (0.07 pp lower over the latest week), while the Baa-minus-Aaa quality dispersion was 1.16 percentage points. Over four weeks, high-yield credit returned +0.8% relative to investment-grade credit, and investment-grade credit returned -4.1% relative to short Treasuries. High-yield drawdown from its 13-week peak was 7.7%, with 13-week annualized volatility of 12.9%. The Federal Reserve credit-conditions index was 0.24 and the St. Louis financial-stress index was 0.18. The latest conservatively lagged bank survey readings showed net tightening of 24.2% for large and middle-market C&I loans and 22.2% for small-firm C&I loans; the business-loan delinquency rate was 1.12%.",Stressed,0.0063439087,0.3692150312,0.5263689197,0.0980721404,0.7779642838,0.6713881020,0.7899835029,0.8725212465,calibration,False,False,market observations archived; FRED macro series use downloaded historical vintage
wide-credit-2022-10-14,2022-10-14,current broad US credit-market distress state,current weekly evidence snapshot,"As of 2022-10-14, broad US credit conditions were summarized from independent market and lending channels. The Baa-minus-Treasury spread was 2.28 percentage points (0.11 pp higher over the latest week), while the Baa-minus-Aaa quality dispersion was 1.19 percentage points. Over four weeks, high-yield credit returned +3.0% relative to investment-grade credit, and investment-grade credit returned -5.1% relative to short Treasuries. High-yield drawdown from its 13-week peak was 8.5%, with 13-week annualized volatility of 12.8%. The Federal Reserve credit-conditions index was 0.25 and the St. Louis financial-stress index was 0.29. The latest conservatively lagged bank survey readings showed net tightening of 24.2% for large and middle-market C&I loans and 22.2% for small-firm C&I loans; the business-loan delinquency rate was 1.12%.",Stressed,0.0039783559,0.2694205304,0.5785320846,0.1480690291,0.8037595191,0.7860169492,0.7206005912,0.9046610169,test,False,False,market observations archived; FRED macro series use downloaded historical vintage
wide-credit-2022-10-21,2022-10-21,current broad US credit-market distress state,current weekly evidence snapshot,"As of 2022-10-21, broad US credit conditions were summarized from independent market and lending channels. The Baa-minus-Treasury spread was 2.36 percentage points (0.08 pp higher over the latest week), while the Baa-minus-Aaa quality dispersion was 1.19 percentage points. Over four weeks, high-yield credit returned +6.1% relative to investment-grade credit, and investment-grade credit returned -4.6% relative to short Treasuries. High-yield drawdown from its 13-week peak was 7.3%, with 13-week annualized volatility of 12.5%. The Federal Reserve credit-conditions index was 0.24 and the St. Louis financial-stress index was -0.15. The latest conservatively lagged bank survey readings showed net tightening of 24.2% for large and middle-market C&I loans and 22.2% for small-firm C&I loans; the business-loan delinquency rate was 1.12%.",Stressed,0.0082585110,0.4313468998,0.4834432791,0.0769513101,0.7633519996,0.8183098592,0.7048447311,0.7669014085,test,False,False,market observations archived; FRED macro series use downloaded historical vintage
wide-credit-2022-10-28,2022-10-28,current broad US credit-market distress state,current weekly evidence snapshot,"As of 2022-10-28, broad US credit conditions were summarized from independent market and lending channels. The Baa-minus-Treasury spread was 2.30 percentage points (0.06 pp lower over the latest week), while the Baa-minus-Aaa quality dispersion was 1.19 percentage points. Over four weeks, high-yield credit returned +5.2% relative to investment-grade credit, and investment-grade credit returned -0.2% relative to short Treasuries. High-yield drawdown from its 13-week peak was 4.6%, with 13-week annualized volatility of 13.5%. The Federal Reserve credit-conditions index was 0.24 and the St. Louis financial-stress index was -0.29. The latest conservatively lagged bank survey readings showed net tightening of 24.2% for large and middle-market C&I loans and 22.2% for small-firm C&I loans; the business-loan delinquency rate was 1.12%.",Elevated,0.0234497524,0.6699981241,0.2784542444,0.0280978791,0.7051041449,0.7949438202,0.6146101874,0.7057584270,prompt_validation,False,False,market observations archived; FRED macro series use downloaded historical vintage
wide-credit-2022-11-04,2022-11-04,current broad US credit-market distress state,current weekly evidence snapshot,"As of 2022-11-04, broad US credit conditions were summarized from independent market and lending channels. The Baa-minus-Treasury spread was 2.22 percentage points (0.08 pp lower over the latest week), while the Baa-minus-Aaa quality dispersion was 1.16 percentage points. Over four weeks, high-yield credit returned +2.5% relative to investment-grade credit, and investment-grade credit returned -0.7% relative to short Treasuries. High-yield drawdown from its 13-week peak was 6.4%, with 13-week annualized volatility of 13.8%. The Federal Reserve credit-conditions index was 0.23 and the St. Louis financial-stress index was -0.38. The latest conservatively lagged bank survey readings showed net tightening of 24.2% for large and middle-market C&I loans and 22.2% for small-firm C&I loans; the business-loan delinquency rate was 1.12%.",Elevated,0.0367905471,0.7457314964,0.1996271989,0.0178507576,0.6795766472,0.7065826331,0.6626795214,0.6694677871,test,False,False,market observations archived; FRED macro series use downloaded historical vintage
wide-credit-2022-11-11,2022-11-11,current broad US credit-market distress state,current weekly evidence snapshot,"As of 2022-11-11, broad US credit conditions were summarized from independent market and lending channels. The Baa-minus-Treasury spread was 2.36 percentage points (0.14 pp higher over the latest week), while the Baa-minus-Aaa quality dispersion was 1.16 percentage points. Over four weeks, high-yield credit returned +0.0% relative to investment-grade credit, and investment-grade credit returned +3.8% relative to short Treasuries. High-yield drawdown from its 13-week peak was 1.9%, with 13-week annualized volatility of 14.4%. The Federal Reserve credit-conditions index was 0.21 and the St. Louis financial-stress index was -0.32. The latest conservatively lagged bank survey readings showed net tightening of 24.2% for large and middle-market C&I loans and 22.2% for small-firm C&I loans; the business-loan delinquency rate was 1.12%.",Elevated,0.0327863472,0.7287366183,0.2184083141,0.0200687204,0.6861423976,0.7974860335,0.5696003773,0.6913407821,conformal,False,False,market observations archived; FRED macro series use downloaded historical vintage
wide-credit-2022-11-18,2022-11-18,current broad US credit-market distress state,current weekly evidence snapshot,"As of 2022-11-18, broad US credit conditions were summarized from independent market and lending channels. The Baa-minus-Treasury spread was 2.13 percentage points (0.23 pp lower over the latest week), while the Baa-minus-Aaa quality dispersion was 1.17 percentage points. Over four weeks, high-yield credit returned -3.6% relative to investment-grade credit, and investment-grade credit returned +6.3% relative to short Treasuries. High-yield drawdown from its 13-week peak was 1.2%, with 13-week annualized volatility of 13.6%. The Federal Reserve credit-conditions index was 0.20 and the St. Louis financial-stress index was -0.21. The latest conservatively lagged bank survey readings showed net tightening of 39.1% for large and middle-market C&I loans and 31.8% for small-firm C&I loans; the business-loan delinquency rate was 1.02%.",Elevated,0.0416456694,0.7620310422,0.1805991173,0.0157241711,0.6724811103,0.6490250696,0.6455770358,0.7228412256,conformal,False,False,market observations archived; FRED macro series use downloaded historical vintage
wide-credit-2022-11-25,2022-11-25,current broad US credit-market distress state,current weekly evidence snapshot,"As of 2022-11-25, broad US credit conditions were summarized from independent market and lending channels. The Baa-minus-Treasury spread was 2.06 percentage points (0.07 pp lower over the latest week), while the Baa-minus-Aaa quality dispersion was 1.19 percentage points. Over four weeks, high-yield credit returned -4.8% relative to investment-grade credit, and investment-grade credit returned +5.8% relative to short Treasuries. High-yield drawdown from its 13-week peak was 0.2%, with 13-week annualized volatility of 13.4%. The Federal Reserve credit-conditions index was 0.20 and the St. Louis financial-stress index was -0.22. The latest conservatively lagged bank survey readings showed net tightening of 39.1% for large and middle-market C&I loans and 31.8% for small-firm C&I loans; the business-loan delinquency rate was 1.02%.",Elevated,0.0722150585,0.8077715307,0.1111732952,0.0088401156,0.6404233254,0.6284722222,0.5796033095,0.7131944444,prompt_validation,False,False,market observations archived; FRED macro series use downloaded historical vintage
wide-credit-2022-12-02,2022-12-02,current broad US credit-market distress state,current weekly evidence snapshot,"As of 2022-12-02, broad US credit conditions were summarized from independent market and lending channels. The Baa-minus-Treasury spread was 2.03 percentage points (0.03 pp lower over the latest week), while the Baa-minus-Aaa quality dispersion was 1.18 percentage points. Over four weeks, high-yield credit returned -4.1% relative to investment-grade credit, and investment-grade credit returned +7.4% relative to short Treasuries. High-yield drawdown from its 13-week peak was -0.0%, with 13-week annualized volatility of 13.2%. The Federal Reserve credit-conditions index was 0.19 and the St. Louis financial-stress index was -0.11. The latest conservatively lagged bank survey readings showed net tightening of 39.1% for large and middle-market C&I loans and 31.8% for small-firm C&I loans; the business-loan delinquency rate was 1.02%.",Elevated,0.0945262468,0.8131740890,0.0856936477,0.0066060165,0.6242769413,0.6066481994,0.5085648959,0.7576177285,calibration,False,False,market observations archived; FRED macro series use downloaded historical vintage
wide-credit-2022-12-09,2022-12-09,current broad US credit-market distress state,current weekly evidence snapshot,"As of 2022-12-09, broad US credit conditions were summarized from independent market and lending channels. The Baa-minus-Treasury spread was 1.90 percentage points (0.13 pp lower over the latest week), while the Baa-minus-Aaa quality dispersion was 1.16 percentage points. Over four weeks, high-yield credit returned -3.1% relative to investment-grade credit, and investment-grade credit returned +4.1% relative to short Treasuries. High-yield drawdown from its 13-week peak was 0.7%, with 13-week annualized volatility of 12.7%. The Federal Reserve credit-conditions index was 0.19 and the St. Louis financial-stress index was 0.13. The latest conservatively lagged bank survey readings showed net tightening of 39.1% for large and middle-market C&I loans and 31.8% for small-firm C&I loans; the business-loan delinquency rate was 1.02%.",Elevated,0.0580855752,0.7950561248,0.1357262251,0.0111320749,0.6532298388,0.5165745856,0.6157668644,0.8273480663,calibration,False,False,market observations archived; FRED macro series use downloaded historical vintage
wide-credit-2022-12-16,2022-12-16,current broad US credit-market distress state,current weekly evidence snapshot,"As of 2022-12-16, broad US credit conditions were summarized from independent market and lending channels. The Baa-minus-Treasury spread was 1.98 percentage points (0.08 pp higher over the latest week), while the Baa-minus-Aaa quality dispersion was 1.14 percentage points. Over four weeks, high-yield credit returned -2.2% relative to investment-grade credit, and investment-grade credit returned +2.8% relative to short Treasuries. High-yield drawdown from its 13-week peak was 0.8%, with 13-week annualized volatility of 11.8%. The Federal Reserve credit-conditions index was 0.19 and the St. Louis financial-stress index was 0.02. The latest conservatively lagged bank survey readings showed net tightening of 39.1% for large and middle-market C&I loans and 31.8% for small-firm C&I loans; the business-loan delinquency rate was 1.02%.",Elevated,0.0513814342,0.7847504830,0.1512134610,0.0126546219,0.6603651434,0.5654269972,0.6153929510,0.8002754821,conformal,False,False,market observations archived; FRED macro series use downloaded historical vintage
wide-credit-2022-12-23,2022-12-23,current broad US credit-market distress state,current weekly evidence snapshot,"As of 2022-12-23, broad US credit conditions were summarized from independent market and lending channels. The Baa-minus-Treasury spread was 2.00 percentage points (0.02 pp higher over the latest week), while the Baa-minus-Aaa quality dispersion was 1.15 percentage points. Over four weeks, high-yield credit returned +0.2% relative to investment-grade credit, and investment-grade credit returned -0.6% relative to short Treasuries. High-yield drawdown from its 13-week peak was 1.0%, with 13-week annualized volatility of 10.0%. The Federal Reserve credit-conditions index was 0.18 and the St. Louis financial-stress index was 0.03. The latest conservatively lagged bank survey readings showed net tightening of 39.1% for large and middle-market C&I loans and 31.8% for small-firm C&I loans; the business-loan delinquency rate was 1.02%.",Elevated,0.0325554166,0.7276379934,0.2195936624,0.0202129277,0.6865442910,0.5810439560,0.6811988070,0.7973901099,prompt_validation,False,False,market observations archived; FRED macro series use downloaded historical vintage
wide-credit-2022-12-30,2022-12-30,current broad US credit-market distress state,current weekly evidence snapshot,"As of 2022-12-30, broad US credit conditions were summarized from independent market and lending channels. The Baa-minus-Treasury spread was 1.99 percentage points (0.01 pp lower over the latest week), while the Baa-minus-Aaa quality dispersion was 1.17 percentage points. Over four weeks, high-yield credit returned +1.4% relative to investment-grade credit, and investment-grade credit returned -3.3% relative to short Treasuries. High-yield drawdown from its 13-week peak was 2.0%, with 13-week annualized volatility of 10.0%. The Federal Reserve credit-conditions index was 0.18 and the St. Louis financial-stress index was -0.04. The latest conservatively lagged bank survey readings showed net tightening of 39.1% for large and middle-market C&I loans and 31.8% for small-firm C&I loans; the business-loan delinquency rate was 1.02%.",Elevated,0.0317706811,0.7237967351,0.2237142883,0.0207182955,0.6879308791,0.5897260274,0.6987241441,0.7753424658,test,False,False,market observations archived; FRED macro series use downloaded historical vintage
wide-credit-2023-01-06,2023-01-06,current broad US credit-market distress state,current weekly evidence snapshot,"As of 2023-01-06, broad US credit conditions were summarized from independent market and lending channels. The Baa-minus-Treasury spread was 2.07 percentage points (0.08 pp higher over the latest week), while the Baa-minus-Aaa quality dispersion was 1.16 percentage points. Over four weeks, high-yield credit returned +1.1% relative to investment-grade credit, and investment-grade credit returned -0.4% relative to short Treasuries. High-yield drawdown from its 13-week peak was -0.0%, with 13-week annualized volatility of 10.7%. The Federal Reserve credit-conditions index was 0.17 and the St. Louis financial-stress index was -0.15. The latest conservatively lagged bank survey readings showed net tightening of 39.1% for large and middle-market C&I loans and 31.8% for small-firm C&I loans; the business-loan delinquency rate was 1.02%.",Elevated,0.1396769012,0.7989518424,0.0571135216,0.0042577348,0.5999886860,0.6045081967,0.4871245278,0.7083333333,calibration,False,False,market observations archived; FRED macro series use downloaded historical vintage
wide-credit-2023-01-13,2023-01-13,current broad US credit-market distress state,current weekly evidence snapshot,"As of 2023-01-13, broad US credit conditions were summarized from independent market and lending channels. The Baa-minus-Treasury spread was 1.95 percentage points (0.12 pp lower over the latest week), while the Baa-minus-Aaa quality dispersion was 1.10 percentage points. Over four weeks, high-yield credit returned +1.4% relative to investment-grade credit, and investment-grade credit returned +1.0% relative to short Treasuries. High-yield drawdown from its 13-week peak was -0.0%, with 13-week annualized volatility of 10.5%. The Federal Reserve credit-conditions index was 0.16 and the St. Louis financial-stress index was -0.41. The latest conservatively lagged bank survey readings showed net tightening of 39.1% for large and middle-market C&I loans and 31.8% for small-firm C&I loans; the business-loan delinquency rate was 1.02%.",Normal,0.5270997816,0.4634662529,0.0088115206,0.0006224449,0.4940321998,0.5204359673,0.3703799782,0.5912806540,calibration,False,False,market observations archived; FRED macro series use downloaded historical vintage
wide-credit-2023-01-20,2023-01-20,current broad US credit-market distress state,current weekly evidence snapshot,"As of 2023-01-20, broad US credit conditions were summarized from independent market and lending channels. The Baa-minus-Treasury spread was 1.98 percentage points (0.03 pp higher over the latest week), while the Baa-minus-Aaa quality dispersion was 1.10 percentage points. Over four weeks, high-yield credit returned -0.8% relative to investment-grade credit, and investment-grade credit returned +2.7% relative to short Treasuries. High-yield drawdown from its 13-week peak was 0.6%, with 13-week annualized volatility of 10.6%. The Federal Reserve credit-conditions index was 0.15 and the St. Louis financial-stress index was -0.38. The latest conservatively lagged bank survey readings showed net tightening of 39.1% for large and middle-market C&I loans and 31.8% for small-firm C&I loans; the business-loan delinquency rate was 1.02%.",Elevated,0.2165204233,0.7464888015,0.0344850474,0.0025057279,0.5707333065,0.5448369565,0.5729336151,0.5944293478,calibration,False,False,market observations archived; FRED macro series use downloaded historical vintage
wide-credit-2023-01-27,2023-01-27,current broad US credit-market distress state,current weekly evidence snapshot,"As of 2023-01-27, broad US credit conditions were summarized from independent market and lending channels. The Baa-minus-Treasury spread was 1.88 percentage points (0.10 pp lower over the latest week), while the Baa-minus-Aaa quality dispersion was 1.06 percentage points. Over four weeks, high-yield credit returned -1.3% relative to investment-grade credit, and investment-grade credit returned +4.1% relative to short Treasuries. High-yield drawdown from its 13-week peak was 0.6%, with 13-week annualized volatility of 9.4%. The Federal Reserve credit-conditions index was 0.15 and the St. Louis financial-stress index was -0.51. The latest conservatively lagged bank survey readings showed net tightening of 39.1% for large and middle-market C&I loans and 31.8% for small-firm C&I loans; the business-loan delinquency rate was 1.02%.",Elevated,0.4386782836,0.5479206146,0.0125135888,0.0008875131,0.5135590348,0.4586720867,0.5670998687,0.5149051491,calibration,False,False,market observations archived; FRED macro series use downloaded historical vintage
wide-credit-2023-02-03,2023-02-03,current broad US credit-market distress state,current weekly evidence snapshot,"As of 2023-02-03, broad US credit conditions were summarized from independent market and lending channels. The Baa-minus-Treasury spread was 1.83 percentage points (0.05 pp lower over the latest week), while the Baa-minus-Aaa quality dispersion was 1.01 percentage points. Over four weeks, high-yield credit returned -0.5% relative to investment-grade credit, and investment-grade credit returned +1.9% relative to short Treasuries. High-yield drawdown from its 13-week peak was -0.0%, with 13-week annualized volatility of 8.2%. The Federal Reserve credit-conditions index was 0.14 and the St. Louis financial-stress index was -0.54. The latest conservatively lagged bank survey readings showed net tightening of 39.1% for large and middle-market C&I loans and 31.8% for small-firm C&I loans; the business-loan delinquency rate was 1.02%.",Normal,0.7462731338,0.2501307127,0.0033601813,0.0002359722,0.4406641682,0.3851351351,0.4375330451,0.4993243243,prompt_validation,False,False,market observations archived; FRED macro series use downloaded historical vintage
wide-credit-2023-02-10,2023-02-10,current broad US credit-market distress state,current weekly evidence snapshot,"As of 2023-02-10, broad US credit conditions were summarized from independent market and lending channels. The Baa-minus-Treasury spread was 1.85 percentage points (0.02 pp higher over the latest week), while the Baa-minus-Aaa quality dispersion was 0.99 percentage points. Over four weeks, high-yield credit returned +0.2% relative to investment-grade credit, and investment-grade credit returned -1.9% relative to short Treasuries. High-yield drawdown from its 13-week peak was 2.1%, with 13-week annualized volatility of 8.8%. The Federal Reserve credit-conditions index was 0.14 and the St. Louis financial-stress index was -0.61. The latest conservatively lagged bank survey readings showed net tightening of 39.1% for large and middle-market C&I loans and 31.8% for small-firm C&I loans; the business-loan delinquency rate was 1.02%.",Elevated,0.3596617518,0.6217893538,0.0173144447,0.0012344498,0.5317257896,0.3881401617,0.7353390939,0.4716981132,calibration,False,False,market observations archived; FRED macro series use downloaded historical vintage
wide-credit-2023-02-17,2023-02-17,current broad US credit-market distress state,current weekly evidence snapshot,"As of 2023-02-17, broad US credit conditions were summarized from independent market and lending channels. The Baa-minus-Treasury spread was 1.89 percentage points (0.04 pp higher over the latest week), while the Baa-minus-Aaa quality dispersion was 1.06 percentage points. Over four weeks, high-yield credit returned +1.3% relative to investment-grade credit, and investment-grade credit returned -2.3% relative to short Treasuries. High-yield drawdown from its 13-week peak was 2.4%, with 13-week annualized volatility of 8.8%. The Federal Reserve credit-conditions index was 0.14 and the St. Louis financial-stress index was -0.47. The latest conservatively lagged bank survey readings showed net tightening of 44.8% for large and middle-market C&I loans and 43.8% for small-firm C&I loans; the business-loan delinquency rate was 0.97%.",Elevated,0.2455640216,0.7228529184,0.0294547884,0.0021282716,0.5617327000,0.4650537634,0.6818378850,0.5383064516,test,False,False,market observations archived; FRED macro series use downloaded historical vintage
wide-credit-2023-02-24,2023-02-24,current broad US credit-market distress state,current weekly evidence snapshot,"As of 2023-02-24, broad US credit conditions were summarized from independent market and lending channels. The Baa-minus-Treasury spread was 1.86 percentage points (0.03 pp lower over the latest week), while the Baa-minus-Aaa quality dispersion was 1.06 percentage points. Over four weeks, high-yield credit returned +1.9% relative to investment-grade credit, and investment-grade credit returned -3.2% relative to short Treasuries. High-yield drawdown from its 13-week peak was 2.9%, with 13-week annualized volatility of 8.7%. The Federal Reserve credit-conditions index was 0.15 and the St. Louis financial-stress index was -0.23. The latest conservatively lagged bank survey readings showed net tightening of 44.8% for large and middle-market C&I loans and 43.8% for small-firm C&I loans; the business-loan delinquency rate was 0.97%.",Elevated,0.1648665865,0.7841051639,0.0475240136,0.0035042360,0.5892350200,0.4477211796,0.6711903147,0.6487935657,test,False,False,market observations archived; FRED macro series use downloaded historical vintage
wide-credit-2023-03-03,2023-03-03,current broad US credit-market distress state,current weekly evidence snapshot,"As of 2023-03-03, broad US credit conditions were summarized from independent market and lending channels. The Baa-minus-Treasury spread was 1.79 percentage points (0.07 pp lower over the latest week), while the Baa-minus-Aaa quality dispersion was 1.08 percentage points. Over four weeks, high-yield credit returned +2.1% relative to investment-grade credit, and investment-grade credit returned -2.9% relative to short Treasuries. High-yield drawdown from its 13-week peak was 1.6%, with 13-week annualized volatility of 8.8%. The Federal Reserve credit-conditions index was 0.17 and the St. Louis financial-stress index was -0.44. The latest conservatively lagged bank survey readings showed net tightening of 44.8% for large and middle-market C&I loans and 43.8% for small-firm C&I loans; the business-loan delinquency rate was 0.97%.",Elevated,0.2940124156,0.6811314125,0.0231919826,0.0016641893,0.5481786610,0.4224598930,0.6385199403,0.5835561497,calibration,False,False,market observations archived; FRED macro series use downloaded historical vintage
wide-credit-2023-03-10,2023-03-10,current broad US credit-market distress state,current weekly evidence snapshot,"As of 2023-03-10, broad US credit conditions were summarized from independent market and lending channels. The Baa-minus-Treasury spread was 1.96 percentage points (0.17 pp higher over the latest week), while the Baa-minus-Aaa quality dispersion was 1.08 percentage points. Over four weeks, high-yield credit returned -0.7% relative to investment-grade credit, and investment-grade credit returned -0.7% relative to short Treasuries. High-yield drawdown from its 13-week peak was 3.3%, with 13-week annualized volatility of 9.4%. The Federal Reserve credit-conditions index was 0.18 and the St. Louis financial-stress index was -0.08. The latest conservatively lagged bank survey readings showed net tightening of 44.8% for large and middle-market C&I loans and 43.8% for small-firm C&I loans; the business-loan delinquency rate was 0.97%.",Elevated,0.0302948429,0.7160931469,0.2318739477,0.0217380625,0.6906308012,0.5220000000,0.7905590703,0.7593333333,calibration,False,False,market observations archived; FRED macro series use downloaded historical vintage
wide-credit-2023-03-17,2023-03-17,current broad US credit-market distress state,current weekly evidence snapshot,"As of 2023-03-17, broad US credit conditions were summarized from independent market and lending channels. The Baa-minus-Treasury spread was 2.21 percentage points (0.25 pp higher over the latest week), while the Baa-minus-Aaa quality dispersion was 1.13 percentage points. Over four weeks, high-yield credit returned -2.2% relative to investment-grade credit, and investment-grade credit returned -0.3% relative to short Treasuries. High-yield drawdown from its 13-week peak was 3.4%, with 13-week annualized volatility of 9.4%. The Federal Reserve credit-conditions index was 0.19 and the St. Louis financial-stress index was 1.12. The latest conservatively lagged bank survey readings showed net tightening of 44.8% for large and middle-market C&I loans and 43.8% for small-firm C&I loans; the business-loan delinquency rate was 0.97%.",Stressed,0.0035456743,0.2475042682,0.5857013889,0.1632486687,0.8101161225,0.6855053191,0.8126621973,0.9321808511,conformal,False,False,market observations archived; FRED macro series use downloaded historical vintage
wide-credit-2023-03-24,2023-03-24,current broad US credit-market distress state,current weekly evidence snapshot,"As of 2023-03-24, broad US credit conditions were summarized from independent market and lending channels. The Baa-minus-Treasury spread was 2.24 percentage points (0.03 pp higher over the latest week), while the Baa-minus-Aaa quality dispersion was 1.18 percentage points. Over four weeks, high-yield credit returned -3.8% relative to investment-grade credit, and investment-grade credit returned +1.6% relative to short Treasuries. High-yield drawdown from its 13-week peak was 3.1%, with 13-week annualized volatility of 9.4%. The Federal Reserve credit-conditions index was 0.21 and the St. Louis financial-stress index was 0.28. The latest conservatively lagged bank survey readings showed net tightening of 44.8% for large and middle-market C&I loans and 43.8% for small-firm C&I loans; the business-loan delinquency rate was 0.97%.",Stressed,0.0059264576,0.3537128529,0.5360614904,0.1042991991,0.7817311489,0.7513262599,0.7119043222,0.8819628647,calibration,False,False,market observations archived; FRED macro series use downloaded historical vintage
wide-credit-2023-03-31,2023-03-31,current broad US credit-market distress state,current weekly evidence snapshot,"As of 2023-03-31, broad US credit conditions were summarized from independent market and lending channels. The Baa-minus-Treasury spread was 2.11 percentage points (0.13 pp lower over the latest week), while the Baa-minus-Aaa quality dispersion was 1.21 percentage points. Over four weeks, high-yield credit returned -2.1% relative to investment-grade credit, and investment-grade credit returned +1.5% relative to short Treasuries. High-yield drawdown from its 13-week peak was 0.5%, with 13-week annualized volatility of 10.5%. The Federal Reserve credit-conditions index was 0.21 and the St. Louis financial-stress index was -0.27. The latest conservatively lagged bank survey readings showed net tightening of 44.8% for large and middle-market C&I loans and 43.8% for small-firm C&I loans; the business-loan delinquency rate was 0.97%.",Elevated,0.0460979863,0.7738009399,0.1659391557,0.0141619181,0.6666385428,0.6712962963,0.6262383798,0.7023809524,calibration,False,False,market observations archived; FRED macro series use downloaded historical vintage
wide-credit-2023-04-07,2023-04-07,current broad US credit-market distress state,current weekly evidence snapshot,"As of 2023-04-07, broad US credit conditions were summarized from independent market and lending channels. The Baa-minus-Treasury spread was 2.11 percentage points (unchanged over the latest week), while the Baa-minus-Aaa quality dispersion was 1.05 percentage points. Over four weeks, high-yield credit returned -1.2% relative to investment-grade credit, and investment-grade credit returned +1.9% relative to short Treasuries. High-yield drawdown from its 13-week peak was 1.0%, with 13-week annualized volatility of 9.3%. The Federal Reserve credit-conditions index was 0.22 and the St. Louis financial-stress index was -0.08. The latest conservatively lagged bank survey readings showed net tightening of 44.8% for large and middle-market C&I loans and 43.8% for small-firm C&I loans; the business-loan delinquency rate was 0.97%.",Elevated,0.0593622700,0.7966498375,0.1331072319,0.0108806606,0.6519594583,0.5606860158,0.6049548920,0.7902374670,calibration,False,False,market observations archived; FRED macro series use downloaded historical vintage
wide-credit-2023-04-14,2023-04-14,current broad US credit-market distress state,current weekly evidence snapshot,"As of 2023-04-14, broad US credit conditions were summarized from independent market and lending channels. The Baa-minus-Treasury spread was 2.05 percentage points (0.06 pp lower over the latest week), while the Baa-minus-Aaa quality dispersion was 1.05 percentage points. Over four weeks, high-yield credit returned +1.4% relative to investment-grade credit, and investment-grade credit returned +1.7% relative to short Treasuries. High-yield drawdown from its 13-week peak was 0.4%, with 13-week annualized volatility of 8.9%. The Federal Reserve credit-conditions index was 0.22 and the St. Louis financial-stress index was -0.48. The latest conservatively lagged bank survey readings showed net tightening of 44.8% for large and middle-market C&I loans and 43.8% for small-firm C&I loans; the business-loan delinquency rate was 0.97%.",Elevated,0.4185954433,0.5668746919,0.0135665682,0.0009632967,0.5180698046,0.5355263158,0.4088146769,0.6098684211,prompt_validation,False,False,market observations archived; FRED macro series use downloaded historical vintage
wide-credit-2023-04-21,2023-04-21,current broad US credit-market distress state,current weekly evidence snapshot,"As of 2023-04-21, broad US credit conditions were summarized from independent market and lending channels. The Baa-minus-Treasury spread was 2.04 percentage points (0.01 pp lower over the latest week), while the Baa-minus-Aaa quality dispersion was 1.07 percentage points. Over four weeks, high-yield credit returned +2.5% relative to investment-grade credit, and investment-grade credit returned +0.4% relative to short Treasuries. High-yield drawdown from its 13-week peak was 0.8%, with 13-week annualized volatility of 8.8%. The Federal Reserve credit-conditions index was 0.21 and the St. Louis financial-stress index was -0.66. The latest conservatively lagged bank survey readings showed net tightening of 44.8% for large and middle-market C&I loans and 43.8% for small-firm C&I loans; the business-loan delinquency rate was 0.97%.",Elevated,0.3843062259,0.5989714099,0.0156114020,0.0011109622,0.5259220512,0.5610236220,0.4799971247,0.5367454068,calibration,False,False,market observations archived; FRED macro series use downloaded historical vintage
wide-credit-2023-04-28,2023-04-28,current broad US credit-market distress state,current weekly evidence snapshot,"As of 2023-04-28, broad US credit conditions were summarized from independent market and lending channels. The Baa-minus-Treasury spread was 2.08 percentage points (0.04 pp higher over the latest week), while the Baa-minus-Aaa quality dispersion was 1.07 percentage points. Over four weeks, high-yield credit returned -0.4% relative to investment-grade credit, and investment-grade credit returned +0.4% relative to short Treasuries. High-yield drawdown from its 13-week peak was 0.3%, with 13-week annualized volatility of 8.9%. The Federal Reserve credit-conditions index was 0.21 and the St. Louis financial-stress index was -0.28. The latest conservatively lagged bank survey readings showed net tightening of 44.8% for large and middle-market C&I loans and 43.8% for small-firm C&I loans; the business-loan delinquency rate was 0.97%.",Elevated,0.1007152517,0.8127067343,0.0804175570,0.0061604571,0.6204116363,0.5772251309,0.5916014011,0.6924083770,prompt_validation,False,False,market observations archived; FRED macro series use downloaded historical vintage
wide-credit-2023-05-05,2023-05-05,current broad US credit-market distress state,current weekly evidence snapshot,"As of 2023-05-05, broad US credit conditions were summarized from independent market and lending channels. The Baa-minus-Treasury spread was 2.20 percentage points (0.12 pp higher over the latest week), while the Baa-minus-Aaa quality dispersion was 1.08 percentage points. Over four weeks, high-yield credit returned +1.6% relative to investment-grade credit, and investment-grade credit returned -1.4% relative to short Treasuries. High-yield drawdown from its 13-week peak was 0.4%, with 13-week annualized volatility of 8.8%. The Federal Reserve credit-conditions index was 0.20 and the St. Louis financial-stress index was -0.33. The latest conservatively lagged bank survey readings showed net tightening of 44.8% for large and middle-market C&I loans and 43.8% for small-firm C&I loans; the business-loan delinquency rate was 0.97%.",Elevated,0.0911507845,0.8131360246,0.0888388619,0.0068743290,0.6264815251,0.6560052219,0.5511155936,0.6723237598,calibration,False,False,market observations archived; FRED macro series use downloaded historical vintage
wide-credit-2023-05-12,2023-05-12,current broad US credit-market distress state,current weekly evidence snapshot,"As of 2023-05-12, broad US credit conditions were summarized from independent market and lending channels. The Baa-minus-Treasury spread was 2.21 percentage points (0.01 pp higher over the latest week), while the Baa-minus-Aaa quality dispersion was 1.12 percentage points. Over four weeks, high-yield credit returned -0.1% relative to investment-grade credit, and investment-grade credit returned -1.1% relative to short Treasuries. High-yield drawdown from its 13-week peak was 0.8%, with 13-week annualized volatility of 7.6%. The Federal Reserve credit-conditions index was 0.19 and the St. Louis financial-stress index was -0.51. The latest conservatively lagged bank survey readings showed net tightening of 44.8% for large and middle-market C&I loans and 43.8% for small-firm C&I loans; the business-loan delinquency rate was 0.97%.",Elevated,0.0682873281,0.8052003471,0.1171293116,0.0093830133,0.6437315142,0.6822916667,0.6772882926,0.5716145833,calibration,False,False,market observations archived; FRED macro series use downloaded historical vintage
wide-credit-2023-05-19,2023-05-19,current broad US credit-market distress state,current weekly evidence snapshot,"As of 2023-05-19, broad US credit conditions were summarized from independent market and lending channels. The Baa-minus-Treasury spread was 2.18 percentage points (0.03 pp lower over the latest week), while the Baa-minus-Aaa quality dispersion was 1.12 percentage points. Over four weeks, high-yield credit returned +1.3% relative to investment-grade credit, and investment-grade credit returned -1.9% relative to short Treasuries. High-yield drawdown from its 13-week peak was 1.1%, with 13-week annualized volatility of 7.6%. The Federal Reserve credit-conditions index was 0.19 and the St. Louis financial-stress index was -0.44. The latest conservatively lagged bank survey readings showed net tightening of 46.0% for large and middle-market C&I loans and 46.7% for small-firm C&I loans; the business-loan delinquency rate was 1.00%.",Elevated,0.0858809907,0.8125997081,0.0941842516,0.0073350497,0.6300749044,0.6610389610,0.6291857522,0.6000000000,test,False,False,market observations archived; FRED macro series use downloaded historical vintage
wide-credit-2023-05-26,2023-05-26,current broad US credit-market distress state,current weekly evidence snapshot,"As of 2023-05-26, broad US credit conditions were summarized from independent market and lending channels. The Baa-minus-Treasury spread was 2.10 percentage points (0.08 pp lower over the latest week), while the Baa-minus-Aaa quality dispersion was 1.13 percentage points. Over four weeks, high-yield credit returned +1.5% relative to investment-grade credit, and investment-grade credit returned -2.2% relative to short Treasuries. High-yield drawdown from its 13-week peak was 1.4%, with 13-week annualized volatility of 7.6%. The Federal Reserve credit-conditions index was 0.18 and the St. Louis financial-stress index was -0.32. The latest conservatively lagged bank survey readings showed net tightening of 46.0% for large and middle-market C&I loans and 46.7% for small-firm C&I loans; the business-loan delinquency rate was 1.00%.",Elevated,0.0885207017,0.8129454266,0.0914364067,0.0070974650,0.6282507842,0.6172279793,0.6224466532,0.6450777202,prompt_validation,False,False,market observations archived; FRED macro series use downloaded historical vintage
wide-credit-2023-06-02,2023-06-02,current broad US credit-market distress state,current weekly evidence snapshot,"As of 2023-06-02, broad US credit conditions were summarized from independent market and lending channels. The Baa-minus-Treasury spread was 2.11 percentage points (0.01 pp higher over the latest week), while the Baa-minus-Aaa quality dispersion was 1.12 percentage points. Over four weeks, high-yield credit returned +1.1% relative to investment-grade credit, and investment-grade credit returned -0.0% relative to short Treasuries. High-yield drawdown from its 13-week peak was 0.1%, with 13-week annualized volatility of 7.5%. The Federal Reserve credit-conditions index was 0.17 and the St. Louis financial-stress index was -0.46. The latest conservatively lagged bank survey readings showed net tightening of 46.0% for large and middle-market C&I loans and 46.7% for small-firm C&I loans; the business-loan delinquency rate was 1.00%.",Elevated,0.2685768934,0.7033262843,0.0262098114,0.0018870109,0.5551020164,0.6130490956,0.4850734910,0.5671834625,test,False,False,market observations archived; FRED macro series use downloaded historical vintage
wide-credit-2023-06-09,2023-06-09,current broad US credit-market distress state,current weekly evidence snapshot,"As of 2023-06-09, broad US credit conditions were summarized from independent market and lending channels. The Baa-minus-Treasury spread was 2.05 percentage points (0.06 pp lower over the latest week), while the Baa-minus-Aaa quality dispersion was 1.10 percentage points. Over four weeks, high-yield credit returned +2.0% relative to investment-grade credit, and investment-grade credit returned -0.3% relative to short Treasuries. High-yield drawdown from its 13-week peak was -0.0%, with 13-week annualized volatility of 6.4%. The Federal Reserve credit-conditions index was 0.16 and the St. Louis financial-stress index was -0.69. The latest conservatively lagged bank survey readings showed net tightening of 46.0% for large and middle-market C&I loans and 46.7% for small-firm C&I loans; the business-loan delinquency rate was 1.00%.",Normal,0.6417190326,0.3523891856,0.0055043411,0.0003874407,0.4679441817,0.5721649485,0.3787036791,0.4529639175,calibration,False,False,market observations archived; FRED macro series use downloaded historical vintage
wide-credit-2023-06-16,2023-06-16,current broad US credit-market distress state,current weekly evidence snapshot,"As of 2023-06-16, broad US credit conditions were summarized from independent market and lending channels. The Baa-minus-Treasury spread was 1.96 percentage points (0.09 pp lower over the latest week), while the Baa-minus-Aaa quality dispersion was 1.11 percentage points. Over four weeks, high-yield credit returned +0.1% relative to investment-grade credit, and investment-grade credit returned +1.8% relative to short Treasuries. High-yield drawdown from its 13-week peak was -0.0%, with 13-week annualized volatility of 6.3%. The Federal Reserve credit-conditions index was 0.16 and the St. Louis financial-stress index was -0.61. The latest conservatively lagged bank survey readings showed net tightening of 46.0% for large and middle-market C&I loans and 46.7% for small-firm C&I loans; the business-loan delinquency rate was 1.00%.",Normal,0.6881240558,0.3070878260,0.0044735801,0.0003145381,0.4564749997,0.5282776350,0.3572142023,0.4839331620,conformal,False,False,market observations archived; FRED macro series use downloaded historical vintage
wide-credit-2023-06-23,2023-06-23,current broad US credit-market distress state,current weekly evidence snapshot,"As of 2023-06-23, broad US credit conditions were summarized from independent market and lending channels. The Baa-minus-Treasury spread was 1.96 percentage points (unchanged over the latest week), while the Baa-minus-Aaa quality dispersion was 1.10 percentage points. Over four weeks, high-yield credit returned -0.8% relative to investment-grade credit, and investment-grade credit returned +1.5% relative to short Treasuries. High-yield drawdown from its 13-week peak was 1.0%, with 13-week annualized volatility of 6.8%. The Federal Reserve credit-conditions index was 0.15 and the St. Louis financial-stress index was -0.58. The latest conservatively lagged bank survey readings showed net tightening of 46.0% for large and middle-market C&I loans and 46.7% for small-firm C&I loans; the business-loan delinquency rate was 1.00%.",Elevated,0.3835497218,0.5996752426,0.0156605185,0.0011145172,0.5260979621,0.5237179487,0.5699605531,0.4846153846,calibration,False,False,market observations archived; FRED macro series use downloaded historical vintage
wide-credit-2023-06-30,2023-06-30,current broad US credit-market distress state,current weekly evidence snapshot,"As of 2023-06-30, broad US credit conditions were summarized from independent market and lending channels. The Baa-minus-Treasury spread was 1.88 percentage points (0.08 pp lower over the latest week), while the Baa-minus-Aaa quality dispersion was 1.09 percentage points. Over four weeks, high-yield credit returned -0.1% relative to investment-grade credit, and investment-grade credit returned +1.1% relative to short Treasuries. High-yield drawdown from its 13-week peak was -0.0%, with 13-week annualized volatility of 4.9%. The Federal Reserve credit-conditions index was 0.15 and the St. Louis financial-stress index was -0.69. The latest conservatively lagged bank survey readings showed net tightening of 46.0% for large and middle-market C&I loans and 46.7% for small-firm C&I loans; the business-loan delinquency rate was 1.00%.",Normal,0.8241212580,0.1736184027,0.0021122061,0.0001481333,0.4150512413,0.4661125320,0.3512918314,0.4277493606,test,False,False,market observations archived; FRED macro series use downloaded historical vintage
wide-credit-2023-07-07,2023-07-07,current broad US credit-market distress state,current weekly evidence snapshot,"As of 2023-07-07, broad US credit conditions were summarized from independent market and lending channels. The Baa-minus-Treasury spread was 1.81 percentage points (0.07 pp lower over the latest week), while the Baa-minus-Aaa quality dispersion was 1.10 percentage points. Over four weeks, high-yield credit returned +0.2% relative to investment-grade credit, and investment-grade credit returned -0.5% relative to short Treasuries. High-yield drawdown from its 13-week peak was 1.1%, with 13-week annualized volatility of 5.3%. The Federal Reserve credit-conditions index was 0.15 and the St. Louis financial-stress index was -0.75. The latest conservatively lagged bank survey readings showed net tightening of 46.0% for large and middle-market C&I loans and 46.7% for small-firm C&I loans; the business-loan delinquency rate was 1.00%.",Normal,0.6366675183,0.3573110092,0.0056254552,0.0003960173,0.4691488925,0.4349489796,0.5790027999,0.3934948980,calibration,False,False,market observations archived; FRED macro series use downloaded historical vintage
wide-credit-2023-07-14,2023-07-14,current broad US credit-market distress state,current weekly evidence snapshot,"As of 2023-07-14, broad US credit conditions were summarized from independent market and lending channels. The Baa-minus-Treasury spread was 1.87 percentage points (0.06 pp higher over the latest week), while the Baa-minus-Aaa quality dispersion was 1.07 percentage points. Over four weeks, high-yield credit returned +0.7% relative to investment-grade credit, and investment-grade credit returned -0.1% relative to short Treasuries. High-yield drawdown from its 13-week peak was -0.0%, with 13-week annualized volatility of 6.2%. The Federal Reserve credit-conditions index was 0.14 and the St. Louis financial-stress index was -0.69. The latest conservatively lagged bank survey readings showed net tightening of 46.0% for large and middle-market C&I loans and 46.7% for small-firm C&I loans; the business-loan delinquency rate was 1.00%.",Normal,0.7676838208,0.2291140537,0.0029920862,0.0002100393,0.4342596731,0.4503816794,0.4331861439,0.4192111959,calibration,False,False,market observations archived; FRED macro series use downloaded historical vintage
wide-credit-2023-07-21,2023-07-21,current broad US credit-market distress state,current weekly evidence snapshot,"As of 2023-07-21, broad US credit conditions were summarized from independent market and lending channels. The Baa-minus-Treasury spread was 1.85 percentage points (0.02 pp lower over the latest week), while the Baa-minus-Aaa quality dispersion was 1.07 percentage points. Over four weeks, high-yield credit returned +1.6% relative to investment-grade credit, and investment-grade credit returned +0.4% relative to short Treasuries. High-yield drawdown from its 13-week peak was -0.0%, with 13-week annualized volatility of 6.1%. The Federal Reserve credit-conditions index was 0.14 and the St. Louis financial-stress index was -0.73. The latest conservatively lagged bank survey readings showed net tightening of 46.0% for large and middle-market C&I loans and 46.7% for small-firm C&I loans; the business-loan delinquency rate was 1.00%.",Normal,0.8855559066,0.1130741072,0.0012802778,0.0000897084,0.3874628965,0.4371827411,0.3400536641,0.3851522843,prompt_validation,False,False,market observations archived; FRED macro series use downloaded historical vintage
wide-credit-2023-07-28,2023-07-28,current broad US credit-market distress state,current weekly evidence snapshot,"As of 2023-07-28, broad US credit conditions were summarized from independent market and lending channels. The Baa-minus-Treasury spread was 1.80 percentage points (0.05 pp lower over the latest week), while the Baa-minus-Aaa quality dispersion was 1.08 percentage points. Over four weeks, high-yield credit returned +1.1% relative to investment-grade credit, and investment-grade credit returned -0.5% relative to short Treasuries. High-yield drawdown from its 13-week peak was 0.1%, with 13-week annualized volatility of 6.1%. The Federal Reserve credit-conditions index was 0.14 and the St. Louis financial-stress index was -0.76. The latest conservatively lagged bank survey readings showed net tightening of 46.0% for large and middle-market C&I loans and 46.7% for small-firm C&I loans; the business-loan delinquency rate was 1.00%.",Normal,0.8120800189,0.1854695483,0.0022898130,0.0001606198,0.4195029547,0.4151898734,0.4711670921,0.3721518987,test,False,False,market observations archived; FRED macro series use downloaded historical vintage
wide-credit-2023-08-04,2023-08-04,current broad US credit-market distress state,current weekly evidence snapshot,"As of 2023-08-04, broad US credit conditions were summarized from independent market and lending channels. The Baa-minus-Treasury spread was 1.90 percentage points (0.10 pp higher over the latest week), while the Baa-minus-Aaa quality dispersion was 1.07 percentage points. Over four weeks, high-yield credit returned +0.9% relative to investment-grade credit, and investment-grade credit returned +0.1% relative to short Treasuries. High-yield drawdown from its 13-week peak was 0.5%, with 13-week annualized volatility of 6.1%. The Federal Reserve credit-conditions index was 0.13 and the St. Louis financial-stress index was -0.72. The latest conservatively lagged bank survey readings showed net tightening of 46.0% for large and middle-market C&I loans and 46.7% for small-firm C&I loans; the business-loan delinquency rate was 1.00%.",Normal,0.7079885190,0.2876522433,0.0040729887,0.0002862491,0.4512900884,0.4652777778,0.5009662247,0.3876262626,test,False,False,market observations archived; FRED macro series use downloaded historical vintage
wide-credit-2023-08-11,2023-08-11,current broad US credit-market distress state,current weekly evidence snapshot,"As of 2023-08-11, broad US credit conditions were summarized from independent market and lending channels. The Baa-minus-Treasury spread was 1.87 percentage points (0.03 pp lower over the latest week), while the Baa-minus-Aaa quality dispersion was 1.06 percentage points. Over four weeks, high-yield credit returned +2.0% relative to investment-grade credit, and investment-grade credit returned -1.9% relative to short Treasuries. High-yield drawdown from its 13-week peak was 0.2%, with 13-week annualized volatility of 6.0%. The Federal Reserve credit-conditions index was 0.13 and the St. Louis financial-stress index was -0.65. The latest conservatively lagged bank survey readings showed net tightening of 46.0% for large and middle-market C&I loans and 46.7% for small-firm C&I loans; the business-loan delinquency rate was 1.00%.",Normal,0.7030021243,0.2925332242,0.0041714515,0.0002932000,0.4526100790,0.4363979849,0.4907017735,0.4307304786,calibration,False,False,market observations archived; FRED macro series use downloaded historical vintage
wide-credit-2023-08-18,2023-08-18,current broad US credit-market distress state,current weekly evidence snapshot,"As of 2023-08-18, broad US credit conditions were summarized from independent market and lending channels. The Baa-minus-Treasury spread was 1.89 percentage points (0.02 pp higher over the latest week), while the Baa-minus-Aaa quality dispersion was 1.06 percentage points. Over four weeks, high-yield credit returned +2.1% relative to investment-grade credit, and investment-grade credit returned -3.4% relative to short Treasuries. High-yield drawdown from its 13-week peak was 1.2%, with 13-week annualized volatility of 6.4%. The Federal Reserve credit-conditions index was 0.13 and the St. Louis financial-stress index was -0.62. The latest conservatively lagged bank survey readings showed net tightening of 50.8% for large and middle-market C&I loans and 49.2% for small-firm C&I loans; the business-loan delinquency rate was 0.98%.",Normal,0.5250640246,0.4654253994,0.0088830310,0.0006275450,0.4944812890,0.4497487437,0.5914840679,0.4422110553,test,False,False,market observations archived; FRED macro series use downloaded historical vintage
wide-credit-2023-08-25,2023-08-25,current broad US credit-market distress state,current weekly evidence snapshot,"As of 2023-08-25, broad US credit conditions were summarized from independent market and lending channels. The Baa-minus-Treasury spread was 1.76 percentage points (0.13 pp lower over the latest week), while the Baa-minus-Aaa quality dispersion was 1.06 percentage points. Over four weeks, high-yield credit returned +1.6% relative to investment-grade credit, and investment-grade credit returned -2.1% relative to short Treasuries. High-yield drawdown from its 13-week peak was 0.5%, with 13-week annualized volatility of 6.4%. The Federal Reserve credit-conditions index was 0.12 and the St. Louis financial-stress index was -0.67. The latest conservatively lagged bank survey readings showed net tightening of 50.8% for large and middle-market C&I loans and 49.2% for small-firm C&I loans; the business-loan delinquency rate was 0.98%.",Normal,0.7264678155,0.2695511692,0.0037196949,0.0002613203,0.4462773810,0.3778195489,0.5512381582,0.4097744361,conformal,False,False,market observations archived; FRED macro series use downloaded historical vintage
wide-credit-2023-09-01,2023-09-01,current broad US credit-market distress state,current weekly evidence snapshot,"As of 2023-09-01, broad US credit conditions were summarized from independent market and lending channels. The Baa-minus-Treasury spread was 1.82 percentage points (0.06 pp higher over the latest week), while the Baa-minus-Aaa quality dispersion was 1.06 percentage points. Over four weeks, high-yield credit returned +1.5% relative to investment-grade credit, and investment-grade credit returned -0.6% relative to short Treasuries. High-yield drawdown from its 13-week peak was -0.0%, with 13-week annualized volatility of 6.3%. The Federal Reserve credit-conditions index was 0.12 and the St. Louis financial-stress index was -0.68. The latest conservatively lagged bank survey readings showed net tightening of 50.8% for large and middle-market C&I loans and 49.2% for small-firm C&I loans; the business-loan delinquency rate was 0.98%.",Normal,0.8422815458,0.1557346583,0.0018538198,0.0001299761,0.4078583445,0.4025000000,0.4135750335,0.4075000000,test,False,False,market observations archived; FRED macro series use downloaded historical vintage
wide-credit-2023-09-08,2023-09-08,current broad US credit-market distress state,current weekly evidence snapshot,"As of 2023-09-08, broad US credit conditions were summarized from independent market and lending channels. The Baa-minus-Treasury spread was 1.79 percentage points (0.03 pp lower over the latest week), while the Baa-minus-Aaa quality dispersion was 1.05 percentage points. Over four weeks, high-yield credit returned +0.1% relative to investment-grade credit, and investment-grade credit returned -0.1% relative to short Treasuries. High-yield drawdown from its 13-week peak was 0.6%, with 13-week annualized volatility of 6.5%. The Federal Reserve credit-conditions index was 0.12 and the St. Louis financial-stress index was -0.71. The latest conservatively lagged bank survey readings showed net tightening of 50.8% for large and middle-market C&I loans and 49.2% for small-firm C&I loans; the business-loan delinquency rate was 0.98%.",Normal,0.7280473471,0.2680030887,0.0036903160,0.0002592482,0.4458394044,0.3728179551,0.5787900335,0.3859102244,test,False,False,market observations archived; FRED macro series use downloaded historical vintage
wide-credit-2023-09-15,2023-09-15,current broad US credit-market distress state,current weekly evidence snapshot,"As of 2023-09-15, broad US credit conditions were summarized from independent market and lending channels. The Baa-minus-Treasury spread was 1.78 percentage points (0.01 pp lower over the latest week), while the Baa-minus-Aaa quality dispersion was 1.04 percentage points. Over four weeks, high-yield credit returned +0.6% relative to investment-grade credit, and investment-grade credit returned +0.5% relative to short Treasuries. High-yield drawdown from its 13-week peak was 0.6%, with 13-week annualized volatility of 6.5%. The Federal Reserve credit-conditions index was 0.12 and the St. Louis financial-stress index was -0.71. The latest conservatively lagged bank survey readings showed net tightening of 50.8% for large and middle-market C&I loans and 49.2% for small-firm C&I loans; the business-loan delinquency rate was 0.98%.",Normal,0.8203508857,0.1773298450,0.0021672657,0.0001520037,0.4164700384,0.3563432836,0.5012757869,0.3917910448,calibration,False,False,market observations archived; FRED macro series use downloaded historical vintage
wide-credit-2023-09-22,2023-09-22,current broad US credit-market distress state,current weekly evidence snapshot,"As of 2023-09-22, broad US credit conditions were summarized from independent market and lending channels. The Baa-minus-Treasury spread was 1.73 percentage points (0.05 pp lower over the latest week), while the Baa-minus-Aaa quality dispersion was 1.02 percentage points. Over four weeks, high-yield credit returned +0.4% relative to investment-grade credit, and investment-grade credit returned -0.9% relative to short Treasuries. High-yield drawdown from its 13-week peak was 1.4%, with 13-week annualized volatility of 6.4%. The Federal Reserve credit-conditions index was 0.13 and the St. Louis financial-stress index was -0.72. The latest conservatively lagged bank survey readings showed net tightening of 50.8% for large and middle-market C&I loans and 49.2% for small-firm C&I loans; the business-loan delinquency rate was 0.98%.",Normal,0.6918613847,0.3034330395,0.0043964841,0.0003090918,0.4555140259,0.3331265509,0.6456984052,0.3877171216,calibration,False,False,market observations archived; FRED macro series use downloaded historical vintage
wide-credit-2023-09-29,2023-09-29,current broad US credit-market distress state,current weekly evidence snapshot,"As of 2023-09-29, broad US credit conditions were summarized from independent market and lending channels. The Baa-minus-Treasury spread was 1.78 percentage points (0.05 pp higher over the latest week), while the Baa-minus-Aaa quality dispersion was 1.01 percentage points. Over four weeks, high-yield credit returned +1.1% relative to investment-grade credit, and investment-grade credit returned -2.8% relative to short Treasuries. High-yield drawdown from its 13-week peak was 1.8%, with 13-week annualized volatility of 6.0%. The Federal Reserve credit-conditions index was 0.13 and the St. Louis financial-stress index was -0.50. The latest conservatively lagged bank survey readings showed net tightening of 50.8% for large and middle-market C&I loans and 49.2% for small-firm C&I loans; the business-loan delinquency rate was 0.98%.",Normal,0.5351727291,0.4556914844,0.0085331846,0.0006026019,0.4922491978,0.3384900990,0.6351634349,0.5030940594,calibration,False,False,market observations archived; FRED macro series use downloaded historical vintage
wide-credit-2023-10-06,2023-10-06,current broad US credit-market distress state,current weekly evidence snapshot,"As of 2023-10-06, broad US credit conditions were summarized from independent market and lending channels. The Baa-minus-Treasury spread was 1.84 percentage points (0.06 pp higher over the latest week), while the Baa-minus-Aaa quality dispersion was 1.02 percentage points. Over four weeks, high-yield credit returned +2.2% relative to investment-grade credit, and investment-grade credit returned -4.3% relative to short Treasuries. High-yield drawdown from its 13-week peak was 2.7%, with 13-week annualized volatility of 5.8%. The Federal Reserve credit-conditions index was 0.13 and the St. Louis financial-stress index was -0.43. The latest conservatively lagged bank survey readings showed net tightening of 50.8% for large and middle-market C&I loans and 49.2% for small-firm C&I loans; the business-loan delinquency rate was 0.98%.",Elevated,0.4502798279,0.5369263235,0.0119470387,0.0008468099,0.5109747078,0.3777777778,0.6107019011,0.5444444444,calibration,False,False,market observations archived; FRED macro series use downloaded historical vintage
wide-credit-2023-10-13,2023-10-13,current broad US credit-market distress state,current weekly evidence snapshot,"As of 2023-10-13, broad US credit conditions were summarized from independent market and lending channels. The Baa-minus-Treasury spread was 1.82 percentage points (0.02 pp lower over the latest week), while the Baa-minus-Aaa quality dispersion was 1.02 percentage points. Over four weeks, high-yield credit returned +0.5% relative to investment-grade credit, and investment-grade credit returned -2.8% relative to short Treasuries. High-yield drawdown from its 13-week peak was 2.6%, with 13-week annualized volatility of 4.6%. The Federal Reserve credit-conditions index was 0.13 and the St. Louis financial-stress index was -0.53. The latest conservatively lagged bank survey readings showed net tightening of 50.8% for large and middle-market C&I loans and 49.2% for small-firm C&I loans; the business-loan delinquency rate was 0.98%.",Normal,0.5185651747,0.4716757382,0.0091149934,0.0006440936,0.4959137830,0.3657635468,0.6349088368,0.4870689655,calibration,False,False,market observations archived; FRED macro series use downloaded historical vintage
wide-credit-2023-10-20,2023-10-20,current broad US credit-market distress state,current weekly evidence snapshot,"As of 2023-10-20, broad US credit conditions were summarized from independent market and lending channels. The Baa-minus-Treasury spread was 1.88 percentage points (0.06 pp higher over the latest week), while the Baa-minus-Aaa quality dispersion was 1.01 percentage points. Over four weeks, high-yield credit returned +2.4% relative to investment-grade credit, and investment-grade credit returned -4.9% relative to short Treasuries. High-yield drawdown from its 13-week peak was 3.7%, with 13-week annualized volatility of 4.8%. The Federal Reserve credit-conditions index was 0.13 and the St. Louis financial-stress index was -0.33. The latest conservatively lagged bank survey readings showed net tightening of 50.8% for large and middle-market C&I loans and 49.2% for small-firm C&I loans; the business-loan delinquency rate was 0.98%.",Elevated,0.4009724094,0.5834165008,0.0145750490,0.0010360407,0.5220778271,0.4023341523,0.5791327441,0.5847665848,calibration,False,False,market observations archived; FRED macro series use downloaded historical vintage
wide-credit-2023-10-27,2023-10-27,current broad US credit-market distress state,current weekly evidence snapshot,"As of 2023-10-27, broad US credit conditions were summarized from independent market and lending channels. The Baa-minus-Treasury spread was 1.88 percentage points (unchanged over the latest week), while the Baa-minus-Aaa quality dispersion was 1.01 percentage points. Over four weeks, high-yield credit returned +0.7% relative to investment-grade credit, and investment-grade credit returned -2.4% relative to short Treasuries. High-yield drawdown from its 13-week peak was 3.1%, with 13-week annualized volatility of 5.1%. The Federal Reserve credit-conditions index was 0.13 and the St. Louis financial-stress index was -0.34. The latest conservatively lagged bank survey readings showed net tightening of 50.8% for large and middle-market C&I loans and 49.2% for small-firm C&I loans; the business-loan delinquency rate was 0.98%.",Elevated,0.3289936715,0.6498143853,0.0197780413,0.0014139019,0.5392007029,0.4025735294,0.6408864225,0.5741421569,calibration,False,False,market observations archived; FRED macro series use downloaded historical vintage
wide-credit-2023-11-03,2023-11-03,current broad US credit-market distress state,current weekly evidence snapshot,"As of 2023-11-03, broad US credit conditions were summarized from independent market and lending channels. The Baa-minus-Treasury spread was 1.86 percentage points (0.02 pp lower over the latest week), while the Baa-minus-Aaa quality dispersion was 1.00 percentage points. Over four weeks, high-yield credit returned +0.6% relative to investment-grade credit, and investment-grade credit returned +1.5% relative to short Treasuries. High-yield drawdown from its 13-week peak was -0.0%, with 13-week annualized volatility of 8.8%. The Federal Reserve credit-conditions index was 0.12 and the St. Louis financial-stress index was -0.60. The latest conservatively lagged bank survey readings showed net tightening of 50.8% for large and middle-market C&I loans and 49.2% for small-firm C&I loans; the business-loan delinquency rate was 0.98%.",Normal,0.8544889385,0.1437066343,0.0016862230,0.0001182042,0.4026361703,0.3801955990,0.3802801490,0.4474327628,conformal,False,False,market observations archived; FRED macro series use downloaded historical vintage
wide-credit-2023-11-10,2023-11-10,current broad US credit-market distress state,current weekly evidence snapshot,"As of 2023-11-10, broad US credit conditions were summarized from independent market and lending channels. The Baa-minus-Treasury spread was 1.80 percentage points (0.06 pp lower over the latest week), while the Baa-minus-Aaa quality dispersion was 1.01 percentage points. Over four weeks, high-yield credit returned +1.2% relative to investment-grade credit, and investment-grade credit returned +0.8% relative to short Treasuries. High-yield drawdown from its 13-week peak was 0.5%, with 13-week annualized volatility of 8.8%. The Federal Reserve credit-conditions index was 0.11 and the St. Louis financial-stress index was -0.72. The latest conservatively lagged bank survey readings showed net tightening of 50.8% for large and middle-market C&I loans and 49.2% for small-firm C&I loans; the business-loan delinquency rate was 0.98%.",Normal,0.8661775874,0.1321850517,0.0015301176,0.0001072433,0.3972833028,0.3512195122,0.4723377133,0.3682926829,conformal,False,False,market observations archived; FRED macro series use downloaded historical vintage
wide-credit-2023-11-17,2023-11-17,current broad US credit-market distress state,current weekly evidence snapshot,"As of 2023-11-17, broad US credit conditions were summarized from independent market and lending channels. The Baa-minus-Treasury spread was 1.78 percentage points (0.02 pp lower over the latest week), while the Baa-minus-Aaa quality dispersion was 1.01 percentage points. Over four weeks, high-yield credit returned -1.6% relative to investment-grade credit, and investment-grade credit returned +5.4% relative to short Treasuries. High-yield drawdown from its 13-week peak was -0.0%, with 13-week annualized volatility of 8.7%. The Federal Reserve credit-conditions index was 0.10 and the St. Louis financial-stress index was -0.61. The latest conservatively lagged bank survey readings showed net tightening of 33.9% for large and middle-market C&I loans and 30.4% for small-firm C&I loans; the business-loan delinquency rate was 1.02%.",Normal,0.8417404064,0.1562677276,0.0018613602,0.0001305058,0.4080820762,0.3381995134,0.4517401458,0.4343065693,calibration,False,False,market observations archived; FRED macro series use downloaded historical vintage
wide-credit-2023-11-24,2023-11-24,current broad US credit-market distress state,current weekly evidence snapshot,"As of 2023-11-24, broad US credit conditions were summarized from independent market and lending channels. The Baa-minus-Treasury spread was 1.72 percentage points (0.06 pp lower over the latest week), while the Baa-minus-Aaa quality dispersion was 0.99 percentage points. Over four weeks, high-yield credit returned -1.2% relative to investment-grade credit, and investment-grade credit returned +5.0% relative to short Treasuries. High-yield drawdown from its 13-week peak was -0.0%, with 13-week annualized volatility of 8.6%. The Federal Reserve credit-conditions index was 0.10 and the St. Louis financial-stress index was -0.73. The latest conservatively lagged bank survey readings showed net tightening of 33.9% for large and middle-market C&I loans and 30.4% for small-firm C&I loans; the business-loan delinquency rate was 1.02%.",Normal,0.9161121904,0.0829167130,0.0009075317,0.0000635649,0.3685137809,0.3058252427,0.4380656144,0.3616504854,calibration,False,False,market observations archived; FRED macro series use downloaded historical vintage
wide-credit-2023-12-01,2023-12-01,current broad US credit-market distress state,current weekly evidence snapshot,"As of 2023-12-01, broad US credit conditions were summarized from independent market and lending channels. The Baa-minus-Treasury spread was 1.71 percentage points (0.01 pp lower over the latest week), while the Baa-minus-Aaa quality dispersion was 1.00 percentage points. Over four weeks, high-yield credit returned -2.8% relative to investment-grade credit, and investment-grade credit returned +4.7% relative to short Treasuries. High-yield drawdown from its 13-week peak was -0.0%, with 13-week annualized volatility of 9.1%. The Federal Reserve credit-conditions index was 0.09 and the St. Louis financial-stress index was -0.52. The latest conservatively lagged bank survey readings showed net tightening of 33.9% for large and middle-market C&I loans and 30.4% for small-firm C&I loans; the business-loan delinquency rate was 1.02%.",Normal,0.8112120821,0.1863235680,0.0023028158,0.0001615341,0.4198152102,0.3135593220,0.4809952674,0.4648910412,calibration,False,False,market observations archived; FRED macro series use downloaded historical vintage
wide-credit-2023-12-08,2023-12-08,current broad US credit-market distress state,current weekly evidence snapshot,"As of 2023-12-08, broad US credit conditions were summarized from independent market and lending channels. The Baa-minus-Treasury spread was 1.61 percentage points (0.10 pp lower over the latest week), while the Baa-minus-Aaa quality dispersion was 0.93 percentage points. Over four weeks, high-yield credit returned -2.4% relative to investment-grade credit, and investment-grade credit returned +4.5% relative to short Treasuries. High-yield drawdown from its 13-week peak was 0.2%, with 13-week annualized volatility of 8.9%. The Federal Reserve credit-conditions index was 0.08 and the St. Louis financial-stress index was -0.49. The latest conservatively lagged bank survey readings showed net tightening of 33.9% for large and middle-market C&I loans and 30.4% for small-firm C&I loans; the business-loan delinquency rate was 1.02%.",Normal,0.7839380339,0.2131447944,0.0027258747,0.0001912970,0.4291179397,0.2693236715,0.5373538192,0.4806763285,calibration,False,False,market observations archived; FRED macro series use downloaded historical vintage
wide-credit-2023-12-15,2023-12-15,current broad US credit-market distress state,current weekly evidence snapshot,"As of 2023-12-15, broad US credit conditions were summarized from independent market and lending channels. The Baa-minus-Treasury spread was 1.57 percentage points (0.04 pp lower over the latest week), while the Baa-minus-Aaa quality dispersion was 0.87 percentage points. Over four weeks, high-yield credit returned -2.5% relative to investment-grade credit, and investment-grade credit returned +5.3% relative to short Treasuries. High-yield drawdown from its 13-week peak was -0.0%, with 13-week annualized volatility of 9.5%. The Federal Reserve credit-conditions index was 0.07 and the St. Louis financial-stress index was -0.60. The latest conservatively lagged bank survey readings showed net tightening of 33.9% for large and middle-market C&I loans and 30.4% for small-firm C&I loans; the business-loan delinquency rate was 1.02%.",Normal,0.9096434941,0.0893031753,0.0009843776,0.0000689530,0.3729890645,0.2006024096,0.4858346634,0.4325301205,calibration,False,False,market observations archived; FRED macro series use downloaded historical vintage
wide-credit-2023-12-22,2023-12-22,current broad US credit-market distress state,current weekly evidence snapshot,"As of 2023-12-22, broad US credit conditions were summarized from independent market and lending channels. The Baa-minus-Treasury spread was 1.65 percentage points (0.08 pp higher over the latest week), while the Baa-minus-Aaa quality dispersion was 0.85 percentage points. Over four weeks, high-yield credit returned -1.5% relative to investment-grade credit, and investment-grade credit returned +4.4% relative to short Treasuries. High-yield drawdown from its 13-week peak was -0.0%, with 13-week annualized volatility of 9.1%. The Federal Reserve credit-conditions index was 0.06 and the St. Louis financial-stress index was -0.43. The latest conservatively lagged bank survey readings showed net tightening of 33.9% for large and middle-market C&I loans and 30.4% for small-firm C&I loans; the business-loan delinquency rate was 1.02%.",Normal,0.8843360333,0.1142774907,0.0012956865,0.0000907896,0.3881218617,0.1832932692,0.4690530850,0.5120192308,calibration,False,False,market observations archived; FRED macro series use downloaded historical vintage
wide-credit-2023-12-29,2023-12-29,current broad US credit-market distress state,current weekly evidence snapshot,"As of 2023-12-29, broad US credit conditions were summarized from independent market and lending channels. The Baa-minus-Treasury spread was 1.61 percentage points (0.04 pp lower over the latest week), while the Baa-minus-Aaa quality dispersion was 0.84 percentage points. Over four weeks, high-yield credit returned -1.3% relative to investment-grade credit, and investment-grade credit returned +2.8% relative to short Treasuries. High-yield drawdown from its 13-week peak was 0.1%, with 13-week annualized volatility of 9.0%. The Federal Reserve credit-conditions index was 0.06 and the St. Louis financial-stress index was -0.41. The latest conservatively lagged bank survey readings showed net tightening of 33.9% for large and middle-market C&I loans and 30.4% for small-firm C&I loans; the business-loan delinquency rate was 1.02%.",Normal,0.8560819903,0.1421366172,0.0016646998,0.0001166927,0.4019282683,0.1792565947,0.5145378025,0.5119904077,test,False,False,market observations archived; FRED macro series use downloaded historical vintage
wide-credit-2024-01-05,2024-01-05,current broad US credit-market distress state,current weekly evidence snapshot,"As of 2024-01-05, broad US credit conditions were summarized from independent market and lending channels. The Baa-minus-Treasury spread was 1.65 percentage points (0.04 pp higher over the latest week), while the Baa-minus-Aaa quality dispersion was 0.81 percentage points. Over four weeks, high-yield credit returned +0.0% relative to investment-grade credit, and investment-grade credit returned +0.8% relative to short Treasuries. High-yield drawdown from its 13-week peak was 1.0%, with 13-week annualized volatility of 9.0%. The Federal Reserve credit-conditions index was 0.05 and the St. Louis financial-stress index was -0.56. The latest conservatively lagged bank survey readings showed net tightening of 33.9% for large and middle-market C&I loans and 30.4% for small-firm C&I loans; the business-loan delinquency rate was 1.02%.",Normal,0.8643547907,0.1339820889,0.0015541874,0.0001089331,0.3981432670,0.1644736842,0.5981379350,0.4318181818,calibration,False,False,market observations archived; FRED macro series use downloaded historical vintage
wide-credit-2024-01-12,2024-01-12,current broad US credit-market distress state,current weekly evidence snapshot,"As of 2024-01-12, broad US credit conditions were summarized from independent market and lending channels. The Baa-minus-Treasury spread was 1.64 percentage points (0.01 pp lower over the latest week), while the Baa-minus-Aaa quality dispersion was 0.82 percentage points. Over four weeks, high-yield credit returned +0.9% relative to investment-grade credit, and investment-grade credit returned -0.7% relative to short Treasuries. High-yield drawdown from its 13-week peak was -0.0%, with 13-week annualized volatility of 9.1%. The Federal Reserve credit-conditions index was 0.04 and the St. Louis financial-stress index was -0.70. The latest conservatively lagged bank survey readings showed net tightening of 33.9% for large and middle-market C&I loans and 30.4% for small-firm C&I loans; the business-loan delinquency rate was 1.02%.",Normal,0.9475718696,0.0518411395,0.0005485822,0.0000384088,0.3408047275,0.1700477327,0.5033211039,0.3490453461,prompt_validation,False,False,market observations archived; FRED macro series use downloaded historical vintage
wide-credit-2024-01-19,2024-01-19,current broad US credit-market distress state,current weekly evidence snapshot,"As of 2024-01-19, broad US credit conditions were summarized from independent market and lending channels. The Baa-minus-Treasury spread was 1.59 percentage points (0.05 pp lower over the latest week), while the Baa-minus-Aaa quality dispersion was 0.80 percentage points. Over four weeks, high-yield credit returned +0.6% relative to investment-grade credit, and investment-grade credit returned -1.1% relative to short Treasuries. High-yield drawdown from its 13-week peak was 0.7%, with 13-week annualized volatility of 8.8%. The Federal Reserve credit-conditions index was 0.03 and the St. Louis financial-stress index was -0.81. The latest conservatively lagged bank survey readings showed net tightening of 33.9% for large and middle-market C&I loans and 30.4% for small-firm C&I loans; the business-loan delinquency rate was 1.02%.",Normal,0.9252167946,0.0739259262,0.0008011704,0.0000561088,0.3616510888,0.1541666667,0.6343580282,0.2964285714,calibration,False,False,market observations archived; FRED macro series use downloaded historical vintage
wide-credit-2024-01-26,2024-01-26,current broad US credit-market distress state,current weekly evidence snapshot,"As of 2024-01-26, broad US credit conditions were summarized from independent market and lending channels. The Baa-minus-Treasury spread was 1.58 percentage points (0.01 pp lower over the latest week), while the Baa-minus-Aaa quality dispersion was 0.78 percentage points. Over four weeks, high-yield credit returned +1.8% relative to investment-grade credit, and investment-grade credit returned -1.5% relative to short Treasuries. High-yield drawdown from its 13-week peak was 0.1%, with 13-week annualized volatility of 8.8%. The Federal Reserve credit-conditions index was 0.03 and the St. Louis financial-stress index was -0.83. The latest conservatively lagged bank survey readings showed net tightening of 33.9% for large and middle-market C&I loans and 30.4% for small-firm C&I loans; the business-loan delinquency rate was 1.02%.",Normal,0.9637007696,0.0358995473,0.0003735351,0.0000261480,0.3196558634,0.1502375297,0.5219129583,0.2868171021,test,False,False,market observations archived; FRED macro series use downloaded historical vintage
wide-credit-2024-02-02,2024-02-02,current broad US credit-market distress state,current weekly evidence snapshot,"As of 2024-02-02, broad US credit conditions were summarized from independent market and lending channels. The Baa-minus-Treasury spread was 1.59 percentage points (0.01 pp higher over the latest week), while the Baa-minus-Aaa quality dispersion was 0.75 percentage points. Over four weeks, high-yield credit returned -0.1% relative to investment-grade credit, and investment-grade credit returned +0.9% relative to short Treasuries. High-yield drawdown from its 13-week peak was 0.2%, with 13-week annualized volatility of 6.6%. The Federal Reserve credit-conditions index was 0.02 and the St. Louis financial-stress index was -0.75. The latest conservatively lagged bank survey readings showed net tightening of 33.9% for large and middle-market C&I loans and 30.4% for small-firm C&I loans; the business-loan delinquency rate was 1.02%.",Normal,0.9683333338,0.0313196411,0.0003243232,0.0000227019,0.3118828514,0.1415876777,0.4788949998,0.3151658768,test,False,False,market observations archived; FRED macro series use downloaded historical vintage
wide-credit-2024-02-09,2024-02-09,current broad US credit-market distress state,current weekly evidence snapshot,"As of 2024-02-09, broad US credit conditions were summarized from independent market and lending channels. The Baa-minus-Treasury spread was 1.59 percentage points (unchanged over the latest week), while the Baa-minus-Aaa quality dispersion was 0.74 percentage points. Over four weeks, high-yield credit returned +1.8% relative to investment-grade credit, and investment-grade credit returned -1.4% relative to short Treasuries. High-yield drawdown from its 13-week peak was -0.0%, with 13-week annualized volatility of 6.3%. The Federal Reserve credit-conditions index was 0.02 and the St. Louis financial-stress index was -0.60. The latest conservatively lagged bank survey readings showed net tightening of 33.9% for large and middle-market C&I loans and 30.4% for small-firm C&I loans; the business-loan delinquency rate was 1.02%.",Normal,0.9634096311,0.0361873598,0.0003766435,0.0000263657,0.3201118504,0.1394799054,0.4272386245,0.3936170213,calibration,False,False,market observations archived; FRED macro series use downloaded historical vintage
wide-credit-2024-02-16,2024-02-16,current broad US credit-market distress state,current weekly evidence snapshot,"As of 2024-02-16, broad US credit conditions were summarized from independent market and lending channels. The Baa-minus-Treasury spread was 1.53 percentage points (0.06 pp lower over the latest week), while the Baa-minus-Aaa quality dispersion was 0.72 percentage points. Over four weeks, high-yield credit returned +1.2% relative to investment-grade credit, and investment-grade credit returned -0.9% relative to short Treasuries. High-yield drawdown from its 13-week peak was 0.6%, with 13-week annualized volatility of 6.6%. The Federal Reserve credit-conditions index was 0.01 and the St. Louis financial-stress index was -0.64. The latest conservatively lagged bank survey readings showed net tightening of 14.5% for large and middle-market C&I loans and 18.6% for small-firm C&I loans; the business-loan delinquency rate was 1.11%.",Normal,0.9454630280,0.0539250237,0.0005719057,0.0000400427,0.3430962241,0.1173349057,0.5428499929,0.3691037736,prompt_validation,False,False,market observations archived; FRED macro series use downloaded historical vintage
wide-credit-2024-02-23,2024-02-23,current broad US credit-market distress state,current weekly evidence snapshot,"As of 2024-02-23, broad US credit conditions were summarized from independent market and lending channels. The Baa-minus-Treasury spread was 1.49 percentage points (0.04 pp lower over the latest week), while the Baa-minus-Aaa quality dispersion was 0.74 percentage points. Over four weeks, high-yield credit returned +0.7% relative to investment-grade credit, and investment-grade credit returned -0.3% relative to short Treasuries. High-yield drawdown from its 13-week peak was 0.0%, with 13-week annualized volatility of 6.6%. The Federal Reserve credit-conditions index was 0.01 and the St. Louis financial-stress index was -0.67. The latest conservatively lagged bank survey readings showed net tightening of 14.5% for large and middle-market C&I loans and 18.6% for small-firm C&I loans; the business-loan delinquency rate was 1.11%.",Normal,0.9607801221,0.0387867379,0.0004048023,0.0000283377,0.3240790969,0.1347058824,0.4869431730,0.3505882353,test,False,False,market observations archived; FRED macro series use downloaded historical vintage
wide-credit-2024-03-01,2024-03-01,current broad US credit-market distress state,current weekly evidence snapshot,"As of 2024-03-01, broad US credit conditions were summarized from independent market and lending channels. The Baa-minus-Treasury spread was 1.57 percentage points (0.08 pp higher over the latest week), while the Baa-minus-Aaa quality dispersion was 0.75 percentage points. Over four weeks, high-yield credit returned +1.8% relative to investment-grade credit, and investment-grade credit returned -1.2% relative to short Treasuries. High-yield drawdown from its 13-week peak was -0.0%, with 13-week annualized volatility of 5.8%. The Federal Reserve credit-conditions index was 0.00 and the St. Louis financial-stress index was -0.78. The latest conservatively lagged bank survey readings showed net tightening of 14.5% for large and middle-market C&I loans and 18.6% for small-firm C&I loans; the business-loan delinquency rate was 1.11%.",Normal,0.9836988984,0.0161252232,0.0001643745,0.0000115039,0.2744952059,0.1431924883,0.4015372610,0.2787558685,conformal,False,False,market observations archived; FRED macro series use downloaded historical vintage
wide-credit-2024-03-08,2024-03-08,current broad US credit-market distress state,current weekly evidence snapshot,"As of 2024-03-08, broad US credit conditions were summarized from independent market and lending channels. The Baa-minus-Treasury spread was 1.59 percentage points (0.02 pp higher over the latest week), while the Baa-minus-Aaa quality dispersion was 0.75 percentage points. Over four weeks, high-yield credit returned -0.5% relative to investment-grade credit, and investment-grade credit returned +0.9% relative to short Treasuries. High-yield drawdown from its 13-week peak was -0.0%, with 13-week annualized volatility of 5.7%. The Federal Reserve credit-conditions index was 0.00 and the St. Louis financial-stress index was -0.78. The latest conservatively lagged bank survey readings showed net tightening of 14.5% for large and middle-market C&I loans and 18.6% for small-firm C&I loans; the business-loan delinquency rate was 1.11%.",Normal,0.9810940376,0.0187014435,0.0001911414,0.0000133776,0.2827944967,0.1492974239,0.4244959022,0.2745901639,calibration,False,False,market observations archived; FRED macro series use downloaded historical vintage
wide-credit-2024-03-15,2024-03-15,current broad US credit-market distress state,current weekly evidence snapshot,"As of 2024-03-15, broad US credit conditions were summarized from independent market and lending channels. The Baa-minus-Treasury spread was 1.49 percentage points (0.10 pp lower over the latest week), while the Baa-minus-Aaa quality dispersion was 0.75 percentage points. Over four weeks, high-yield credit returned +0.1% relative to investment-grade credit, and investment-grade credit returned +0.6% relative to short Treasuries. High-yield drawdown from its 13-week peak was 0.4%, with 13-week annualized volatility of 4.6%. The Federal Reserve credit-conditions index was -0.00 and the St. Louis financial-stress index was -0.92. The latest conservatively lagged bank survey readings showed net tightening of 14.5% for large and middle-market C&I loans and 18.6% for small-firm C&I loans; the business-loan delinquency rate was 1.11%.",Normal,0.9819332503,0.0178714744,0.0001825025,0.0000127728,0.2802502437,0.1396028037,0.4488114787,0.2523364486,calibration,False,False,market observations archived; FRED macro series use downloaded historical vintage
wide-credit-2024-03-22,2024-03-22,current broad US credit-market distress state,current weekly evidence snapshot,"As of 2024-03-22, broad US credit conditions were summarized from independent market and lending channels. The Baa-minus-Treasury spread was 1.53 percentage points (0.04 pp higher over the latest week), while the Baa-minus-Aaa quality dispersion was 0.74 percentage points. Over four weeks, high-yield credit returned +0.1% relative to investment-grade credit, and investment-grade credit returned +0.5% relative to short Treasuries. High-yield drawdown from its 13-week peak was -0.0%, with 13-week annualized volatility of 4.7%. The Federal Reserve credit-conditions index was -0.00 and the St. Louis financial-stress index was -0.94. The latest conservatively lagged bank survey readings showed net tightening of 14.5% for large and middle-market C&I loans and 18.6% for small-firm C&I loans; the business-loan delinquency rate was 1.11%.",Normal,0.9891860538,0.0106979110,0.0001084460,0.0000075892,0.2516174799,0.1369463869,0.3684888034,0.2494172494,prompt_validation,False,False,market observations archived; FRED macro series use downloaded historical vintage
wide-credit-2024-03-29,2024-03-29,current broad US credit-market distress state,current weekly evidence snapshot,"As of 2024-03-29, broad US credit conditions were summarized from independent market and lending channels. The Baa-minus-Treasury spread was 1.50 percentage points (0.03 pp lower over the latest week), while the Baa-minus-Aaa quality dispersion was 0.73 percentage points. Over four weeks, high-yield credit returned -0.2% relative to investment-grade credit, and investment-grade credit returned +0.8% relative to short Treasuries. High-yield drawdown from its 13-week peak was -0.0%, with 13-week annualized volatility of 4.7%. The Federal Reserve credit-conditions index was -0.00 and the St. Louis financial-stress index was -0.93. The latest conservatively lagged bank survey readings showed net tightening of 14.5% for large and middle-market C&I loans and 18.6% for small-firm C&I loans; the business-loan delinquency rate was 1.11%.",Normal,0.9893911130,0.0104950754,0.0001063678,0.0000074438,0.2505531281,0.1308139535,0.3702640354,0.2505813953,calibration,False,False,market observations archived; FRED macro series use downloaded historical vintage
wide-credit-2024-04-05,2024-04-05,current broad US credit-market distress state,current weekly evidence snapshot,"As of 2024-04-05, broad US credit conditions were summarized from independent market and lending channels. The Baa-minus-Treasury spread was 1.49 percentage points (0.01 pp lower over the latest week), while the Baa-minus-Aaa quality dispersion was 0.72 percentage points. Over four weeks, high-yield credit returned +1.2% relative to investment-grade credit, and investment-grade credit returned -1.3% relative to short Treasuries. High-yield drawdown from its 13-week peak was 0.7%, with 13-week annualized volatility of 4.5%. The Federal Reserve credit-conditions index was -0.01 and the St. Louis financial-stress index was -0.84. The latest conservatively lagged bank survey readings showed net tightening of 14.5% for large and middle-market C&I loans and 18.6% for small-firm C&I loans; the business-loan delinquency rate was 1.11%.",Normal,0.9785098151,0.0212571034,0.0002178353,0.0000152462,0.2899861024,0.1171693735,0.5004687481,0.2523201856,calibration,False,False,market observations archived; FRED macro series use downloaded historical vintage
wide-credit-2024-04-12,2024-04-12,current broad US credit-market distress state,current weekly evidence snapshot,"As of 2024-04-12, broad US credit conditions were summarized from independent market and lending channels. The Baa-minus-Treasury spread was 1.45 percentage points (0.04 pp lower over the latest week), while the Baa-minus-Aaa quality dispersion was 0.73 percentage points. Over four weeks, high-yield credit returned +0.9% relative to investment-grade credit, and investment-grade credit returned -1.2% relative to short Treasuries. High-yield drawdown from its 13-week peak was 1.3%, with 13-week annualized volatility of 3.8%. The Federal Reserve credit-conditions index was -0.01 and the St. Louis financial-stress index was -0.79. The latest conservatively lagged bank survey readings showed net tightening of 14.5% for large and middle-market C&I loans and 18.6% for small-firm C&I loans; the business-loan delinquency rate was 1.11%.",Normal,0.9710485598,0.0286350479,0.0002956950,0.0000206974,0.3067983911,0.1296296296,0.5286127658,0.2621527778,test,False,False,market observations archived; FRED macro series use downloaded historical vintage
wide-credit-2024-04-19,2024-04-19,current broad US credit-market distress state,current weekly evidence snapshot,"As of 2024-04-19, broad US credit conditions were summarized from independent market and lending channels. The Baa-minus-Treasury spread was 1.46 percentage points (0.01 pp higher over the latest week), while the Baa-minus-Aaa quality dispersion was 0.73 percentage points. Over four weeks, high-yield credit returned +1.3% relative to investment-grade credit, and investment-grade credit returned -2.6% relative to short Treasuries. High-yield drawdown from its 13-week peak was 1.8%, with 13-week annualized volatility of 3.7%. The Federal Reserve credit-conditions index was -0.01 and the St. Louis financial-stress index was -0.42. The latest conservatively lagged bank survey readings showed net tightening of 14.5% for large and middle-market C&I loans and 18.6% for small-firm C&I loans; the business-loan delinquency rate was 1.11%.",Normal,0.9052386934,0.0936513148,0.0010373258,0.0000726660,0.3758739380,0.1310623557,0.5392846316,0.4572748268,conformal,False,False,market observations archived; FRED macro series use downloaded historical vintage
wide-credit-2024-04-26,2024-04-26,current broad US credit-market distress state,current weekly evidence snapshot,"As of 2024-04-26, broad US credit conditions were summarized from independent market and lending channels. The Baa-minus-Treasury spread was 1.45 percentage points (0.01 pp lower over the latest week), while the Baa-minus-Aaa quality dispersion was 0.73 percentage points. Over four weeks, high-yield credit returned +2.3% relative to investment-grade credit, and investment-grade credit returned -2.8% relative to short Treasuries. High-yield drawdown from its 13-week peak was 0.9%, with 13-week annualized volatility of 3.9%. The Federal Reserve credit-conditions index was -0.01 and the St. Louis financial-stress index was -0.84. The latest conservatively lagged bank survey readings showed net tightening of 14.5% for large and middle-market C&I loans and 18.6% for small-firm C&I loans; the business-loan delinquency rate was 1.11%.",Normal,0.9805383593,0.0192509926,0.0001968695,0.0000137786,0.2844188990,0.1307603687,0.4782566969,0.2442396313,prompt_validation,False,False,market observations archived; FRED macro series use downloaded historical vintage
wide-credit-2024-05-03,2024-05-03,current broad US credit-market distress state,current weekly evidence snapshot,"As of 2024-05-03, broad US credit conditions were summarized from independent market and lending channels. The Baa-minus-Treasury spread was 1.49 percentage points (0.04 pp higher over the latest week), while the Baa-minus-Aaa quality dispersion was 0.72 percentage points. Over four weeks, high-yield credit returned +1.1% relative to investment-grade credit, and investment-grade credit returned -0.4% relative to short Treasuries. High-yield drawdown from its 13-week peak was -0.0%, with 13-week annualized volatility of 4.5%. The Federal Reserve credit-conditions index was -0.01 and the St. Louis financial-stress index was -0.82. The latest conservatively lagged bank survey readings showed net tightening of 14.5% for large and middle-market C&I loans and 18.6% for small-firm C&I loans; the business-loan delinquency rate was 1.11%.",Normal,0.9910979840,0.0088066783,0.0000891023,0.0000062354,0.2408105401,0.1206896552,0.3620867927,0.2396551724,calibration,False,False,market observations archived; FRED macro series use downloaded historical vintage
wide-credit-2024-05-10,2024-05-10,current broad US credit-market distress state,current weekly evidence snapshot,"As of 2024-05-10, broad US credit conditions were summarized from independent market and lending channels. The Baa-minus-Treasury spread was 1.48 percentage points (0.01 pp lower over the latest week), while the Baa-minus-Aaa quality dispersion was 0.71 percentage points. Over four weeks, high-yield credit returned +0.6% relative to investment-grade credit, and investment-grade credit returned +0.2% relative to short Treasuries. High-yield drawdown from its 13-week peak was 0.2%, with 13-week annualized volatility of 4.5%. The Federal Reserve credit-conditions index was -0.01 and the St. Louis financial-stress index was -0.91. The latest conservatively lagged bank survey readings showed net tightening of 14.5% for large and middle-market C&I loans and 18.6% for small-firm C&I loans; the business-loan delinquency rate was 1.11%.",Normal,0.9894114449,0.0104749639,0.0001061618,0.0000074294,0.2504464893,0.1037844037,0.4245046055,0.2230504587,calibration,False,False,market observations archived; FRED macro series use downloaded historical vintage
wide-credit-2024-05-17,2024-05-17,current broad US credit-market distress state,current weekly evidence snapshot,"As of 2024-05-17, broad US credit conditions were summarized from independent market and lending channels. The Baa-minus-Treasury spread was 1.48 percentage points (unchanged over the latest week), while the Baa-minus-Aaa quality dispersion was 0.71 percentage points. Over four weeks, high-yield credit returned -0.2% relative to investment-grade credit, and investment-grade credit returned +1.8% relative to short Treasuries. High-yield drawdown from its 13-week peak was -0.0%, with 13-week annualized volatility of 4.4%. The Federal Reserve credit-conditions index was -0.02 and the St. Louis financial-stress index was -0.90. The latest conservatively lagged bank survey readings showed net tightening of 15.6% for large and middle-market C&I loans and 19.7% for small-firm C&I loans; the business-loan delinquency rate was 1.15%.",Normal,0.9944660135,0.0054749179,0.0000552055,0.0000038631,0.2144786381,0.1046910755,0.3190652050,0.2196796339,calibration,False,False,market observations archived; FRED macro series use downloaded historical vintage
wide-credit-2024-05-24,2024-05-24,current broad US credit-market distress state,current weekly evidence snapshot,"As of 2024-05-24, broad US credit conditions were summarized from independent market and lending channels. The Baa-minus-Treasury spread was 1.46 percentage points (0.02 pp lower over the latest week), while the Baa-minus-Aaa quality dispersion was 0.68 percentage points. Over four weeks, high-yield credit returned -1.0% relative to investment-grade credit, and investment-grade credit returned +1.6% relative to short Treasuries. High-yield drawdown from its 13-week peak was 0.2%, with 13-week annualized volatility of 4.3%. The Federal Reserve credit-conditions index was -0.02 and the St. Louis financial-stress index was -0.96. The latest conservatively lagged bank survey readings showed net tightening of 15.6% for large and middle-market C&I loans and 19.7% for small-firm C&I loans; the business-loan delinquency rate was 1.15%.",Normal,0.9918130548,0.0080993282,0.0000818866,0.0000057304,0.2361653409,0.0559360731,0.4379480775,0.2146118721,test,False,False,market observations archived; FRED macro series use downloaded historical vintage
wide-credit-2024-05-31,2024-05-31,current broad US credit-market distress state,current weekly evidence snapshot,"As of 2024-05-31, broad US credit conditions were summarized from independent market and lending channels. The Baa-minus-Treasury spread was 1.46 percentage points (unchanged over the latest week), while the Baa-minus-Aaa quality dispersion was 0.67 percentage points. Over four weeks, high-yield credit returned -0.4% relative to investment-grade credit, and investment-grade credit returned +0.2% relative to short Treasuries. High-yield drawdown from its 13-week peak was 0.2%, with 13-week annualized volatility of 4.3%. The Federal Reserve credit-conditions index was -0.02 and the St. Louis financial-stress index was -0.85. The latest conservatively lagged bank survey readings showed net tightening of 15.6% for large and middle-market C&I loans and 19.7% for small-firm C&I loans; the business-loan delinquency rate was 1.15%.",Normal,0.9900655621,0.0098279336,0.0000995385,0.0000069658,0.2469029873,0.0398633257,0.4770415360,0.2238041002,test,False,False,market observations archived; FRED macro series use downloaded historical vintage
wide-credit-2024-06-07,2024-06-07,current broad US credit-market distress state,current weekly evidence snapshot,"As of 2024-06-07, broad US credit conditions were summarized from independent market and lending channels. The Baa-minus-Treasury spread was 1.46 percentage points (unchanged over the latest week), while the Baa-minus-Aaa quality dispersion was 0.69 percentage points. Over four weeks, high-yield credit returned -0.5% relative to investment-grade credit, and investment-grade credit returned +0.7% relative to short Treasuries. High-yield drawdown from its 13-week peak was 0.0%, with 13-week annualized volatility of 4.3%. The Federal Reserve credit-conditions index was -0.02 and the St. Louis financial-stress index was -0.83. The latest conservatively lagged bank survey readings showed net tightening of 15.6% for large and middle-market C&I loans and 19.7% for small-firm C&I loans; the business-loan delinquency rate was 1.15%.",Normal,0.9899422237,0.0099499364,0.0001007867,0.0000070532,0.2475884731,0.0789772727,0.4325381466,0.2312500000,calibration,False,False,market observations archived; FRED macro series use downloaded historical vintage
wide-credit-2024-06-14,2024-06-14,current broad US credit-market distress state,current weekly evidence snapshot,"As of 2024-06-14, broad US credit conditions were summarized from independent market and lending channels. The Baa-minus-Treasury spread was 1.53 percentage points (0.07 pp higher over the latest week), while the Baa-minus-Aaa quality dispersion was 0.69 percentage points. Over four weeks, high-yield credit returned -1.3% relative to investment-grade credit, and investment-grade credit returned +1.0% relative to short Treasuries. High-yield drawdown from its 13-week peak was -0.0%, with 13-week annualized volatility of 4.1%. The Federal Reserve credit-conditions index was -0.01 and the St. Louis financial-stress index was -0.86. The latest conservatively lagged bank survey readings showed net tightening of 15.6% for large and middle-market C&I loans and 19.7% for small-firm C&I loans; the business-loan delinquency rate was 1.15%.",Normal,0.9911062569,0.0087984949,0.0000890187,0.0000062295,0.2407589444,0.0958049887,0.3963131143,0.2301587302,calibration,False,False,market observations archived; FRED macro series use downloaded historical vintage
wide-credit-2024-06-21,2024-06-21,current broad US credit-market distress state,current weekly evidence snapshot,"As of 2024-06-21, broad US credit conditions were summarized from independent market and lending channels. The Baa-minus-Treasury spread was 1.55 percentage points (0.02 pp higher over the latest week), while the Baa-minus-Aaa quality dispersion was 0.68 percentage points. Over four weeks, high-yield credit returned -0.6% relative to investment-grade credit, and investment-grade credit returned +0.8% relative to short Treasuries. High-yield drawdown from its 13-week peak was -0.0%, with 13-week annualized volatility of 3.9%. The Federal Reserve credit-conditions index was -0.01 and the St. Louis financial-stress index was -0.82. The latest conservatively lagged bank survey readings showed net tightening of 15.6% for large and middle-market C&I loans and 19.7% for small-firm C&I loans; the business-loan delinquency rate was 1.15%.",Normal,0.9921292631,0.0077865306,0.0000786990,0.0000055073,0.2339814060,0.0786199095,0.3744555301,0.2488687783,conformal,False,False,market observations archived; FRED macro series use downloaded historical vintage
wide-credit-2024-06-28,2024-06-28,current broad US credit-market distress state,current weekly evidence snapshot,"As of 2024-06-28, broad US credit conditions were summarized from independent market and lending channels. The Baa-minus-Treasury spread was 1.55 percentage points (unchanged over the latest week), while the Baa-minus-Aaa quality dispersion was 0.72 percentage points. Over four weeks, high-yield credit returned -0.1% relative to investment-grade credit, and investment-grade credit returned +0.1% relative to short Treasuries. High-yield drawdown from its 13-week peak was 0.3%, with 13-week annualized volatility of 4.0%. The Federal Reserve credit-conditions index was -0.01 and the St. Louis financial-stress index was -0.83. The latest conservatively lagged bank survey readings showed net tightening of 15.6% for large and middle-market C&I loans and 19.7% for small-firm C&I loans; the business-loan delinquency rate was 1.15%.",Normal,0.9772384360,0.0225143754,0.0002310193,0.0000161692,0.2932188458,0.1484198646,0.4744646639,0.2567720090,calibration,False,False,market observations archived; FRED macro series use downloaded historical vintage
wide-credit-2024-07-05,2024-07-05,current broad US credit-market distress state,current weekly evidence snapshot,"As of 2024-07-05, broad US credit conditions were summarized from independent market and lending channels. The Baa-minus-Treasury spread was 1.56 percentage points (0.01 pp higher over the latest week), while the Baa-minus-Aaa quality dispersion was 0.72 percentage points. Over four weeks, high-yield credit returned -0.2% relative to investment-grade credit, and investment-grade credit returned +0.6% relative to short Treasuries. High-yield drawdown from its 13-week peak was -0.0%, with 13-week annualized volatility of 4.0%. The Federal Reserve credit-conditions index was -0.01 and the St. Louis financial-stress index was -0.83. The latest conservatively lagged bank survey readings showed net tightening of 15.6% for large and middle-market C&I loans and 19.7% for small-firm C&I loans; the business-loan delinquency rate was 1.15%.",Normal,0.9876757099,0.0121918485,0.0001237791,0.0000086624,0.2588919736,0.1503378378,0.3583200650,0.2680180180,calibration,False,False,market observations archived; FRED macro series use downloaded historical vintage
wide-credit-2024-07-12,2024-07-12,current broad US credit-market distress state,current weekly evidence snapshot,"As of 2024-07-12, broad US credit conditions were summarized from independent market and lending channels. The Baa-minus-Treasury spread was 1.58 percentage points (0.02 pp higher over the latest week), while the Baa-minus-Aaa quality dispersion was 0.72 percentage points. Over four weeks, high-yield credit returned +0.7% relative to investment-grade credit, and investment-grade credit returned +0.2% relative to short Treasuries. High-yield drawdown from its 13-week peak was -0.0%, with 13-week annualized volatility of 3.8%. The Federal Reserve credit-conditions index was -0.00 and the St. Louis financial-stress index was -0.82. The latest conservatively lagged bank survey readings showed net tightening of 15.6% for large and middle-market C&I loans and 19.7% for small-firm C&I loans; the business-loan delinquency rate was 1.15%.",Normal,0.9891753719,0.0107084770,0.0001085543,0.0000075968,0.2516723756,0.1550561798,0.3173766772,0.2825842697,calibration,False,False,market observations archived; FRED macro series use downloaded historical vintage
wide-credit-2024-07-19,2024-07-19,current broad US credit-market distress state,current weekly evidence snapshot,"As of 2024-07-19, broad US credit conditions were summarized from independent market and lending channels. The Baa-minus-Treasury spread was 1.57 percentage points (0.01 pp lower over the latest week), while the Baa-minus-Aaa quality dispersion was 0.73 percentage points. Over four weeks, high-yield credit returned +0.7% relative to investment-grade credit, and investment-grade credit returned -0.1% relative to short Treasuries. High-yield drawdown from its 13-week peak was -0.0%, with 13-week annualized volatility of 3.4%. The Federal Reserve credit-conditions index was 0.00 and the St. Louis financial-stress index was -0.66. The latest conservatively lagged bank survey readings showed net tightening of 15.6% for large and middle-market C&I loans and 19.7% for small-firm C&I loans; the business-loan delinquency rate was 1.15%.",Normal,0.9776007530,0.0221560823,0.0002272587,0.0000159060,0.2923159290,0.1670403587,0.3343468903,0.3755605381,calibration,False,False,market observations archived; FRED macro series use downloaded historical vintage
wide-credit-2024-07-26,2024-07-26,current broad US credit-market distress state,current weekly evidence snapshot,"As of 2024-07-26, broad US credit conditions were summarized from independent market and lending channels. The Baa-minus-Treasury spread was 1.65 percentage points (0.08 pp higher over the latest week), while the Baa-minus-Aaa quality dispersion was 0.72 percentage points. Over four weeks, high-yield credit returned +0.3% relative to investment-grade credit, and investment-grade credit returned +0.8% relative to short Treasuries. High-yield drawdown from its 13-week peak was -0.0%, with 13-week annualized volatility of 3.2%. The Federal Reserve credit-conditions index was 0.00 and the St. Louis financial-stress index was -0.62. The latest conservatively lagged bank survey readings showed net tightening of 15.6% for large and middle-market C&I loans and 19.7% for small-firm C&I loans; the business-loan delinquency rate was 1.15%.",Normal,0.9827229227,0.0170904856,0.0001743870,0.0000122047,0.2777479371,0.1521252796,0.2840268090,0.3970917226,calibration,False,False,market observations archived; FRED macro series use downloaded historical vintage
wide-credit-2024-08-02,2024-08-02,current broad US credit-market distress state,current weekly evidence snapshot,"As of 2024-08-02, broad US credit conditions were summarized from independent market and lending channels. The Baa-minus-Treasury spread was 1.80 percentage points (0.15 pp higher over the latest week), while the Baa-minus-Aaa quality dispersion was 0.72 percentage points. Over four weeks, high-yield credit returned -1.7% relative to investment-grade credit, and investment-grade credit returned +1.0% relative to short Treasuries. High-yield drawdown from its 13-week peak was 0.2%, with 13-week annualized volatility of 2.8%. The Federal Reserve credit-conditions index was 0.00 and the St. Louis financial-stress index was -0.33. The latest conservatively lagged bank survey readings showed net tightening of 15.6% for large and middle-market C&I loans and 19.7% for small-firm C&I loans; the business-loan delinquency rate was 1.15%.",Normal,0.8862118172,0.1124270445,0.0012720100,0.0000891283,0.3871060474,0.1992187500,0.4263851066,0.5357142857,calibration,False,False,market observations archived; FRED macro series use downloaded historical vintage
wide-credit-2024-08-09,2024-08-09,current broad US credit-market distress state,current weekly evidence snapshot,"As of 2024-08-09, broad US credit conditions were summarized from independent market and lending channels. The Baa-minus-Treasury spread was 1.77 percentage points (0.03 pp lower over the latest week), while the Baa-minus-Aaa quality dispersion was 0.73 percentage points. Over four weeks, high-yield credit returned -0.4% relative to investment-grade credit, and investment-grade credit returned -0.1% relative to short Treasuries. High-yield drawdown from its 13-week peak was -0.0%, with 13-week annualized volatility of 2.7%. The Federal Reserve credit-conditions index was 0.00 and the St. Louis financial-stress index was -0.15. The latest conservatively lagged bank survey readings showed net tightening of 15.6% for large and middle-market C&I loans and 19.7% for small-firm C&I loans; the business-loan delinquency rate was 1.15%.",Normal,0.8802301481,0.1183275419,0.0013478593,0.0000944506,0.3902963727,0.2010022272,0.3757888955,0.5940979955,prompt_validation,False,False,market observations archived; FRED macro series use downloaded historical vintage
wide-credit-2024-08-16,2024-08-16,current broad US credit-market distress state,current weekly evidence snapshot,"As of 2024-08-16, broad US credit conditions were summarized from independent market and lending channels. The Baa-minus-Treasury spread was 1.69 percentage points (0.08 pp lower over the latest week), while the Baa-minus-Aaa quality dispersion was 0.75 percentage points. Over four weeks, high-yield credit returned -1.3% relative to investment-grade credit, and investment-grade credit returned +1.9% relative to short Treasuries. High-yield drawdown from its 13-week peak was -0.0%, with 13-week annualized volatility of 3.2%. The Federal Reserve credit-conditions index was 0.00 and the St. Louis financial-stress index was -0.73. The latest conservatively lagged bank survey readings showed net tightening of 7.9% for large and middle-market C&I loans and 8.2% for small-firm C&I loans; the business-loan delinquency rate was 1.18%.",Normal,0.9801100073,0.0196746152,0.0002012896,0.0000140880,0.2856403549,0.2027777778,0.3291432870,0.3250000000,calibration,False,False,market observations archived; FRED macro series use downloaded historical vintage
wide-credit-2024-08-23,2024-08-23,current broad US credit-market distress state,current weekly evidence snapshot,"As of 2024-08-23, broad US credit conditions were summarized from independent market and lending channels. The Baa-minus-Treasury spread was 1.70 percentage points (0.01 pp higher over the latest week), while the Baa-minus-Aaa quality dispersion was 0.75 percentage points. Over four weeks, high-yield credit returned -1.6% relative to investment-grade credit, and investment-grade credit returned +2.5% relative to short Treasuries. High-yield drawdown from its 13-week peak was -0.0%, with 13-week annualized volatility of 3.1%. The Federal Reserve credit-conditions index was -0.00 and the St. Louis financial-stress index was -0.64. The latest conservatively lagged bank survey readings showed net tightening of 7.9% for large and middle-market C&I loans and 8.2% for small-firm C&I loans; the business-loan delinquency rate was 1.18%.",Normal,0.9729351468,0.0267696455,0.0002758966,0.0000193111,0.3029855192,0.2050997783,0.3241450276,0.3797117517,calibration,False,False,market observations archived; FRED macro series use downloaded historical vintage
wide-credit-2024-08-30,2024-08-30,current broad US credit-market distress state,current weekly evidence snapshot,"As of 2024-08-30, broad US credit conditions were summarized from independent market and lending channels. The Baa-minus-Treasury spread was 1.69 percentage points (0.01 pp lower over the latest week), while the Baa-minus-Aaa quality dispersion was 0.73 percentage points. Over four weeks, high-yield credit returned +1.6% relative to investment-grade credit, and investment-grade credit returned +0.4% relative to short Treasuries. High-yield drawdown from its 13-week peak was 0.1%, with 13-week annualized volatility of 3.2%. The Federal Reserve credit-conditions index was -0.01 and the St. Louis financial-stress index was -0.64. The latest conservatively lagged bank survey readings showed net tightening of 7.9% for large and middle-market C&I loans and 8.2% for small-firm C&I loans; the business-loan delinquency rate was 1.18%.",Normal,0.9830484903,0.0167684941,0.0001710448,0.0000119708,0.2766834147,0.1875000000,0.2824838725,0.3600663717,prompt_validation,False,False,market observations archived; FRED macro series use downloaded historical vintage
wide-credit-2024-09-06,2024-09-06,current broad US credit-market distress state,current weekly evidence snapshot,"As of 2024-09-06, broad US credit conditions were summarized from independent market and lending channels. The Baa-minus-Treasury spread was 1.73 percentage points (0.04 pp higher over the latest week), while the Baa-minus-Aaa quality dispersion was 0.73 percentage points. Over four weeks, high-yield credit returned -0.7% relative to investment-grade credit, and investment-grade credit returned +1.8% relative to short Treasuries. High-yield drawdown from its 13-week peak was -0.0%, with 13-week annualized volatility of 3.1%. The Federal Reserve credit-conditions index was -0.01 and the St. Louis financial-stress index was -0.38. The latest conservatively lagged bank survey readings showed net tightening of 7.9% for large and middle-market C&I loans and 8.2% for small-firm C&I loans; the business-loan delinquency rate was 1.18%.",Normal,0.9597015738,0.0398528802,0.0004163963,0.0000291497,0.3256329522,0.1975717439,0.3118878191,0.4674392936,test,False,False,market observations archived; FRED macro series use downloaded historical vintage
wide-credit-2024-09-13,2024-09-13,current broad US credit-market distress state,current weekly evidence snapshot,"As of 2024-09-13, broad US credit conditions were summarized from independent market and lending channels. The Baa-minus-Treasury spread was 1.72 percentage points (0.01 pp lower over the latest week), while the Baa-minus-Aaa quality dispersion was 0.73 percentage points. Over four weeks, high-yield credit returned -0.7% relative to investment-grade credit, and investment-grade credit returned +1.1% relative to short Treasuries. High-yield drawdown from its 13-week peak was -0.0%, with 13-week annualized volatility of 3.2%. The Federal Reserve credit-conditions index was -0.02 and the St. Louis financial-stress index was -0.31. The latest conservatively lagged bank survey readings showed net tightening of 7.9% for large and middle-market C&I loans and 8.2% for small-firm C&I loans; the business-loan delinquency rate was 1.18%.",Normal,0.9502506523,0.0491939014,0.0005191027,0.0000363436,0.3377649357,0.1943832599,0.3392859964,0.4796255507,conformal,False,False,market observations archived; FRED macro series use downloaded historical vintage
wide-credit-2024-09-20,2024-09-20,current broad US credit-market distress state,current weekly evidence snapshot,"As of 2024-09-20, broad US credit conditions were summarized from independent market and lending channels. The Baa-minus-Treasury spread was 1.67 percentage points (0.05 pp lower over the latest week), while the Baa-minus-Aaa quality dispersion was 0.74 percentage points. Over four weeks, high-yield credit returned +0.1% relative to investment-grade credit, and investment-grade credit returned +0.7% relative to short Treasuries. High-yield drawdown from its 13-week peak was -0.0%, with 13-week annualized volatility of 3.3%. The Federal Reserve credit-conditions index was -0.03 and the St. Louis financial-stress index was -0.44. The latest conservatively lagged bank survey readings showed net tightening of 7.9% for large and middle-market C&I loans and 8.2% for small-firm C&I loans; the business-loan delinquency rate was 1.18%.",Normal,0.9715582707,0.0281310686,0.0002903384,0.0000203223,0.3057925889,0.1928571429,0.3190261182,0.4054945055,test,False,False,market observations archived; FRED macro series use downloaded historical vintage
wide-credit-2024-09-27,2024-09-27,current broad US credit-market distress state,current weekly evidence snapshot,"As of 2024-09-27, broad US credit conditions were summarized from independent market and lending channels. The Baa-minus-Treasury spread was 1.66 percentage points (0.01 pp lower over the latest week), while the Baa-minus-Aaa quality dispersion was 0.72 percentage points. Over four weeks, high-yield credit returned -0.5% relative to investment-grade credit, and investment-grade credit returned +1.3% relative to short Treasuries. High-yield drawdown from its 13-week peak was -0.0%, with 13-week annualized volatility of 3.0%. The Federal Reserve credit-conditions index was -0.04 and the St. Louis financial-stress index was -0.27. The latest conservatively lagged bank survey readings showed net tightening of 7.9% for large and middle-market C&I loans and 8.2% for small-firm C&I loans; the business-loan delinquency rate was 1.18%.",Normal,0.9701559459,0.0295176101,0.0003050889,0.0000213551,0.3085190839,0.1611842105,0.3038467255,0.4605263158,calibration,False,False,market observations archived; FRED macro series use downloaded historical vintage
wide-credit-2024-10-04,2024-10-04,current broad US credit-market distress state,current weekly evidence snapshot,"As of 2024-10-04, broad US credit conditions were summarized from independent market and lending channels. The Baa-minus-Treasury spread was 1.57 percentage points (0.09 pp lower over the latest week), while the Baa-minus-Aaa quality dispersion was 0.72 percentage points. Over four weeks, high-yield credit returned +1.4% relative to investment-grade credit, and investment-grade credit returned -0.2% relative to short Treasuries. High-yield drawdown from its 13-week peak was 0.5%, with 13-week annualized volatility of 3.3%. The Federal Reserve credit-conditions index was -0.04 and the St. Louis financial-stress index was -0.61. The latest conservatively lagged bank survey readings showed net tightening of 7.9% for large and middle-market C&I loans and 8.2% for small-firm C&I loans; the business-loan delinquency rate was 1.18%.",Normal,0.9816152319,0.0181859918,0.0001857745,0.0000130019,0.2812277700,0.1531728665,0.3885410780,0.3019693654,conformal,False,False,market observations archived; FRED macro series use downloaded historical vintage
wide-credit-2024-10-11,2024-10-11,current broad US credit-market distress state,current weekly evidence snapshot,"As of 2024-10-11, broad US credit conditions were summarized from independent market and lending channels. The Baa-minus-Treasury spread was 1.54 percentage points (0.03 pp lower over the latest week), while the Baa-minus-Aaa quality dispersion was 0.69 percentage points. Over four weeks, high-yield credit returned +2.2% relative to investment-grade credit, and investment-grade credit returned -1.4% relative to short Treasuries. High-yield drawdown from its 13-week peak was 0.5%, with 13-week annualized volatility of 3.2%. The Federal Reserve credit-conditions index was -0.05 and the St. Louis financial-stress index was -0.59. The latest conservatively lagged bank survey readings showed net tightening of 7.9% for large and middle-market C&I loans and 8.2% for small-firm C&I loans; the business-loan delinquency rate was 1.18%.",Normal,0.9848179493,0.0150184302,0.0001529185,0.0000107020,0.2705211379,0.0960698690,0.4141835010,0.3013100437,test,False,False,market observations archived; FRED macro series use downloaded historical vintage
wide-credit-2024-10-18,2024-10-18,current broad US credit-market distress state,current weekly evidence snapshot,"As of 2024-10-18, broad US credit conditions were summarized from independent market and lending channels. The Baa-minus-Treasury spread was 1.53 percentage points (0.01 pp lower over the latest week), while the Baa-minus-Aaa quality dispersion was 0.67 percentage points. Over four weeks, high-yield credit returned +2.0% relative to investment-grade credit, and investment-grade credit returned -1.6% relative to short Treasuries. High-yield drawdown from its 13-week peak was 0.2%, with 13-week annualized volatility of 3.2%. The Federal Reserve credit-conditions index was -0.06 and the St. Louis financial-stress index was -0.53. The latest conservatively lagged bank survey readings showed net tightening of 7.9% for large and middle-market C&I loans and 8.2% for small-firm C&I loans; the business-loan delinquency rate was 1.18%.",Normal,0.9894933398,0.0103939568,0.0001053321,0.0000073713,0.2500148981,0.0571895425,0.3883889208,0.3044662309,calibration,False,False,market observations archived; FRED macro series use downloaded historical vintage
wide-credit-2024-10-25,2024-10-25,current broad US credit-market distress state,current weekly evidence snapshot,"As of 2024-10-25, broad US credit conditions were summarized from independent market and lending channels. The Baa-minus-Treasury spread was 1.51 percentage points (0.02 pp lower over the latest week), while the Baa-minus-Aaa quality dispersion was 0.67 percentage points. Over four weeks, high-yield credit returned +2.4% relative to investment-grade credit, and investment-grade credit returned -2.5% relative to short Treasuries. High-yield drawdown from its 13-week peak was 0.9%, with 13-week annualized volatility of 3.7%. The Federal Reserve credit-conditions index was -0.07 and the St. Louis financial-stress index was -0.38. The latest conservatively lagged bank survey readings showed net tightening of 7.9% for large and middle-market C&I loans and 8.2% for small-firm C&I loans; the business-loan delinquency rate was 1.18%.",Normal,0.9759867815,0.0237521063,0.0002440320,0.0000170802,0.2962335473,0.0559782609,0.4734832506,0.3592391304,calibration,False,False,market observations archived; FRED macro series use downloaded historical vintage
wide-credit-2024-11-01,2024-11-01,current broad US credit-market distress state,current weekly evidence snapshot,"As of 2024-11-01, broad US credit conditions were summarized from independent market and lending channels. The Baa-minus-Treasury spread was 1.46 percentage points (0.05 pp lower over the latest week), while the Baa-minus-Aaa quality dispersion was 0.66 percentage points. Over four weeks, high-yield credit returned +2.3% relative to investment-grade credit, and investment-grade credit returned -2.6% relative to short Treasuries. High-yield drawdown from its 13-week peak was 1.0%, with 13-week annualized volatility of 3.6%. The Federal Reserve credit-conditions index was -0.07 and the St. Louis financial-stress index was -0.29. The latest conservatively lagged bank survey readings showed net tightening of 7.9% for large and middle-market C&I loans and 8.2% for small-firm C&I loans; the business-loan delinquency rate was 1.18%.",Normal,0.9753769819,0.0243551096,0.0002503836,0.0000175249,0.2976471711,0.0244034707,0.4835055047,0.3850325380,prompt_validation,False,False,market observations archived; FRED macro series use downloaded historical vintage
wide-credit-2024-11-08,2024-11-08,current broad US credit-market distress state,current weekly evidence snapshot,"As of 2024-11-08, broad US credit conditions were summarized from independent market and lending channels. The Baa-minus-Treasury spread was 1.38 percentage points (0.08 pp lower over the latest week), while the Baa-minus-Aaa quality dispersion was 0.65 percentage points. Over four weeks, high-yield credit returned +1.3% relative to investment-grade credit, and investment-grade credit returned -0.3% relative to short Treasuries. High-yield drawdown from its 13-week peak was -0.0%, with 13-week annualized volatility of 4.3%. The Federal Reserve credit-conditions index was -0.08 and the St. Louis financial-stress index was -0.56. The latest conservatively lagged bank survey readings showed net tightening of 7.9% for large and middle-market C&I loans and 8.2% for small-firm C&I loans; the business-loan delinquency rate was 1.18%.",Normal,0.9953851289,0.0045656580,0.0000459946,0.0000032186,0.2044384818,0.0102813853,0.3443760516,0.2586580087,calibration,True,False,market observations archived; FRED macro series use downloaded historical vintage
wide-credit-2024-11-15,2024-11-15,current broad US credit-market distress state,current weekly evidence snapshot,"As of 2024-11-15, broad US credit conditions were summarized from independent market and lending channels. The Baa-minus-Treasury spread was 1.41 percentage points (0.03 pp higher over the latest week), while the Baa-minus-Aaa quality dispersion was 0.63 percentage points. Over four weeks, high-yield credit returned +1.7% relative to investment-grade credit, and investment-grade credit returned -1.6% relative to short Treasuries. High-yield drawdown from its 13-week peak was 0.7%, with 13-week annualized volatility of 4.3%. The Federal Reserve credit-conditions index was -0.08 and the St. Louis financial-stress index was -0.80. The latest conservatively lagged bank survey readings showed net tightening of 0.0% for large and middle-market C&I loans and 13.3% for small-firm C&I loans; the business-loan delinquency rate was 1.27%.",Normal,0.9949384286,0.0050075706,0.0000504691,0.0000035317,0.2095447872,0.0043196544,0.4974248583,0.1268898488,test,True,False,market observations archived; FRED macro series use downloaded historical vintage
wide-credit-2024-11-22,2024-11-22,current broad US credit-market distress state,current weekly evidence snapshot,"As of 2024-11-22, broad US credit conditions were summarized from independent market and lending channels. The Baa-minus-Treasury spread was 1.43 percentage points (0.02 pp higher over the latest week), while the Baa-minus-Aaa quality dispersion was 0.62 percentage points. Over four weeks, high-yield credit returned +1.2% relative to investment-grade credit, and investment-grade credit returned -0.3% relative to short Treasuries. High-yield drawdown from its 13-week peak was 0.4%, with 13-week annualized volatility of 4.2%. The Federal Reserve credit-conditions index was -0.08 and the St. Louis financial-stress index was -0.61. The latest conservatively lagged bank survey readings showed net tightening of 0.0% for large and middle-market C&I loans and 13.3% for small-firm C&I loans; the business-loan delinquency rate was 1.27%.",Normal,0.9936049913,0.0063266912,0.0000638494,0.0000044681,0.2224797936,0.0032327586,0.4298316223,0.2343750000,prompt_validation,True,False,market observations archived; FRED macro series use downloaded historical vintage
wide-credit-2024-11-29,2024-11-29,current broad US credit-market distress state,current weekly evidence snapshot,"As of 2024-11-29, broad US credit conditions were summarized from independent market and lending channels. The Baa-minus-Treasury spread was 1.44 percentage points (0.01 pp higher over the latest week), while the Baa-minus-Aaa quality dispersion was 0.61 percentage points. Over four weeks, high-yield credit returned -0.7% relative to investment-grade credit, and investment-grade credit returned +2.0% relative to short Treasuries. High-yield drawdown from its 13-week peak was -0.0%, with 13-week annualized volatility of 4.3%. The Federal Reserve credit-conditions index was -0.08 and the St. Louis financial-stress index was -0.61. The latest conservatively lagged bank survey readings showed net tightening of 0.0% for large and middle-market C&I loans and 13.3% for small-firm C&I loans; the business-loan delinquency rate was 1.27%.",Normal,0.9959686754,0.0039883594,0.0000401553,0.0000028099,0.1969708565,0.0043010753,0.3538157954,0.2327956989,prompt_validation,True,False,market observations archived; FRED macro series use downloaded historical vintage
wide-credit-2024-12-06,2024-12-06,current broad US credit-market distress state,current weekly evidence snapshot,"As of 2024-12-06, broad US credit conditions were summarized from independent market and lending channels. The Baa-minus-Treasury spread was 1.42 percentage points (0.02 pp lower over the latest week), while the Baa-minus-Aaa quality dispersion was 0.61 percentage points. Over four weeks, high-yield credit returned -0.5% relative to investment-grade credit, and investment-grade credit returned +0.6% relative to short Treasuries. High-yield drawdown from its 13-week peak was -0.0%, with 13-week annualized volatility of 4.3%. The Federal Reserve credit-conditions index was -0.08 and the St. Louis financial-stress index was -0.52. The latest conservatively lagged bank survey readings showed net tightening of 0.0% for large and middle-market C&I loans and 13.3% for small-firm C&I loans; the business-loan delinquency rate was 1.27%.",Normal,0.9928997414,0.0070243537,0.0000709406,0.0000049643,0.2282725831,0.0032188841,0.4090666763,0.2725321888,test,True,False,market observations archived; FRED macro series use downloaded historical vintage
wide-credit-2024-12-13,2024-12-13,current broad US credit-market distress state,current weekly evidence snapshot,"As of 2024-12-13, broad US credit conditions were summarized from independent market and lending channels. The Baa-minus-Treasury spread was 1.42 percentage points (unchanged over the latest week), while the Baa-minus-Aaa quality dispersion was 0.59 percentage points. Over four weeks, high-yield credit returned -0.1% relative to investment-grade credit, and investment-grade credit returned +0.4% relative to short Treasuries. High-yield drawdown from its 13-week peak was 0.6%, with 13-week annualized volatility of 4.5%. The Federal Reserve credit-conditions index was -0.08 and the St. Louis financial-stress index was -0.58. The latest conservatively lagged bank survey readings showed net tightening of 0.0% for large and middle-market C&I loans and 13.3% for small-firm C&I loans; the business-loan delinquency rate was 1.27%.",Normal,0.9884235443,0.0114521438,0.0001161813,0.0000081306,0.2554074134,0.0037473233,0.5060509339,0.2564239829,calibration,True,False,market observations archived; FRED macro series use downloaded historical vintage
wide-credit-2024-12-20,2024-12-20,current broad US credit-market distress state,current weekly evidence snapshot,"As of 2024-12-20, broad US credit conditions were summarized from independent market and lending channels. The Baa-minus-Treasury spread was 1.43 percentage points (0.01 pp higher over the latest week), while the Baa-minus-Aaa quality dispersion was 0.60 percentage points. Over four weeks, high-yield credit returned +0.4% relative to investment-grade credit, and investment-grade credit returned -1.0% relative to short Treasuries. High-yield drawdown from its 13-week peak was 1.1%, with 13-week annualized volatility of 4.4%. The Federal Reserve credit-conditions index was -0.07 and the St. Louis financial-stress index was -0.50. The latest conservatively lagged bank survey readings showed net tightening of 0.0% for large and middle-market C&I loans and 13.3% for small-firm C&I loans; the business-loan delinquency rate was 1.27%.",Normal,0.9775601748,0.0221962100,0.0002276797,0.0000159354,0.2924177592,0.0069444444,0.5738344743,0.2964743590,calibration,True,False,market observations archived; FRED macro series use downloaded historical vintage
wide-credit-2024-12-27,2024-12-27,current broad US credit-market distress state,current weekly evidence snapshot,"As of 2024-12-27, broad US credit conditions were summarized from independent market and lending channels. The Baa-minus-Treasury spread was 1.40 percentage points (0.03 pp lower over the latest week), while the Baa-minus-Aaa quality dispersion was 0.63 percentage points. Over four weeks, high-yield credit returned +2.0% relative to investment-grade credit, and investment-grade credit returned -2.9% relative to short Treasuries. High-yield drawdown from its 13-week peak was 1.2%, with 13-week annualized volatility of 4.3%. The Federal Reserve credit-conditions index was -0.07 and the St. Louis financial-stress index was -0.62. The latest conservatively lagged bank survey readings showed net tightening of 0.0% for large and middle-market C&I loans and 13.3% for small-firm C&I loans; the business-loan delinquency rate was 1.27%.",Normal,0.9874555091,0.0124096533,0.0001260185,0.0000088191,0.2598782587,0.0101279318,0.5328330703,0.2366737740,conformal,True,False,market observations archived; FRED macro series use downloaded historical vintage
wide-credit-2025-01-03,2025-01-03,current broad US credit-market distress state,current weekly evidence snapshot,"As of 2025-01-03, broad US credit conditions were summarized from independent market and lending channels. The Baa-minus-Treasury spread was 1.44 percentage points (0.04 pp higher over the latest week), while the Baa-minus-Aaa quality dispersion was 0.60 percentage points. Over four weeks, high-yield credit returned +2.8% relative to investment-grade credit, and investment-grade credit returned -3.4% relative to short Treasuries. High-yield drawdown from its 13-week peak was 0.7%, with 13-week annualized volatility of 4.4%. The Federal Reserve credit-conditions index was -0.07 and the St. Louis financial-stress index was -0.61. The latest conservatively lagged bank survey readings showed net tightening of 0.0% for large and middle-market C&I loans and 13.3% for small-firm C&I loans; the business-loan delinquency rate was 1.27%.",Normal,0.9896263232,0.0102624147,0.0001039851,0.0000072770,0.2493069254,0.0106382979,0.4920697125,0.2452127660,calibration,True,False,market observations archived; FRED macro series use downloaded historical vintage
wide-credit-2025-01-10,2025-01-10,current broad US credit-market distress state,current weekly evidence snapshot,"As of 2025-01-10, broad US credit conditions were summarized from independent market and lending channels. The Baa-minus-Treasury spread was 1.42 percentage points (0.02 pp lower over the latest week), while the Baa-minus-Aaa quality dispersion was 0.61 percentage points. Over four weeks, high-yield credit returned +2.2% relative to investment-grade credit, and investment-grade credit returned -2.7% relative to short Treasuries. High-yield drawdown from its 13-week peak was 1.2%, with 13-week annualized volatility of 4.5%. The Federal Reserve credit-conditions index was -0.07 and the St. Louis financial-stress index was -0.80. The latest conservatively lagged bank survey readings showed net tightening of 0.0% for large and middle-market C&I loans and 13.3% for small-firm C&I loans; the business-loan delinquency rate was 1.27%.",Normal,0.9927693042,0.0071533864,0.0000722532,0.0000050562,0.2292810327,0.0090233546,0.5323229283,0.1464968153,test,True,False,market observations archived; FRED macro series use downloaded historical vintage
wide-credit-2025-01-17,2025-01-17,current broad US credit-market distress state,current weekly evidence snapshot,"As of 2025-01-17, broad US credit conditions were summarized from independent market and lending channels. The Baa-minus-Treasury spread was 1.46 percentage points (0.04 pp higher over the latest week), while the Baa-minus-Aaa quality dispersion was 0.62 percentage points. Over four weeks, high-yield credit returned +1.3% relative to investment-grade credit, and investment-grade credit returned -0.6% relative to short Treasuries. High-yield drawdown from its 13-week peak was 0.0%, with 13-week annualized volatility of 5.1%. The Federal Reserve credit-conditions index was -0.07 and the St. Louis financial-stress index was -0.82. The latest conservatively lagged bank survey readings showed net tightening of 0.0% for large and middle-market C&I loans and 13.3% for small-firm C&I loans; the business-loan delinquency rate was 1.27%.",Normal,0.9959568608,0.0040000475,0.0000402735,0.0000028182,0.1971324607,0.0238347458,0.4272024668,0.1403601695,calibration,True,False,market observations archived; FRED macro series use downloaded historical vintage
wide-credit-2025-01-24,2025-01-24,current broad US credit-market distress state,current weekly evidence snapshot,"As of 2025-01-24, broad US credit conditions were summarized from independent market and lending channels. The Baa-minus-Treasury spread was 1.43 percentage points (0.03 pp lower over the latest week), while the Baa-minus-Aaa quality dispersion was 0.62 percentage points. Over four weeks, high-yield credit returned +1.1% relative to investment-grade credit, and investment-grade credit returned +0.0% relative to short Treasuries. High-yield drawdown from its 13-week peak was -0.0%, with 13-week annualized volatility of 4.9%. The Federal Reserve credit-conditions index was -0.07 and the St. Louis financial-stress index was -0.97. The latest conservatively lagged bank survey readings showed net tightening of 0.0% for large and middle-market C&I loans and 13.3% for small-firm C&I loans; the business-loan delinquency rate was 1.27%.",Normal,0.9977172097,0.0022585029,0.0000226991,0.0000015884,0.1655960756,0.0153276956,0.3614816730,0.1199788584,calibration,True,False,market observations archived; FRED macro series use downloaded historical vintage
wide-credit-2025-01-31,2025-01-31,current broad US credit-market distress state,current weekly evidence snapshot,"As of 2025-01-31, broad US credit conditions were summarized from independent market and lending channels. The Baa-minus-Treasury spread was 1.45 percentage points (0.02 pp higher over the latest week), while the Baa-minus-Aaa quality dispersion was 0.60 percentage points. Over four weeks, high-yield credit returned +0.1% relative to investment-grade credit, and investment-grade credit returned +0.4% relative to short Treasuries. High-yield drawdown from its 13-week peak was 0.0%, with 13-week annualized volatility of 4.8%. The Federal Reserve credit-conditions index was -0.07 and the St. Louis financial-stress index was -0.75. The latest conservatively lagged bank survey readings showed net tightening of 0.0% for large and middle-market C&I loans and 13.3% for small-firm C&I loans; the business-loan delinquency rate was 1.27%.",Normal,0.9949440886,0.0050019713,0.0000504124,0.0000035277,0.2094829376,0.0158227848,0.4348834119,0.1777426160,test,True,False,market observations archived; FRED macro series use downloaded historical vintage
wide-credit-2025-02-07,2025-02-07,current broad US credit-market distress state,current weekly evidence snapshot,"As of 2025-02-07, broad US credit conditions were summarized from independent market and lending channels. The Baa-minus-Treasury spread was 1.45 percentage points (unchanged over the latest week), while the Baa-minus-Aaa quality dispersion was 0.61 percentage points. Over four weeks, high-yield credit returned -0.9% relative to investment-grade credit, and investment-grade credit returned +1.9% relative to short Treasuries. High-yield drawdown from its 13-week peak was 0.1%, with 13-week annualized volatility of 4.1%. The Federal Reserve credit-conditions index was -0.07 and the St. Louis financial-stress index was -0.78. The latest conservatively lagged bank survey readings showed net tightening of 0.0% for large and middle-market C&I loans and 13.3% for small-firm C&I loans; the business-loan delinquency rate was 1.27%.",Normal,0.9957963957,0.0041587953,0.0000418786,0.0000029305,0.1992819734,0.0210526316,0.3999511832,0.1768421053,conformal,True,False,market observations archived; FRED macro series use downloaded historical vintage
wide-credit-2025-02-14,2025-02-14,current broad US credit-market distress state,current weekly evidence snapshot,"As of 2025-02-14, broad US credit conditions were summarized from independent market and lending channels. The Baa-minus-Treasury spread was 1.46 percentage points (0.01 pp higher over the latest week), while the Baa-minus-Aaa quality dispersion was 0.61 percentage points. Over four weeks, high-yield credit returned -0.7% relative to investment-grade credit, and investment-grade credit returned +1.1% relative to short Treasuries. High-yield drawdown from its 13-week peak was -0.0%, with 13-week annualized volatility of 3.8%. The Federal Reserve credit-conditions index was -0.06 and the St. Louis financial-stress index was -0.82. The latest conservatively lagged bank survey readings showed net tightening of 0.0% for large and middle-market C&I loans and 13.3% for small-firm C&I loans; the business-loan delinquency rate was 1.27%.",Normal,0.9967532161,0.0032122071,0.0000323155,0.0000022613,0.1850238943,0.0273109244,0.3586431116,0.1691176471,calibration,True,False,market observations archived; FRED macro series use downloaded historical vintage
wide-credit-2025-02-21,2025-02-21,current broad US credit-market distress state,current weekly evidence snapshot,"As of 2025-02-21, broad US credit conditions were summarized from independent market and lending channels. The Baa-minus-Treasury spread was 1.49 percentage points (0.03 pp higher over the latest week), while the Baa-minus-Aaa quality dispersion was 0.60 percentage points. Over four weeks, high-yield credit returned -1.1% relative to investment-grade credit, and investment-grade credit returned +1.0% relative to short Treasuries. High-yield drawdown from its 13-week peak was 0.1%, with 13-week annualized volatility of 3.9%. The Federal Reserve credit-conditions index was -0.05 and the St. Louis financial-stress index was -0.75. The latest conservatively lagged bank survey readings showed net tightening of 6.2% for large and middle-market C&I loans and 11.1% for small-firm C&I loans; the business-loan delinquency rate was 1.28%.",Normal,0.9922670949,0.0076501848,0.0000773102,0.0000054101,0.2330020765,0.0309224319,0.4448133573,0.2232704403,calibration,True,False,market observations archived; FRED macro series use downloaded historical vintage
wide-credit-2025-02-28,2025-02-28,current broad US credit-market distress state,current weekly evidence snapshot,"As of 2025-02-28, broad US credit conditions were summarized from independent market and lending channels. The Baa-minus-Treasury spread was 1.57 percentage points (0.08 pp higher over the latest week), while the Baa-minus-Aaa quality dispersion was 0.60 percentage points. Over four weeks, high-yield credit returned -1.4% relative to investment-grade credit, and investment-grade credit returned +1.6% relative to short Treasuries. High-yield drawdown from its 13-week peak was -0.0%, with 13-week annualized volatility of 3.8%. The Federal Reserve credit-conditions index was -0.04 and the St. Louis financial-stress index was -0.44. The latest conservatively lagged bank survey readings showed net tightening of 6.2% for large and middle-market C&I loans and 11.1% for small-firm C&I loans; the business-loan delinquency rate was 1.28%.",Normal,0.9831823247,0.0166361291,0.0001696716,0.0000118747,0.2762399721,0.0491631799,0.3700379078,0.4095188285,test,True,False,market observations archived; FRED macro series use downloaded historical vintage
wide-credit-2025-03-07,2025-03-07,current broad US credit-market distress state,current weekly evidence snapshot,"As of 2025-03-07, broad US credit conditions were summarized from independent market and lending channels. The Baa-minus-Treasury spread was 1.61 percentage points (0.04 pp higher over the latest week), while the Baa-minus-Aaa quality dispersion was 0.63 percentage points. Over four weeks, high-yield credit returned -0.5% relative to investment-grade credit, and investment-grade credit returned +0.3% relative to short Treasuries. High-yield drawdown from its 13-week peak was 0.4%, with 13-week annualized volatility of 3.9%. The Federal Reserve credit-conditions index was -0.03 and the St. Louis financial-stress index was -0.35. The latest conservatively lagged bank survey readings showed net tightening of 6.2% for large and middle-market C&I loans and 11.1% for small-firm C&I loans; the business-loan delinquency rate was 1.28%.",Normal,0.9406535930,0.0586771265,0.0006254838,0.0000437966,0.3480249149,0.0762004175,0.4944922812,0.4733820459,conformal,True,False,market observations archived; FRED macro series use downloaded historical vintage
wide-credit-2025-03-14,2025-03-14,current broad US credit-market distress state,current weekly evidence snapshot,"As of 2025-03-14, broad US credit conditions were summarized from independent market and lending channels. The Baa-minus-Treasury spread was 1.65 percentage points (0.04 pp higher over the latest week), while the Baa-minus-Aaa quality dispersion was 0.66 percentage points. Over four weeks, high-yield credit returned -1.0% relative to investment-grade credit, and investment-grade credit returned -0.3% relative to short Treasuries. High-yield drawdown from its 13-week peak was 1.1%, with 13-week annualized volatility of 4.0%. The Federal Reserve credit-conditions index was -0.01 and the St. Louis financial-stress index was -0.21. The latest conservatively lagged bank survey readings showed net tightening of 6.2% for large and middle-market C&I loans and 11.1% for small-firm C&I loans; the business-loan delinquency rate was 1.28%.",Normal,0.8052814717,0.1921582898,0.0023924039,0.0001678345,0.4219199760,0.0994791667,0.6194057614,0.5468750000,calibration,True,False,market observations archived; FRED macro series use downloaded historical vintage
wide-credit-2025-03-21,2025-03-21,current broad US credit-market distress state,current weekly evidence snapshot,"As of 2025-03-21, broad US credit conditions were summarized from independent market and lending channels. The Baa-minus-Treasury spread was 1.68 percentage points (0.03 pp higher over the latest week), while the Baa-minus-Aaa quality dispersion was 0.65 percentage points. Over four weeks, high-yield credit returned -0.9% relative to investment-grade credit, and investment-grade credit returned +0.1% relative to short Treasuries. High-yield drawdown from its 13-week peak was 0.7%, with 13-week annualized volatility of 3.8%. The Federal Reserve credit-conditions index was -0.00 and the St. Louis financial-stress index was -0.64. The latest conservatively lagged bank survey readings showed net tightening of 6.2% for large and middle-market C&I loans and 11.1% for small-firm C&I loans; the business-loan delinquency rate was 1.28%.",Normal,0.9387815517,0.0605266947,0.0006464854,0.0000452682,0.3498426175,0.0966735967,0.5588833620,0.3939708940,test,True,False,market observations archived; FRED macro series use downloaded historical vintage
wide-credit-2025-03-28,2025-03-28,current broad US credit-market distress state,current weekly evidence snapshot,"As of 2025-03-28, broad US credit conditions were summarized from independent market and lending channels. The Baa-minus-Treasury spread was 1.73 percentage points (0.05 pp higher over the latest week), while the Baa-minus-Aaa quality dispersion was 0.68 percentage points. Over four weeks, high-yield credit returned -0.5% relative to investment-grade credit, and investment-grade credit returned -1.0% relative to short Treasuries. High-yield drawdown from its 13-week peak was 1.2%, with 13-week annualized volatility of 4.1%. The Federal Reserve credit-conditions index was 0.01 and the St. Louis financial-stress index was -0.62. The latest conservatively lagged bank survey readings showed net tightening of 6.2% for large and middle-market C&I loans and 11.1% for small-firm C&I loans; the business-loan delinquency rate was 1.28%.",Normal,0.8485791392,0.1495302347,0.0017667653,0.0001238609,0.4052074872,0.1566390041,0.6336722542,0.4253112033,calibration,True,False,market observations archived; FRED macro series use downloaded historical vintage
wide-credit-2025-04-04,2025-04-04,current broad US credit-market distress state,current weekly evidence snapshot,"As of 2025-04-04, broad US credit conditions were summarized from independent market and lending channels. The Baa-minus-Treasury spread was 1.94 percentage points (0.21 pp higher over the latest week), while the Baa-minus-Aaa quality dispersion was 0.70 percentage points. Over four weeks, high-yield credit returned -3.7% relative to investment-grade credit, and investment-grade credit returned +0.1% relative to short Treasuries. High-yield drawdown from its 13-week peak was 3.3%, with 13-week annualized volatility of 5.9%. The Federal Reserve credit-conditions index was 0.01 and the St. Louis financial-stress index was 0.11. The latest conservatively lagged bank survey readings showed net tightening of 6.2% for large and middle-market C&I loans and 11.1% for small-firm C&I loans; the business-loan delinquency rate was 1.28%.",Elevated,0.1782092117,0.7751237846,0.0434759236,0.0031910801,0.5840690202,0.2986542443,0.7470310773,0.7065217391,prompt_validation,True,False,market observations archived; FRED macro series use downloaded historical vintage
wide-credit-2025-04-11,2025-04-11,current broad US credit-market distress state,current weekly evidence snapshot,"As of 2025-04-11, broad US credit conditions were summarized from independent market and lending channels. The Baa-minus-Treasury spread was 1.90 percentage points (0.04 pp lower over the latest week), while the Baa-minus-Aaa quality dispersion was 0.71 percentage points. Over four weeks, high-yield credit returned -0.1% relative to investment-grade credit, and investment-grade credit returned -2.5% relative to short Treasuries. High-yield drawdown from its 13-week peak was 3.3%, with 13-week annualized volatility of 5.8%. The Federal Reserve credit-conditions index was 0.02 and the St. Louis financial-stress index was 0.59. The latest conservatively lagged bank survey readings showed net tightening of 6.2% for large and middle-market C&I loans and 11.1% for small-firm C&I loans; the business-loan delinquency rate was 1.28%.",Elevated,0.1377208942,0.7999578396,0.0579935465,0.0043277197,0.6008892432,0.2897727273,0.7350024403,0.7778925620,test,True,False,market observations archived; FRED macro series use downloaded historical vintage
wide-credit-2025-04-18,2025-04-18,current broad US credit-market distress state,current weekly evidence snapshot,"As of 2025-04-18, broad US credit conditions were summarized from independent market and lending channels. The Baa-minus-Treasury spread was 1.92 percentage points (0.02 pp higher over the latest week), while the Baa-minus-Aaa quality dispersion was 0.75 percentage points. Over four weeks, high-yield credit returned +0.1% relative to investment-grade credit, and investment-grade credit returned -2.0% relative to short Treasuries. High-yield drawdown from its 13-week peak was 2.0%, with 13-week annualized volatility of 5.9%. The Federal Reserve credit-conditions index was 0.02 and the St. Louis financial-stress index was -0.19. The latest conservatively lagged bank survey readings showed net tightening of 6.2% for large and middle-market C&I loans and 11.1% for small-firm C&I loans; the business-loan delinquency rate was 1.28%.",Elevated,0.2503401044,0.7188509099,0.0287344228,0.0020745630,0.5603239571,0.3582474227,0.7015904281,0.6211340206,calibration,True,False,market observations archived; FRED macro series use downloaded historical vintage
wide-credit-2025-04-25,2025-04-25,current broad US credit-market distress state,current weekly evidence snapshot,"As of 2025-04-25, broad US credit conditions were summarized from independent market and lending channels. The Baa-minus-Treasury spread was 1.84 percentage points (0.08 pp lower over the latest week), while the Baa-minus-Aaa quality dispersion was 0.75 percentage points. Over four weeks, high-yield credit returned +0.5% relative to investment-grade credit, and investment-grade credit returned -0.6% relative to short Treasuries. High-yield drawdown from its 13-week peak was 0.7%, with 13-week annualized volatility of 6.5%. The Federal Reserve credit-conditions index was 0.01 and the St. Louis financial-stress index was -0.26. The latest conservatively lagged bank survey readings showed net tightening of 6.2% for large and middle-market C&I loans and 11.1% for small-firm C&I loans; the business-loan delinquency rate was 1.28%.",Elevated,0.4931750637,0.4960335085,0.0100785061,0.0007129217,0.5015015793,0.3060699588,0.6068709929,0.5915637860,calibration,True,False,market observations archived; FRED macro series use downloaded historical vintage
wide-credit-2025-05-02,2025-05-02,current broad US credit-market distress state,current weekly evidence snapshot,"As of 2025-05-02, broad US credit conditions were summarized from independent market and lending channels. The Baa-minus-Treasury spread was 1.90 percentage points (0.06 pp higher over the latest week), while the Baa-minus-Aaa quality dispersion was 0.74 percentage points. Over four weeks, high-yield credit returned +4.2% relative to investment-grade credit, and investment-grade credit returned -1.5% relative to short Treasuries. High-yield drawdown from its 13-week peak was 0.5%, with 13-week annualized volatility of 6.5%. The Federal Reserve credit-conditions index was 0.01 and the St. Louis financial-stress index was -0.33. The latest conservatively lagged bank survey readings showed net tightening of 6.2% for large and middle-market C&I loans and 11.1% for small-firm C&I loans; the business-loan delinquency rate was 1.28%.",Normal,0.6236093461,0.3700243597,0.0059474631,0.0004188311,0.4722306899,0.3398357290,0.5162813921,0.5605749487,test,True,False,market observations archived; FRED macro series use downloaded historical vintage
wide-credit-2025-05-09,2025-05-09,current broad US credit-market distress state,current weekly evidence snapshot,"As of 2025-05-09, broad US credit conditions were summarized from independent market and lending channels. The Baa-minus-Treasury spread was 1.89 percentage points (0.01 pp lower over the latest week), while the Baa-minus-Aaa quality dispersion was 0.76 percentage points. Over four weeks, high-yield credit returned +1.1% relative to investment-grade credit, and investment-grade credit returned +1.3% relative to short Treasuries. High-yield drawdown from its 13-week peak was 0.5%, with 13-week annualized volatility of 6.5%. The Federal Reserve credit-conditions index was -0.00 and the St. Louis financial-stress index was -0.46. The latest conservatively lagged bank survey readings showed net tightening of 6.2% for large and middle-market C&I loans and 11.1% for small-firm C&I loans; the business-loan delinquency rate was 1.28%.",Normal,0.8136643650,0.1839105313,0.0022661479,0.0001589558,0.4189300871,0.3498975410,0.4284091138,0.4784836066,conformal,True,False,market observations archived; FRED macro series use downloaded historical vintage
wide-credit-2025-05-16,2025-05-16,current broad US credit-market distress state,current weekly evidence snapshot,"As of 2025-05-16, broad US credit conditions were summarized from independent market and lending channels. The Baa-minus-Treasury spread was 1.82 percentage points (0.07 pp lower over the latest week), while the Baa-minus-Aaa quality dispersion was 0.73 percentage points. Over four weeks, high-yield credit returned +1.9% relative to investment-grade credit, and investment-grade credit returned +0.8% relative to short Treasuries. High-yield drawdown from its 13-week peak was -0.0%, with 13-week annualized volatility of 6.8%. The Federal Reserve credit-conditions index was -0.01 and the St. Louis financial-stress index was -0.89. The latest conservatively lagged bank survey readings showed net tightening of 18.5% for large and middle-market C&I loans and 15.9% for small-firm C&I loans; the business-loan delinquency rate was 1.29%.",Normal,0.9819629457,0.0178421058,0.0001821971,0.0000127515,0.2801581052,0.2755623722,0.3195131705,0.2453987730,conformal,True,False,market observations archived; FRED macro series use downloaded historical vintage
wide-credit-2025-05-23,2025-05-23,current broad US credit-market distress state,current weekly evidence snapshot,"As of 2025-05-23, broad US credit conditions were summarized from independent market and lending channels. The Baa-minus-Treasury spread was 1.88 percentage points (0.06 pp higher over the latest week), while the Baa-minus-Aaa quality dispersion was 0.75 percentage points. Over four weeks, high-yield credit returned +2.0% relative to investment-grade credit, and investment-grade credit returned -1.1% relative to short Treasuries. High-yield drawdown from its 13-week peak was 0.6%, with 13-week annualized volatility of 6.9%. The Federal Reserve credit-conditions index was -0.02 and the St. Louis financial-stress index was -0.49. The latest conservatively lagged bank survey readings showed net tightening of 18.5% for large and middle-market C&I loans and 15.9% for small-firm C&I loans; the business-loan delinquency rate was 1.29%.",Normal,0.7826966378,0.2143648392,0.0027458220,0.0001927010,0.4295202046,0.3367346939,0.5436626546,0.4081632653,calibration,True,False,market observations archived; FRED macro series use downloaded historical vintage
wide-credit-2025-05-30,2025-05-30,current broad US credit-market distress state,current weekly evidence snapshot,"As of 2025-05-30, broad US credit conditions were summarized from independent market and lending channels. The Baa-minus-Treasury spread was 1.84 percentage points (0.04 pp lower over the latest week), while the Baa-minus-Aaa quality dispersion was 0.74 percentage points. Over four weeks, high-yield credit returned +0.5% relative to investment-grade credit, and investment-grade credit returned +0.7% relative to short Treasuries. High-yield drawdown from its 13-week peak was -0.0%, with 13-week annualized volatility of 7.0%. The Federal Reserve credit-conditions index was -0.03 and the St. Louis financial-stress index was -0.53. The latest conservatively lagged bank survey readings showed net tightening of 18.5% for large and middle-market C&I loans and 15.9% for small-firm C&I loans; the business-loan delinquency rate was 1.29%.",Normal,0.9232054685,0.0759122996,0.0008244887,0.0000577433,0.3632304888,0.2993890020,0.4145387169,0.3757637475,calibration,True,False,market observations archived; FRED macro series use downloaded historical vintage
wide-credit-2025-06-06,2025-06-06,current broad US credit-market distress state,current weekly evidence snapshot,"As of 2025-06-06, broad US credit conditions were summarized from independent market and lending channels. The Baa-minus-Treasury spread was 1.73 percentage points (0.11 pp lower over the latest week), while the Baa-minus-Aaa quality dispersion was 0.70 percentage points. Over four weeks, high-yield credit returned +0.8% relative to investment-grade credit, and investment-grade credit returned +0.7% relative to short Treasuries. High-yield drawdown from its 13-week peak was -0.0%, with 13-week annualized volatility of 6.9%. The Federal Reserve credit-conditions index was -0.03 and the St. Louis financial-stress index was -0.80. The latest conservatively lagged bank survey readings showed net tightening of 18.5% for large and middle-market C&I loans and 15.9% for small-firm C&I loans; the business-loan delinquency rate was 1.29%.",Normal,0.9852637849,0.0145774706,0.0001483615,0.0000103830,0.2688569266,0.1905487805,0.3960016741,0.2200203252,test,True,False,market observations archived; FRED macro series use downloaded historical vintage
wide-credit-2025-06-13,2025-06-13,current broad US credit-market distress state,current weekly evidence snapshot,"As of 2025-06-13, broad US credit conditions were summarized from independent market and lending channels. The Baa-minus-Treasury spread was 1.75 percentage points (0.02 pp higher over the latest week), while the Baa-minus-Aaa quality dispersion was 0.69 percentage points. Over four weeks, high-yield credit returned -0.6% relative to investment-grade credit, and investment-grade credit returned +0.7% relative to short Treasuries. High-yield drawdown from its 13-week peak was -0.0%, with 13-week annualized volatility of 6.7%. The Federal Reserve credit-conditions index was -0.04 and the St. Louis financial-stress index was -0.78. The latest conservatively lagged bank survey readings showed net tightening of 18.5% for large and middle-market C&I loans and 15.9% for small-firm C&I loans; the business-loan delinquency rate was 1.29%.",Normal,0.9751363363,0.0245930708,0.0002528924,0.0000177006,0.2981956586,0.1779918864,0.4878932639,0.2287018256,conformal,True,False,market observations archived; FRED macro series use downloaded historical vintage
wide-credit-2025-06-20,2025-06-20,current broad US credit-market distress state,current weekly evidence snapshot,"As of 2025-06-20, broad US credit conditions were summarized from independent market and lending channels. The Baa-minus-Treasury spread was 1.76 percentage points (0.01 pp higher over the latest week), while the Baa-minus-Aaa quality dispersion was 0.68 percentage points. Over four weeks, high-yield credit returned -0.6% relative to investment-grade credit, and investment-grade credit returned +1.7% relative to short Treasuries. High-yield drawdown from its 13-week peak was -0.0%, with 13-week annualized volatility of 6.7%. The Federal Reserve credit-conditions index was -0.04 and the St. Louis financial-stress index was -0.65. The latest conservatively lagged bank survey readings showed net tightening of 18.5% for large and middle-market C&I loans and 15.9% for small-firm C&I loans; the business-loan delinquency rate was 1.29%.",Normal,0.9758657494,0.0238717901,0.0002452920,0.0000171684,0.2965168847,0.1599190283,0.4325668484,0.2970647773,test,True,False,market observations archived; FRED macro series use downloaded historical vintage
wide-credit-2025-06-27,2025-06-27,current broad US credit-market distress state,current weekly evidence snapshot,"As of 2025-06-27, broad US credit conditions were summarized from independent market and lending channels. The Baa-minus-Treasury spread was 1.79 percentage points (0.03 pp higher over the latest week), while the Baa-minus-Aaa quality dispersion was 0.64 percentage points. Over four weeks, high-yield credit returned -0.1% relative to investment-grade credit, and investment-grade credit returned +1.0% relative to short Treasuries. High-yield drawdown from its 13-week peak was -0.0%, with 13-week annualized volatility of 6.6%. The Federal Reserve credit-conditions index was -0.04 and the St. Louis financial-stress index was -0.69. The latest conservatively lagged bank survey readings showed net tightening of 18.5% for large and middle-market C&I loans and 15.9% for small-firm C&I loans; the business-loan delinquency rate was 1.29%.",Normal,0.9846287273,0.0152055814,0.0001548538,0.0000108375,0.2712129642,0.1272727273,0.4222247513,0.2641414141,prompt_validation,True,False,market observations archived; FRED macro series use downloaded historical vintage
wide-credit-2025-07-04,2025-07-04,current broad US credit-market distress state,current weekly evidence snapshot,"As of 2025-07-04, broad US credit conditions were summarized from independent market and lending channels. The Baa-minus-Treasury spread was 1.67 percentage points (0.12 pp lower over the latest week), while the Baa-minus-Aaa quality dispersion was 0.65 percentage points. Over four weeks, high-yield credit returned -0.5% relative to investment-grade credit, and investment-grade credit returned +1.8% relative to short Treasuries. High-yield drawdown from its 13-week peak was -0.0%, with 13-week annualized volatility of 4.1%. The Federal Reserve credit-conditions index was -0.05 and the St. Louis financial-stress index was -0.87. The latest conservatively lagged bank survey readings showed net tightening of 18.5% for large and middle-market C&I loans and 15.9% for small-firm C&I loans; the business-loan delinquency rate was 1.29%.",Normal,0.9955769874,0.0043758544,0.0000440740,0.0000030842,0.2020924224,0.0932459677,0.3346038802,0.1784274194,calibration,True,False,market observations archived; FRED macro series use downloaded historical vintage
wide-credit-2025-07-11,2025-07-11,current broad US credit-market distress state,current weekly evidence snapshot,"As of 2025-07-11, broad US credit conditions were summarized from independent market and lending channels. The Baa-minus-Treasury spread was 1.72 percentage points (0.05 pp higher over the latest week), while the Baa-minus-Aaa quality dispersion was 0.65 percentage points. Over four weeks, high-yield credit returned +0.7% relative to investment-grade credit, and investment-grade credit returned +0.3% relative to short Treasuries. High-yield drawdown from its 13-week peak was 0.4%, with 13-week annualized volatility of 4.4%. The Federal Reserve credit-conditions index was -0.05 and the St. Louis financial-stress index was -0.75. The latest conservatively lagged bank survey readings showed net tightening of 18.5% for large and middle-market C&I loans and 15.9% for small-firm C&I loans; the business-loan delinquency rate was 1.29%.",Normal,0.9879146382,0.0119555190,0.0001213504,0.0000084924,0.2578019262,0.1066398390,0.4404077907,0.2263581489,calibration,True,False,market observations archived; FRED macro series use downloaded historical vintage
wide-credit-2025-07-18,2025-07-18,current broad US credit-market distress state,current weekly evidence snapshot,"As of 2025-07-18, broad US credit conditions were summarized from independent market and lending channels. The Baa-minus-Treasury spread was 1.73 percentage points (0.01 pp higher over the latest week), while the Baa-minus-Aaa quality dispersion was 0.65 percentage points. Over four weeks, high-yield credit returned +0.5% relative to investment-grade credit, and investment-grade credit returned +0.2% relative to short Treasuries. High-yield drawdown from its 13-week peak was 0.1%, with 13-week annualized volatility of 3.9%. The Federal Reserve credit-conditions index was -0.05 and the St. Louis financial-stress index was -0.71. The latest conservatively lagged bank survey readings showed net tightening of 18.5% for large and middle-market C&I loans and 15.9% for small-firm C&I loans; the business-loan delinquency rate was 1.29%.",Normal,0.9889706571,0.0109109709,0.0001106299,0.0000077421,0.2527142028,0.1129518072,0.4057329698,0.2394578313,calibration,True,False,market observations archived; FRED macro series use downloaded historical vintage
wide-credit-2025-07-25,2025-07-25,current broad US credit-market distress state,current weekly evidence snapshot,"As of 2025-07-25, broad US credit conditions were summarized from independent market and lending channels. The Baa-minus-Treasury spread was 1.69 percentage points (0.04 pp lower over the latest week), while the Baa-minus-Aaa quality dispersion was 0.65 percentage points. Over four weeks, high-yield credit returned +0.3% relative to investment-grade credit, and investment-grade credit returned +0.3% relative to short Treasuries. High-yield drawdown from its 13-week peak was -0.0%, with 13-week annualized volatility of 3.4%. The Federal Reserve credit-conditions index was -0.05 and the St. Louis financial-stress index was -0.79. The latest conservatively lagged bank survey readings showed net tightening of 18.5% for large and middle-market C&I loans and 15.9% for small-firm C&I loans; the business-loan delinquency rate was 1.29%.",Normal,0.9950809970,0.0048665307,0.0000490406,0.0000034317,0.2079654952,0.1012024048,0.3263012953,0.1963927856,calibration,True,False,market observations archived; FRED macro series use downloaded historical vintage
wide-credit-2025-08-01,2025-08-01,current broad US credit-market distress state,current weekly evidence snapshot,"As of 2025-08-01, broad US credit conditions were summarized from independent market and lending channels. The Baa-minus-Treasury spread was 1.75 percentage points (0.06 pp higher over the latest week), while the Baa-minus-Aaa quality dispersion was 0.65 percentage points. Over four weeks, high-yield credit returned -0.9% relative to investment-grade credit, and investment-grade credit returned +0.3% relative to short Treasuries. High-yield drawdown from its 13-week peak was 0.1%, with 13-week annualized volatility of 3.5%. The Federal Reserve credit-conditions index was -0.05 and the St. Louis financial-stress index was -0.68. The latest conservatively lagged bank survey readings showed net tightening of 18.5% for large and middle-market C&I loans and 15.9% for small-firm C&I loans; the business-loan delinquency rate was 1.29%.",Normal,0.9803472335,0.0194400087,0.0001988412,0.0000139166,0.2849671209,0.1190000000,0.4789013627,0.2570000000,test,True,False,market observations archived; FRED macro series use downloaded historical vintage
wide-credit-2025-08-08,2025-08-08,current broad US credit-market distress state,current weekly evidence snapshot,"As of 2025-08-08, broad US credit conditions were summarized from independent market and lending channels. The Baa-minus-Treasury spread was 1.74 percentage points (0.01 pp lower over the latest week), while the Baa-minus-Aaa quality dispersion was 0.65 percentage points. Over four weeks, high-yield credit returned -0.9% relative to investment-grade credit, and investment-grade credit returned +1.1% relative to short Treasuries. High-yield drawdown from its 13-week peak was -0.0%, with 13-week annualized volatility of 3.4%. The Federal Reserve credit-conditions index was -0.05 and the St. Louis financial-stress index was -0.56. The latest conservatively lagged bank survey readings showed net tightening of 18.5% for large and middle-market C&I loans and 15.9% for small-firm C&I loans; the business-loan delinquency rate was 1.29%.",Normal,0.9856905754,0.0141553437,0.0001440030,0.0000100779,0.2672166744,0.1187624750,0.3605322587,0.3223552894,conformal,True,False,market observations archived; FRED macro series use downloaded historical vintage
wide-credit-2025-08-15,2025-08-15,current broad US credit-market distress state,current weekly evidence snapshot,"As of 2025-08-15, broad US credit conditions were summarized from independent market and lending channels. The Baa-minus-Treasury spread was 1.69 percentage points (0.05 pp lower over the latest week), while the Baa-minus-Aaa quality dispersion was 0.65 percentage points. Over four weeks, high-yield credit returned -1.0% relative to investment-grade credit, and investment-grade credit returned +1.2% relative to short Treasuries. High-yield drawdown from its 13-week peak was -0.0%, with 13-week annualized volatility of 2.9%. The Federal Reserve credit-conditions index was -0.05 and the St. Louis financial-stress index was -0.82. The latest conservatively lagged bank survey readings showed net tightening of 9.5% for large and middle-market C&I loans and 8.2% for small-firm C&I loans; the business-loan delinquency rate was 1.33%.",Normal,0.9953575262,0.0045929649,0.0000462710,0.0000032379,0.2047679957,0.1025896414,0.3309374533,0.1807768924,conformal,True,False,market observations archived; FRED macro series use downloaded historical vintage
wide-credit-2025-08-22,2025-08-22,current broad US credit-market distress state,current weekly evidence snapshot,"As of 2025-08-22, broad US credit conditions were summarized from independent market and lending channels. The Baa-minus-Treasury spread was 1.73 percentage points (0.04 pp higher over the latest week), while the Baa-minus-Aaa quality dispersion was 0.65 percentage points. Over four weeks, high-yield credit returned -0.6% relative to investment-grade credit, and investment-grade credit returned +0.8% relative to short Treasuries. High-yield drawdown from its 13-week peak was -0.0%, with 13-week annualized volatility of 2.4%. The Federal Reserve credit-conditions index was -0.05 and the St. Louis financial-stress index was -0.75. The latest conservatively lagged bank survey readings showed net tightening of 9.5% for large and middle-market C&I loans and 8.2% for small-firm C&I loans; the business-loan delinquency rate was 1.33%.",Normal,0.9943555893,0.0055841568,0.0000563132,0.0000039407,0.2155714005,0.1167992048,0.3142092313,0.2157057654,calibration,True,False,market observations archived; FRED macro series use downloaded historical vintage
wide-credit-2025-08-29,2025-08-29,current broad US credit-market distress state,current weekly evidence snapshot,"As of 2025-08-29, broad US credit conditions were summarized from independent market and lending channels. The Baa-minus-Treasury spread was 1.80 percentage points (0.07 pp higher over the latest week), while the Baa-minus-Aaa quality dispersion was 0.61 percentage points. Over four weeks, high-yield credit returned +1.0% relative to investment-grade credit, and investment-grade credit returned -0.2% relative to short Treasuries. High-yield drawdown from its 13-week peak was -0.0%, with 13-week annualized volatility of 2.2%. The Federal Reserve credit-conditions index was -0.05 and the St. Louis financial-stress index was -0.60. The latest conservatively lagged bank survey readings showed net tightening of 9.5% for large and middle-market C&I loans and 8.2% for small-firm C&I loans; the business-loan delinquency rate was 1.33%.",Normal,0.9910302991,0.0088736318,0.0000897858,0.0000062832,0.2412308971,0.1269841270,0.2812323738,0.3154761905,test,True,False,market observations archived; FRED macro series use downloaded historical vintage
wide-credit-2025-09-05,2025-09-05,current broad US credit-market distress state,current weekly evidence snapshot,"As of 2025-09-05, broad US credit conditions were summarized from independent market and lending channels. The Baa-minus-Treasury spread was 1.78 percentage points (0.02 pp lower over the latest week), while the Baa-minus-Aaa quality dispersion was 0.64 percentage points. Over four weeks, high-yield credit returned -0.7% relative to investment-grade credit, and investment-grade credit returned +1.3% relative to short Treasuries. High-yield drawdown from its 13-week peak was -0.0%, with 13-week annualized volatility of 2.2%. The Federal Reserve credit-conditions index was -0.05 and the St. Louis financial-stress index was -0.42. The latest conservatively lagged bank survey readings showed net tightening of 9.5% for large and middle-market C&I loans and 8.2% for small-firm C&I loans; the business-loan delinquency rate was 1.33%.",Normal,0.9827437436,0.0170698934,0.0001741732,0.0000121898,0.2776804502,0.1282178218,0.2949225387,0.4099009901,prompt_validation,True,False,market observations archived; FRED macro series use downloaded historical vintage
wide-credit-2025-09-12,2025-09-12,current broad US credit-market distress state,current weekly evidence snapshot,"As of 2025-09-12, broad US credit conditions were summarized from independent market and lending channels. The Baa-minus-Treasury spread was 1.70 percentage points (0.08 pp lower over the latest week), while the Baa-minus-Aaa quality dispersion was 0.63 percentage points. Over four weeks, high-yield credit returned -1.3% relative to investment-grade credit, and investment-grade credit returned +1.8% relative to short Treasuries. High-yield drawdown from its 13-week peak was -0.0%, with 13-week annualized volatility of 2.2%. The Federal Reserve credit-conditions index was -0.05 and the St. Louis financial-stress index was -0.56. The latest conservatively lagged bank survey readings showed net tightening of 9.5% for large and middle-market C&I loans and 8.2% for small-firm C&I loans; the business-loan delinquency rate was 1.33%.",Normal,0.9902942932,0.0096016784,0.0000972245,0.0000068038,0.2456091534,0.0933794466,0.3005626381,0.3428853755,test,True,False,market observations archived; FRED macro series use downloaded historical vintage
wide-credit-2025-09-19,2025-09-19,current broad US credit-market distress state,current weekly evidence snapshot,"As of 2025-09-19, broad US credit conditions were summarized from independent market and lending channels. The Baa-minus-Treasury spread was 1.68 percentage points (0.02 pp lower over the latest week), while the Baa-minus-Aaa quality dispersion was 0.61 percentage points. Over four weeks, high-yield credit returned -0.8% relative to investment-grade credit, and investment-grade credit returned +1.3% relative to short Treasuries. High-yield drawdown from its 13-week peak was -0.0%, with 13-week annualized volatility of 2.1%. The Federal Reserve credit-conditions index was -0.05 and the St. Louis financial-stress index was -0.59. The latest conservatively lagged bank survey readings showed net tightening of 9.5% for large and middle-market C&I loans and 8.2% for small-firm C&I loans; the business-loan delinquency rate was 1.33%.",Normal,0.9919598760,0.0079540909,0.0000804063,0.0000056268,0.2351619015,0.0744575937,0.2976947774,0.3333333333,conformal,True,False,market observations archived; FRED macro series use downloaded historical vintage
wide-credit-2025-09-26,2025-09-26,current broad US credit-market distress state,current weekly evidence snapshot,"As of 2025-09-26, broad US credit conditions were summarized from independent market and lending channels. The Baa-minus-Treasury spread was 1.65 percentage points (0.03 pp lower over the latest week), while the Baa-minus-Aaa quality dispersion was 0.60 percentage points. Over four weeks, high-yield credit returned -0.9% relative to investment-grade credit, and investment-grade credit returned +1.4% relative to short Treasuries. High-yield drawdown from its 13-week peak was 0.2%, with 13-week annualized volatility of 2.1%. The Federal Reserve credit-conditions index was -0.04 and the St. Louis financial-stress index was -0.54. The latest conservatively lagged bank survey readings showed net tightening of 9.5% for large and middle-market C&I loans and 8.2% for small-firm C&I loans; the business-loan delinquency rate was 1.33%.",Normal,0.9868735490,0.0129852757,0.0001319416,0.0000092337,0.2624048092,0.0600393701,0.3684152149,0.3587598425,calibration,True,False,market observations archived; FRED macro series use downloaded historical vintage
wide-credit-2025-10-03,2025-10-03,current broad US credit-market distress state,current weekly evidence snapshot,"As of 2025-10-03, broad US credit conditions were summarized from independent market and lending channels. The Baa-minus-Treasury spread was 1.66 percentage points (0.01 pp higher over the latest week), while the Baa-minus-Aaa quality dispersion was 0.61 percentage points. Over four weeks, high-yield credit returned -0.3% relative to investment-grade credit, and investment-grade credit returned +0.6% relative to short Treasuries. High-yield drawdown from its 13-week peak was 0.0%, with 13-week annualized volatility of 2.0%. The Federal Reserve credit-conditions index was -0.04 and the St. Louis financial-stress index was -0.49. The latest conservatively lagged bank survey readings showed net tightening of 9.5% for large and middle-market C&I loans and 8.2% for small-firm C&I loans; the business-loan delinquency rate was 1.33%.",Normal,0.9853377087,0.0145043548,0.0001476063,0.0000103302,0.2685762000,0.0712180747,0.3494417630,0.3850687623,prompt_validation,True,False,market observations archived; FRED macro series use downloaded historical vintage
wide-credit-2025-10-10,2025-10-10,current broad US credit-market distress state,current weekly evidence snapshot,"As of 2025-10-10, broad US credit conditions were summarized from independent market and lending channels. The Baa-minus-Treasury spread was 1.72 percentage points (0.06 pp higher over the latest week), while the Baa-minus-Aaa quality dispersion was 0.63 percentage points. Over four weeks, high-yield credit returned -0.6% relative to investment-grade credit, and investment-grade credit returned -0.5% relative to short Treasuries. High-yield drawdown from its 13-week peak was 1.2%, with 13-week annualized volatility of 3.1%. The Federal Reserve credit-conditions index was -0.04 and the St. Louis financial-stress index was -0.48. The latest conservatively lagged bank survey readings showed net tightening of 9.5% for large and middle-market C&I loans and 8.2% for small-firm C&I loans; the business-loan delinquency rate was 1.33%.",Normal,0.9294160420,0.0697784311,0.0007528078,0.0000527191,0.3582235530,0.1039215686,0.5761412471,0.3946078431,conformal,True,False,market observations archived; FRED macro series use downloaded historical vintage
wide-credit-2025-10-17,2025-10-17,current broad US credit-market distress state,current weekly evidence snapshot,"As of 2025-10-17, broad US credit conditions were summarized from independent market and lending channels. The Baa-minus-Treasury spread was 1.70 percentage points (0.02 pp lower over the latest week), while the Baa-minus-Aaa quality dispersion was 0.61 percentage points. Over four weeks, high-yield credit returned -1.0% relative to investment-grade credit, and investment-grade credit returned +0.3% relative to short Treasuries. High-yield drawdown from its 13-week peak was 0.2%, with 13-week annualized volatility of 3.5%. The Federal Reserve credit-conditions index was -0.04 and the St. Louis financial-stress index was -0.36. The latest conservatively lagged bank survey readings showed net tightening of 9.5% for large and middle-market C&I loans and 8.2% for small-firm C&I loans; the business-loan delinquency rate was 1.33%.",Normal,0.9409118898,0.0584219236,0.0006225926,0.0000435940,0.3477699122,0.0870841487,0.4934075840,0.4628180039,calibration,True,False,market observations archived; FRED macro series use downloaded historical vintage
wide-credit-2025-10-24,2025-10-24,current broad US credit-market distress state,current weekly evidence snapshot,"As of 2025-10-24, broad US credit conditions were summarized from independent market and lending channels. The Baa-minus-Treasury spread was 1.65 percentage points (0.05 pp lower over the latest week), while the Baa-minus-Aaa quality dispersion was 0.61 percentage points. Over four weeks, high-yield credit returned -1.2% relative to investment-grade credit, and investment-grade credit returned +1.1% relative to short Treasuries. High-yield drawdown from its 13-week peak was -0.0%, with 13-week annualized volatility of 3.5%. The Federal Reserve credit-conditions index was -0.04 and the St. Louis financial-stress index was -0.51. The latest conservatively lagged bank survey readings showed net tightening of 9.5% for large and middle-market C&I loans and 8.2% for small-firm C&I loans; the business-loan delinquency rate was 1.33%.",Normal,0.9824665335,0.0173440569,0.0001770205,0.0000123891,0.2785724830,0.0683593750,0.3762447927,0.3911132812,calibration,True,False,market observations archived; FRED macro series use downloaded historical vintage
wide-credit-2025-10-31,2025-10-31,current broad US credit-market distress state,current weekly evidence snapshot,"As of 2025-10-31, broad US credit conditions were summarized from independent market and lending channels. The Baa-minus-Treasury spread was 1.69 percentage points (0.04 pp higher over the latest week), while the Baa-minus-Aaa quality dispersion was 0.58 percentage points. Over four weeks, high-yield credit returned +0.2% relative to investment-grade credit, and investment-grade credit returned -0.5% relative to short Treasuries. High-yield drawdown from its 13-week peak was 0.3%, with 13-week annualized volatility of 3.6%. The Federal Reserve credit-conditions index was -0.03 and the St. Louis financial-stress index was -0.46. The latest conservatively lagged bank survey readings showed net tightening of 9.5% for large and middle-market C&I loans and 8.2% for small-firm C&I loans; the business-loan delinquency rate was 1.33%.",Normal,0.9577895277,0.0417428651,0.0004370135,0.0000305937,0.3282922162,0.0750487329,0.4804906837,0.4293372320,calibration,True,False,market observations archived; FRED macro series use downloaded historical vintage
wide-credit-2025-11-07,2025-11-07,current broad US credit-market distress state,current weekly evidence snapshot,"As of 2025-11-07, broad US credit conditions were summarized from independent market and lending channels. The Baa-minus-Treasury spread was 1.75 percentage points (0.06 pp higher over the latest week), while the Baa-minus-Aaa quality dispersion was 0.59 percentage points. Over four weeks, high-yield credit returned +1.2% relative to investment-grade credit, and investment-grade credit returned -0.4% relative to short Treasuries. High-yield drawdown from its 13-week peak was 0.4%, with 13-week annualized volatility of 3.7%. The Federal Reserve credit-conditions index was -0.03 and the St. Louis financial-stress index was -0.31. The latest conservatively lagged bank survey readings showed net tightening of 9.5% for large and middle-market C&I loans and 8.2% for small-firm C&I loans; the business-loan delinquency rate was 1.33%.",Normal,0.9429289151,0.0564290001,0.0006000689,0.0000420159,0.3457418683,0.1001945525,0.4321672392,0.5048638132,test,True,False,market observations archived; FRED macro series use downloaded historical vintage
wide-credit-2025-11-14,2025-11-14,current broad US credit-market distress state,current weekly evidence snapshot,"As of 2025-11-14, broad US credit conditions were summarized from independent market and lending channels. The Baa-minus-Treasury spread was 1.77 percentage points (0.02 pp higher over the latest week), while the Baa-minus-Aaa quality dispersion was 0.61 percentage points. Over four weeks, high-yield credit returned +1.3% relative to investment-grade credit, and investment-grade credit returned -1.4% relative to short Treasuries. High-yield drawdown from its 13-week peak was 0.6%, with 13-week annualized volatility of 3.7%. The Federal Reserve credit-conditions index was -0.02 and the St. Louis financial-stress index was -0.50. The latest conservatively lagged bank survey readings showed net tightening of 9.5% for large and middle-market C&I loans and 8.2% for small-firm C&I loans; the business-loan delinquency rate was 1.33%.",Normal,0.9471996003,0.0522090110,0.0005526920,0.0000386967,0.3412154905,0.1233009709,0.4775299666,0.4228155340,calibration,True,False,market observations archived; FRED macro series use downloaded historical vintage
wide-credit-2025-11-21,2025-11-21,current broad US credit-market distress state,current weekly evidence snapshot,"As of 2025-11-21, broad US credit conditions were summarized from independent market and lending channels. The Baa-minus-Treasury spread was 1.82 percentage points (0.05 pp higher over the latest week), while the Baa-minus-Aaa quality dispersion was 0.59 percentage points. Over four weeks, high-yield credit returned +0.9% relative to investment-grade credit, and investment-grade credit returned -1.5% relative to short Treasuries. High-yield drawdown from its 13-week peak was 0.4%, with 13-week annualized volatility of 3.6%. The Federal Reserve credit-conditions index was -0.02 and the St. Louis financial-stress index was -0.13. The latest conservatively lagged bank survey readings showed net tightening of 6.5% for large and middle-market C&I loans and 8.3% for small-firm C&I loans; the business-loan delinquency rate was 1.34%.",Normal,0.8548829980,0.1433182805,0.0016808917,0.0001178298,0.4024616642,0.1356589147,0.4816097987,0.5901162791,calibration,True,False,market observations archived; FRED macro series use downloaded historical vintage
wide-credit-2025-11-28,2025-11-28,current broad US credit-market distress state,current weekly evidence snapshot,"As of 2025-11-28, broad US credit conditions were summarized from independent market and lending channels. The Baa-minus-Treasury spread was 1.78 percentage points (0.04 pp lower over the latest week), while the Baa-minus-Aaa quality dispersion was 0.62 percentage points. Over four weeks, high-yield credit returned -0.2% relative to investment-grade credit, and investment-grade credit returned +0.5% relative to short Treasuries. High-yield drawdown from its 13-week peak was -0.0%, with 13-week annualized volatility of 3.8%. The Federal Reserve credit-conditions index was -0.01 and the St. Louis financial-stress index was -0.39. The latest conservatively lagged bank survey readings showed net tightening of 6.5% for large and middle-market C&I loans and 8.3% for small-firm C&I loans; the business-loan delinquency rate was 1.34%.",Normal,0.9510977380,0.0483567541,0.0005098148,0.0000356930,0.3367713752,0.1344294004,0.3720162532,0.5038684720,calibration,True,False,market observations archived; FRED macro series use downloaded historical vintage
wide-credit-2025-12-05,2025-12-05,current broad US credit-market distress state,current weekly evidence snapshot,"As of 2025-12-05, broad US credit conditions were summarized from independent market and lending channels. The Baa-minus-Treasury spread was 1.74 percentage points (0.04 pp lower over the latest week), while the Baa-minus-Aaa quality dispersion was 0.60 percentage points. Over four weeks, high-yield credit returned +0.5% relative to investment-grade credit, and investment-grade credit returned +0.3% relative to short Treasuries. High-yield drawdown from its 13-week peak was -0.0%, with 13-week annualized volatility of 3.8%. The Federal Reserve credit-conditions index was -0.01 and the St. Louis financial-stress index was -0.42. The latest conservatively lagged bank survey readings showed net tightening of 6.5% for large and middle-market C&I loans and 8.3% for small-firm C&I loans; the business-loan delinquency rate was 1.34%.",Normal,0.9679262028,0.0317221642,0.0003286295,0.0000230034,0.3126085959,0.1052123552,0.3388875639,0.4937258687,test,True,False,market observations archived; FRED macro series use downloaded historical vintage
wide-credit-2025-12-12,2025-12-12,current broad US credit-market distress state,current weekly evidence snapshot,"As of 2025-12-12, broad US credit conditions were summarized from independent market and lending channels. The Baa-minus-Treasury spread was 1.76 percentage points (0.02 pp higher over the latest week), while the Baa-minus-Aaa quality dispersion was 0.58 percentage points. Over four weeks, high-yield credit returned +0.6% relative to investment-grade credit, and investment-grade credit returned -0.0% relative to short Treasuries. High-yield drawdown from its 13-week peak was 0.2%, with 13-week annualized volatility of 3.8%. The Federal Reserve credit-conditions index was -0.01 and the St. Louis financial-stress index was -0.35. The latest conservatively lagged bank survey readings showed net tightening of 6.5% for large and middle-market C&I loans and 8.3% for small-firm C&I loans; the business-loan delinquency rate was 1.34%.",Normal,0.9356591993,0.0636113666,0.0006816984,0.0000477356,0.3527618463,0.1030828516,0.4301545176,0.5250481696,calibration,True,False,market observations archived; FRED macro series use downloaded historical vintage
wide-credit-2025-12-19,2025-12-19,current broad US credit-market distress state,current weekly evidence snapshot,"As of 2025-12-19, broad US credit conditions were summarized from independent market and lending channels. The Baa-minus-Treasury spread was 1.76 percentage points (unchanged over the latest week), while the Baa-minus-Aaa quality dispersion was 0.58 percentage points. Over four weeks, high-yield credit returned +0.9% relative to investment-grade credit, and investment-grade credit returned -0.2% relative to short Treasuries. High-yield drawdown from its 13-week peak was 0.0%, with 13-week annualized volatility of 3.8%. The Federal Reserve credit-conditions index was -0.02 and the St. Louis financial-stress index was -0.33. The latest conservatively lagged bank survey readings showed net tightening of 6.5% for large and middle-market C&I loans and 8.3% for small-firm C&I loans; the business-loan delinquency rate was 1.34%.",Normal,0.9504351007,0.0490116186,0.0005170789,0.0000362018,0.3375499666,0.1038461538,0.3895729766,0.5192307692,test,True,False,market observations archived; FRED macro series use downloaded historical vintage
wide-credit-2025-12-26,2025-12-26,current broad US credit-market distress state,current weekly evidence snapshot,"As of 2025-12-26, broad US credit conditions were summarized from independent market and lending channels. The Baa-minus-Treasury spread was 1.75 percentage points (0.01 pp lower over the latest week), while the Baa-minus-Aaa quality dispersion was 0.57 percentage points. Over four weeks, high-yield credit returned +0.8% relative to investment-grade credit, and investment-grade credit returned -0.6% relative to short Treasuries. High-yield drawdown from its 13-week peak was -0.0%, with 13-week annualized volatility of 3.8%. The Federal Reserve credit-conditions index was -0.02 and the St. Louis financial-stress index was -0.57. The latest conservatively lagged bank survey readings showed net tightening of 6.5% for large and middle-market C&I loans and 8.3% for small-firm C&I loans; the business-loan delinquency rate was 1.34%.",Normal,0.9797440542,0.0200365245,0.0002050688,0.0000143525,0.2866636350,0.0983685221,0.3739064521,0.3877159309,prompt_validation,True,False,market observations archived; FRED macro series use downloaded historical vintage
wide-credit-2026-01-02,2026-01-02,current broad US credit-market distress state,current weekly evidence snapshot,"As of 2026-01-02, broad US credit conditions were summarized from independent market and lending channels. The Baa-minus-Treasury spread was 1.74 percentage points (0.01 pp lower over the latest week), while the Baa-minus-Aaa quality dispersion was 0.55 percentage points. Over four weeks, high-yield credit returned +1.3% relative to investment-grade credit, and investment-grade credit returned -0.2% relative to short Treasuries. High-yield drawdown from its 13-week peak was -0.0%, with 13-week annualized volatility of 7.1%. The Federal Reserve credit-conditions index was -0.03 and the St. Louis financial-stress index was -0.56. The latest conservatively lagged bank survey readings showed net tightening of 6.5% for large and middle-market C&I loans and 8.3% for small-firm C&I loans; the business-loan delinquency rate was 1.34%.",Normal,0.9737064931,0.0260069373,0.0002678237,0.0000187459,0.3013516659,0.0957854406,0.4299170667,0.3783524904,test,True,False,market observations archived; FRED macro series use downloaded historical vintage
wide-credit-2026-01-09,2026-01-09,current broad US credit-market distress state,current weekly evidence snapshot,"As of 2026-01-09, broad US credit conditions were summarized from independent market and lending channels. The Baa-minus-Treasury spread was 1.70 percentage points (0.04 pp lower over the latest week), while the Baa-minus-Aaa quality dispersion was 0.56 percentage points. Over four weeks, high-yield credit returned +0.9% relative to investment-grade credit, and investment-grade credit returned +1.1% relative to short Treasuries. High-yield drawdown from its 13-week peak was -0.0%, with 13-week annualized volatility of 6.4%. The Federal Reserve credit-conditions index was -0.04 and the St. Louis financial-stress index was -0.66. The latest conservatively lagged bank survey readings showed net tightening of 6.5% for large and middle-market C&I loans and 8.3% for small-firm C&I loans; the business-loan delinquency rate was 1.34%.",Normal,0.9902428226,0.0096525920,0.0000977452,0.0000068403,0.2459029134,0.0798279159,0.3514754706,0.3064053537,prompt_validation,True,False,market observations archived; FRED macro series use downloaded historical vintage
wide-credit-2026-01-16,2026-01-16,current broad US credit-market distress state,current weekly evidence snapshot,"As of 2026-01-16, broad US credit conditions were summarized from independent market and lending channels. The Baa-minus-Treasury spread was 1.63 percentage points (0.07 pp lower over the latest week), while the Baa-minus-Aaa quality dispersion was 0.54 percentage points. Over four weeks, high-yield credit returned +1.2% relative to investment-grade credit, and investment-grade credit returned +0.9% relative to short Treasuries. High-yield drawdown from its 13-week peak was -0.0%, with 13-week annualized volatility of 6.3%. The Federal Reserve credit-conditions index was -0.04 and the St. Louis financial-stress index was -0.64. The latest conservatively lagged bank survey readings showed net tightening of 6.5% for large and middle-market C&I loans and 8.3% for small-firm C&I loans; the business-loan delinquency rate was 1.34%.",Normal,0.9922144918,0.0077022208,0.0000778402,0.0000054472,0.2333778628,0.0534351145,0.3404007640,0.3062977099,test,True,False,market observations archived; FRED macro series use downloaded historical vintage
wide-credit-2026-01-23,2026-01-23,current broad US credit-market distress state,current weekly evidence snapshot,"As of 2026-01-23, broad US credit conditions were summarized from independent market and lending channels. The Baa-minus-Treasury spread was 1.61 percentage points (0.02 pp lower over the latest week), while the Baa-minus-Aaa quality dispersion was 0.53 percentage points. Over four weeks, high-yield credit returned +1.2% relative to investment-grade credit, and investment-grade credit returned +0.6% relative to short Treasuries. High-yield drawdown from its 13-week peak was -0.0%, with 13-week annualized volatility of 6.3%. The Federal Reserve credit-conditions index was -0.04 and the St. Louis financial-stress index was -0.71. The latest conservatively lagged bank survey readings showed net tightening of 6.5% for large and middle-market C&I loans and 8.3% for small-firm C&I loans; the business-loan delinquency rate was 1.34%.",Normal,0.9936102047,0.0063215338,0.0000637970,0.0000044644,0.2224346485,0.0519047619,0.3620658504,0.2533333333,calibration,True,False,market observations archived; FRED macro series use downloaded historical vintage
wide-credit-2026-01-30,2026-01-30,current broad US credit-market distress state,current weekly evidence snapshot,"As of 2026-01-30, broad US credit conditions were summarized from independent market and lending channels. The Baa-minus-Treasury spread was 1.62 percentage points (0.01 pp higher over the latest week), while the Baa-minus-Aaa quality dispersion was 0.50 percentage points. Over four weeks, high-yield credit returned +0.2% relative to investment-grade credit, and investment-grade credit returned +0.2% relative to short Treasuries. High-yield drawdown from its 13-week peak was 0.0%, with 13-week annualized volatility of 6.2%. The Federal Reserve credit-conditions index was -0.04 and the St. Louis financial-stress index was -0.67. The latest conservatively lagged bank survey readings showed net tightening of 6.5% for large and middle-market C&I loans and 8.3% for small-firm C&I loans; the business-loan delinquency rate was 1.34%.",Normal,0.9828583214,0.0169565744,0.0001729967,0.0000121074,0.2773076324,0.0541825095,0.4977974220,0.2799429658,test,True,False,market observations archived; FRED macro series use downloaded historical vintage
wide-credit-2026-02-06,2026-02-06,current broad US credit-market distress state,current weekly evidence snapshot,"As of 2026-02-06, broad US credit conditions were summarized from independent market and lending channels. The Baa-minus-Treasury spread was 1.65 percentage points (0.03 pp higher over the latest week), while the Baa-minus-Aaa quality dispersion was 0.50 percentage points. Over four weeks, high-yield credit returned -0.2% relative to investment-grade credit, and investment-grade credit returned -0.1% relative to short Treasuries. High-yield drawdown from its 13-week peak was 0.4%, with 13-week annualized volatility of 6.3%. The Federal Reserve credit-conditions index was -0.04 and the St. Louis financial-stress index was -0.65. The latest conservatively lagged bank survey readings showed net tightening of 6.5% for large and middle-market C&I loans and 8.3% for small-firm C&I loans; the business-loan delinquency rate was 1.34%.",Normal,0.9630886164,0.0365047048,0.0003800730,0.0000266059,0.3206106016,0.0611954459,0.5965566624,0.3040796964,calibration,True,False,market observations archived; FRED macro series use downloaded historical vintage
wide-credit-2026-02-13,2026-02-13,current broad US credit-market distress state,current weekly evidence snapshot,"As of 2026-02-13, broad US credit conditions were summarized from independent market and lending channels. The Baa-minus-Treasury spread was 1.72 percentage points (0.07 pp higher over the latest week), while the Baa-minus-Aaa quality dispersion was 0.51 percentage points. Over four weeks, high-yield credit returned -1.2% relative to investment-grade credit, and investment-grade credit returned +0.6% relative to short Treasuries. High-yield drawdown from its 13-week peak was 0.4%, with 13-week annualized volatility of 6.3%. The Federal Reserve credit-conditions index was -0.04 and the St. Louis financial-stress index was -0.61. The latest conservatively lagged bank survey readings showed net tightening of 6.5% for large and middle-market C&I loans and 8.3% for small-firm C&I loans; the business-loan delinquency rate was 1.34%.",Normal,0.9464398916,0.0529597346,0.0005610889,0.0000392849,0.3420453395,0.0899621212,0.5943178368,0.3418560606,calibration,True,False,market observations archived; FRED macro series use downloaded historical vintage
wide-credit-2026-02-20,2026-02-20,current broad US credit-market distress state,current weekly evidence snapshot,"As of 2026-02-20, broad US credit conditions were summarized from independent market and lending channels. The Baa-minus-Treasury spread was 1.69 percentage points (0.03 pp lower over the latest week), while the Baa-minus-Aaa quality dispersion was 0.51 percentage points. Over four weeks, high-yield credit returned -0.8% relative to investment-grade credit, and investment-grade credit returned +0.5% relative to short Treasuries. High-yield drawdown from its 13-week peak was 0.2%, with 13-week annualized volatility of 6.3%. The Federal Reserve credit-conditions index was -0.03 and the St. Louis financial-stress index was -0.48. The latest conservatively lagged bank survey readings showed net tightening of 5.3% for large and middle-market C&I loans and 8.9% for small-firm C&I loans; the business-loan delinquency rate was 1.33%.",Normal,0.9280417865,0.0711358011,0.0007685875,0.0000538250,0.3593654853,0.0793950851,0.5719527885,0.4267485822,test,True,False,market observations archived; FRED macro series use downloaded historical vintage
wide-credit-2026-02-27,2026-02-27,current broad US credit-market distress state,current weekly evidence snapshot,"As of 2026-02-27, broad US credit conditions were summarized from independent market and lending channels. The Baa-minus-Treasury spread was 1.80 percentage points (0.11 pp higher over the latest week), while the Baa-minus-Aaa quality dispersion was 0.53 percentage points. Over four weeks, high-yield credit returned -1.5% relative to investment-grade credit, and investment-grade credit returned +0.8% relative to short Treasuries. High-yield drawdown from its 13-week peak was 0.5%, with 13-week annualized volatility of 6.3%. The Federal Reserve credit-conditions index was -0.02 and the St. Louis financial-stress index was -0.43. The latest conservatively lagged bank survey readings showed net tightening of 5.3% for large and middle-market C&I loans and 8.9% for small-firm C&I loans; the business-loan delinquency rate was 1.33%.",Normal,0.8355378200,0.1623770765,0.0019484769,0.0001366266,0.4106032762,0.1377358491,0.6186022814,0.4754716981,conformal,True,False,market observations archived; FRED macro series use downloaded historical vintage
wide-credit-2026-03-06,2026-03-06,current broad US credit-market distress state,current weekly evidence snapshot,"As of 2026-03-06, broad US credit conditions were summarized from independent market and lending channels. The Baa-minus-Treasury spread was 1.75 percentage points (0.05 pp lower over the latest week), while the Baa-minus-Aaa quality dispersion was 0.53 percentage points. Over four weeks, high-yield credit returned -1.0% relative to investment-grade credit, and investment-grade credit returned -0.2% relative to short Treasuries. High-yield drawdown from its 13-week peak was 1.8%, with 13-week annualized volatility of 7.1%. The Federal Reserve credit-conditions index was -0.01 and the St. Louis financial-stress index was -0.43. The latest conservatively lagged bank survey readings showed net tightening of 5.3% for large and middle-market C&I loans and 8.9% for small-firm C&I loans; the business-loan delinquency rate was 1.33%.",Normal,0.6909600762,0.3043145221,0.0044150018,0.0003103998,0.4557463634,0.1092278719,0.7490658323,0.5089453861,prompt_validation,True,False,market observations archived; FRED macro series use downloaded historical vintage
wide-credit-2026-03-13,2026-03-13,current broad US credit-market distress state,current weekly evidence snapshot,"As of 2026-03-13, broad US credit conditions were summarized from independent market and lending channels. The Baa-minus-Treasury spread was 1.83 percentage points (0.08 pp higher over the latest week), while the Baa-minus-Aaa quality dispersion was 0.51 percentage points. Over four weeks, high-yield credit returned +1.1% relative to investment-grade credit, and investment-grade credit returned -2.5% relative to short Treasuries. High-yield drawdown from its 13-week peak was 2.4%, with 13-week annualized volatility of 7.2%. The Federal Reserve credit-conditions index was -0.00 and the St. Louis financial-stress index was -0.30. The latest conservatively lagged bank survey readings showed net tightening of 5.3% for large and middle-market C&I loans and 8.9% for small-firm C&I loans; the business-loan delinquency rate was 1.33%.",Normal,0.6027698384,0.3902831615,0.0064897153,0.0004572848,0.4770639239,0.1517857143,0.6966992906,0.5827067669,test,True,False,market observations archived; FRED macro series use downloaded historical vintage
wide-credit-2026-03-20,2026-03-20,current broad US credit-market distress state,current weekly evidence snapshot,"As of 2026-03-20, broad US credit conditions were summarized from independent market and lending channels. The Baa-minus-Treasury spread was 1.79 percentage points (0.04 pp lower over the latest week), while the Baa-minus-Aaa quality dispersion was 0.57 percentage points. Over four weeks, high-yield credit returned +0.8% relative to investment-grade credit, and investment-grade credit returned -2.6% relative to short Treasuries. High-yield drawdown from its 13-week peak was 2.7%, with 13-week annualized volatility of 7.3%. The Federal Reserve credit-conditions index was -0.00 and the St. Louis financial-stress index was -0.36. The latest conservatively lagged bank survey readings showed net tightening of 5.3% for large and middle-market C&I loans and 8.9% for small-firm C&I loans; the business-loan delinquency rate was 1.33%.",Normal,0.6171439461,0.3763137218,0.0061118484,0.0004304837,0.4737406231,0.1378986867,0.7176571413,0.5656660413,test,True,False,market observations archived; FRED macro series use downloaded historical vintage
wide-credit-2026-03-27,2026-03-27,current broad US credit-market distress state,current weekly evidence snapshot,"As of 2026-03-27, broad US credit conditions were summarized from independent market and lending channels. The Baa-minus-Treasury spread was 1.78 percentage points (0.01 pp lower over the latest week), while the Baa-minus-Aaa quality dispersion was 0.56 percentage points. Over four weeks, high-yield credit returned +1.2% relative to investment-grade credit, and investment-grade credit returned -2.7% relative to short Treasuries. High-yield drawdown from its 13-week peak was 3.0%, with 13-week annualized volatility of 7.3%. The Federal Reserve credit-conditions index was 0.00 and the St. Louis financial-stress index was -0.18. The latest conservatively lagged bank survey readings showed net tightening of 5.3% for large and middle-market C&I loans and 8.9% for small-firm C&I loans; the business-loan delinquency rate was 1.33%.",Normal,0.5580411882,0.4336217352,0.0077875718,0.0005495048,0.4871731155,0.1296816479,0.6974744026,0.6343632959,calibration,True,False,market observations archived; FRED macro series use downloaded historical vintage
wide-credit-2026-04-03,2026-04-03,current broad US credit-market distress state,current weekly evidence snapshot,"As of 2026-04-03, broad US credit conditions were summarized from independent market and lending channels. The Baa-minus-Treasury spread was 1.74 percentage points (0.04 pp lower over the latest week), while the Baa-minus-Aaa quality dispersion was 0.61 percentage points. Over four weeks, high-yield credit returned +0.8% relative to investment-grade credit, and investment-grade credit returned -0.5% relative to short Treasuries. High-yield drawdown from its 13-week peak was 1.9%, with 13-week annualized volatility of 4.0%. The Federal Reserve credit-conditions index was -0.00 and the St. Louis financial-stress index was -0.23. The latest conservatively lagged bank survey readings showed net tightening of 5.3% for large and middle-market C&I loans and 8.9% for small-firm C&I loans; the business-loan delinquency rate was 1.33%.",Normal,0.7890761836,0.2080943126,0.0026439709,0.0001855328,0.4274348774,0.1350467290,0.5458560341,0.6014018692,test,True,False,market observations archived; FRED macro series use downloaded historical vintage
wide-credit-2026-04-10,2026-04-10,current broad US credit-market distress state,current weekly evidence snapshot,"As of 2026-04-10, broad US credit conditions were summarized from independent market and lending channels. The Baa-minus-Treasury spread was 1.72 percentage points (0.02 pp lower over the latest week), while the Baa-minus-Aaa quality dispersion was 0.61 percentage points. Over four weeks, high-yield credit returned +0.0% relative to investment-grade credit, and investment-grade credit returned +1.1% relative to short Treasuries. High-yield drawdown from its 13-week peak was 1.5%, with 13-week annualized volatility of 4.0%. The Federal Reserve credit-conditions index was -0.01 and the St. Louis financial-stress index was -0.64. The latest conservatively lagged bank survey readings showed net tightening of 5.3% for large and middle-market C&I loans and 8.9% for small-firm C&I loans; the business-loan delinquency rate was 1.33%.",Normal,0.9569502343,0.0425724472,0.0004460892,0.0000312293,0.3294232970,0.1161380597,0.4794079507,0.3927238806,conformal,True,False,market observations archived; FRED macro series use downloaded historical vintage
wide-credit-2026-04-17,2026-04-17,current broad US credit-market distress state,current weekly evidence snapshot,"As of 2026-04-17, broad US credit conditions were summarized from independent market and lending channels. The Baa-minus-Treasury spread was 1.72 percentage points (unchanged over the latest week), while the Baa-minus-Aaa quality dispersion was 0.62 percentage points. Over four weeks, high-yield credit returned +0.2% relative to investment-grade credit, and investment-grade credit returned +1.6% relative to short Treasuries. High-yield drawdown from its 13-week peak was 0.6%, with 13-week annualized volatility of 4.5%. The Federal Reserve credit-conditions index was -0.01 and the St. Louis financial-stress index was -0.75. The latest conservatively lagged bank survey readings showed net tightening of 5.3% for large and middle-market C&I loans and 8.9% for small-firm C&I loans; the business-loan delinquency rate was 1.33%.",Normal,0.9805643655,0.0192252734,0.0001966013,0.0000137598,0.2843438957,0.1266294227,0.4247262866,0.3016759777,conformal,True,False,market observations archived; FRED macro series use downloaded historical vintage
wide-credit-2026-04-24,2026-04-24,current broad US credit-market distress state,current weekly evidence snapshot,"As of 2026-04-24, broad US credit conditions were summarized from independent market and lending channels. The Baa-minus-Treasury spread was 1.70 percentage points (0.02 pp lower over the latest week), while the Baa-minus-Aaa quality dispersion was 0.60 percentage points. Over four weeks, high-yield credit returned +0.4% relative to investment-grade credit, and investment-grade credit returned +1.6% relative to short Treasuries. High-yield drawdown from its 13-week peak was 0.8%, with 13-week annualized volatility of 4.5%. The Federal Reserve credit-conditions index was -0.02 and the St. Louis financial-stress index was -0.67. The latest conservatively lagged bank survey readings showed net tightening of 5.3% for large and middle-market C&I loans and 8.9% for small-firm C&I loans; the business-loan delinquency rate was 1.33%.",Normal,0.9801764902,0.0196088665,0.0002006033,0.0000140399,0.2854524771,0.1008364312,0.4279187697,0.3276022305,calibration,True,False,market observations archived; FRED macro series use downloaded historical vintage
wide-credit-2026-05-01,2026-05-01,current broad US credit-market distress state,current weekly evidence snapshot,"As of 2026-05-01, broad US credit conditions were summarized from independent market and lending channels. The Baa-minus-Treasury spread was 1.69 percentage points (0.01 pp lower over the latest week), while the Baa-minus-Aaa quality dispersion was 0.59 percentage points. Over four weeks, high-yield credit returned +1.1% relative to investment-grade credit, and investment-grade credit returned -0.3% relative to short Treasuries. High-yield drawdown from its 13-week peak was 1.2%, with 13-week annualized volatility of 4.6%. The Federal Reserve credit-conditions index was -0.03 and the St. Louis financial-stress index was -0.67. The latest conservatively lagged bank survey readings showed net tightening of 5.3% for large and middle-market C&I loans and 8.9% for small-firm C&I loans; the business-loan delinquency rate was 1.33%.",Normal,0.9678266469,0.0318205928,0.0003296831,0.0000230772,0.3127847069,0.0918367347,0.5232335270,0.3232838590,calibration,True,False,market observations archived; FRED macro series use downloaded historical vintage
wide-credit-2026-05-08,2026-05-08,current broad US credit-market distress state,current weekly evidence snapshot,"As of 2026-05-08, broad US credit conditions were summarized from independent market and lending channels. The Baa-minus-Treasury spread was 1.65 percentage points (0.04 pp lower over the latest week), while the Baa-minus-Aaa quality dispersion was 0.56 percentage points. Over four weeks, high-yield credit returned +0.2% relative to investment-grade credit, and investment-grade credit returned +0.1% relative to short Treasuries. High-yield drawdown from its 13-week peak was 1.1%, with 13-week annualized volatility of 4.5%. The Federal Reserve credit-conditions index was -0.03 and the St. Louis financial-stress index was -0.76. The latest conservatively lagged bank survey readings showed net tightening of 5.3% for large and middle-market C&I loans and 8.9% for small-firm C&I loans; the business-loan delinquency rate was 1.33%.",Normal,0.9791450070,0.0206289459,0.0002112611,0.0000147860,0.2883002504,0.0689814815,0.5417526030,0.2541666667,conformal,True,False,market observations archived; FRED macro series use downloaded historical vintage
wide-credit-2026-05-15,2026-05-15,current broad US credit-market distress state,current weekly evidence snapshot,"As of 2026-05-15, broad US credit conditions were summarized from independent market and lending channels. The Baa-minus-Treasury spread was 1.62 percentage points (0.03 pp lower over the latest week), while the Baa-minus-Aaa quality dispersion was 0.56 percentage points. Over four weeks, high-yield credit returned +0.5% relative to investment-grade credit, and investment-grade credit returned -1.3% relative to short Treasuries. High-yield drawdown from its 13-week peak was 1.9%, with 13-week annualized volatility of 4.8%. The Federal Reserve credit-conditions index was -0.03 and the St. Louis financial-stress index was -0.74. The latest conservatively lagged bank survey readings showed net tightening of 5.3% for large and middle-market C&I loans and 8.9% for small-firm C&I loans; the business-loan delinquency rate was 1.33%.",Normal,0.9644336944,0.0351749869,0.0003657181,0.0000256006,0.3184921699,0.0642329020,0.6283046058,0.2629390018,conformal,True,False,market observations archived; FRED macro series use downloaded historical vintage
wide-credit-2026-05-22,2026-05-22,current broad US credit-market distress state,current weekly evidence snapshot,"As of 2026-05-22, broad US credit conditions were summarized from independent market and lending channels. The Baa-minus-Treasury spread was 1.57 percentage points (0.05 pp lower over the latest week), while the Baa-minus-Aaa quality dispersion was 0.52 percentage points. Over four weeks, high-yield credit returned +0.4% relative to investment-grade credit, and investment-grade credit returned -0.6% relative to short Treasuries. High-yield drawdown from its 13-week peak was 1.0%, with 13-week annualized volatility of 5.0%. The Federal Reserve credit-conditions index was -0.03 and the St. Louis financial-stress index was -0.76. The latest conservatively lagged bank survey readings showed net tightening of 8.1% for large and middle-market C&I loans and 6.6% for small-firm C&I loans; the business-loan delinquency rate was 1.27%.",Normal,0.9777225757,0.0220356120,0.0002259949,0.0000158175,0.2920091311,0.0438191882,0.5840532237,0.2481549815,test,True,False,market observations archived; FRED macro series use downloaded historical vintage
wide-credit-2026-05-29,2026-05-29,current broad US credit-market distress state,current weekly evidence snapshot,"As of 2026-05-29, broad US credit conditions were summarized from independent market and lending channels. The Baa-minus-Treasury spread was 1.57 percentage points (unchanged over the latest week), while the Baa-minus-Aaa quality dispersion was 0.52 percentage points. Over four weeks, high-yield credit returned -0.4% relative to investment-grade credit, and investment-grade credit returned +0.6% relative to short Treasuries. High-yield drawdown from its 13-week peak was 0.4%, with 13-week annualized volatility of 5.1%. The Federal Reserve credit-conditions index was -0.03 and the St. Louis financial-stress index was -0.68. The latest conservatively lagged bank survey readings showed net tightening of 8.1% for large and middle-market C&I loans and 6.6% for small-firm C&I loans; the business-loan delinquency rate was 1.27%.",Normal,0.9800811452,0.0197031585,0.0002015875,0.0000141088,0.2857217266,0.0446593002,0.5146237433,0.2978821363,test,True,False,market observations archived; FRED macro series use downloaded historical vintage
wide-credit-2026-06-05,2026-06-05,current broad US credit-market distress state,current weekly evidence snapshot,"As of 2026-06-05, broad US credit conditions were summarized from independent market and lending channels. The Baa-minus-Treasury spread was 1.51 percentage points (0.06 pp lower over the latest week), while the Baa-minus-Aaa quality dispersion was 0.53 percentage points. Over four weeks, high-yield credit returned +0.1% relative to investment-grade credit, and investment-grade credit returned -0.4% relative to short Treasuries. High-yield drawdown from its 13-week peak was 1.5%, with 13-week annualized volatility of 4.9%. The Federal Reserve credit-conditions index was -0.03 and the St. Louis financial-stress index was -0.86. The latest conservatively lagged bank survey readings showed net tightening of 8.1% for large and middle-market C&I loans and 6.6% for small-firm C&I loans; the business-loan delinquency rate was 1.27%.",Normal,0.9788377563,0.0209327951,0.0002144401,0.0000150086,0.2891219003,0.0367647059,0.6192039362,0.2113970588,calibration,True,False,market observations archived; FRED macro series use downloaded historical vintage
wide-credit-2026-06-12,2026-06-12,current broad US credit-market distress state,current weekly evidence snapshot,"As of 2026-06-12, broad US credit conditions were summarized from independent market and lending channels. The Baa-minus-Treasury spread was 1.53 percentage points (0.02 pp higher over the latest week), while the Baa-minus-Aaa quality dispersion was 0.49 percentage points. Over four weeks, high-yield credit returned -0.5% relative to investment-grade credit, and investment-grade credit returned +1.1% relative to short Treasuries. High-yield drawdown from its 13-week peak was 0.9%, with 13-week annualized volatility of 4.9%. The Federal Reserve credit-conditions index was -0.03 and the St. Louis financial-stress index was -0.77. The latest conservatively lagged bank survey readings showed net tightening of 8.1% for large and middle-market C&I loans and 6.6% for small-firm C&I loans; the business-loan delinquency rate was 1.27%.",Normal,0.9851962404,0.0146442767,0.0001490516,0.0000104313,0.2691122179,0.0321100917,0.5252265620,0.2500000000,test,True,False,market observations archived; FRED macro series use downloaded historical vintage
wide-credit-2026-06-19,2026-06-19,current broad US credit-market distress state,current weekly evidence snapshot,"As of 2026-06-19, broad US credit conditions were summarized from independent market and lending channels. The Baa-minus-Treasury spread was 1.51 percentage points (0.02 pp lower over the latest week), while the Baa-minus-Aaa quality dispersion was 0.47 percentage points. Over four weeks, high-yield credit returned -0.5% relative to investment-grade credit, and investment-grade credit returned +0.8% relative to short Treasuries. High-yield drawdown from its 13-week peak was 0.8%, with 13-week annualized volatility of 4.8%. The Federal Reserve credit-conditions index was -0.03 and the St. Louis financial-stress index was -0.95. The latest conservatively lagged bank survey readings showed net tightening of 8.1% for large and middle-market C&I loans and 6.6% for small-firm C&I loans; the business-loan delinquency rate was 1.27%.",Normal,0.9885048034,0.0113717674,0.0001153564,0.0000080729,0.2550154669,0.0293040293,0.5361086719,0.1996336996,calibration,True,False,market observations archived; FRED macro series use downloaded historical vintage
wide-credit-2026-06-26,2026-06-26,current broad US credit-market distress state,current weekly evidence snapshot,"As of 2026-06-26, broad US credit conditions were summarized from independent market and lending channels. The Baa-minus-Treasury spread was 1.56 percentage points (0.05 pp higher over the latest week), while the Baa-minus-Aaa quality dispersion was 0.44 percentage points. Over four weeks, high-yield credit returned -0.7% relative to investment-grade credit, and investment-grade credit returned +0.3% relative to short Treasuries. High-yield drawdown from its 13-week peak was 1.0%, with 13-week annualized volatility of 4.8%. The Federal Reserve credit-conditions index was -0.03 and the St. Louis financial-stress index was -0.64. The latest conservatively lagged bank survey readings showed net tightening of 8.1% for large and middle-market C&I loans and 6.6% for small-firm C&I loans; the business-loan delinquency rate was 1.27%.",Normal,0.9618135017,0.0377652190,0.0003937179,0.0000275614,0.3225513792,0.0388482633,0.6029375014,0.3258683729,calibration,True,False,market observations archived; FRED macro series use downloaded historical vintage
wide-credit-2026-07-03,2026-07-03,current broad US credit-market distress state,current weekly evidence snapshot,"As of 2026-07-03, broad US credit conditions were summarized from independent market and lending channels. The Baa-minus-Treasury spread was 1.54 percentage points (0.02 pp lower over the latest week), while the Baa-minus-Aaa quality dispersion was 0.43 percentage points. Over four weeks, high-yield credit returned -0.1% relative to investment-grade credit, and investment-grade credit returned +0.3% relative to short Treasuries. High-yield drawdown from its 13-week peak was 1.2%, with 13-week annualized volatility of 4.3%. The Federal Reserve credit-conditions index was -0.04 and the St. Louis financial-stress index was -0.72. The latest conservatively lagged bank survey readings showed net tightening of 8.1% for large and middle-market C&I loans and 6.6% for small-firm C&I loans; the business-loan delinquency rate was 1.27%.",Normal,0.9829362294,0.0168795222,0.0001721970,0.0000120514,0.2770527311,0.0360401460,0.5400997991,0.2550182482,prompt_validation,True,False,market observations archived; FRED macro series use downloaded historical vintage
wide-credit-2026-07-10,2026-07-10,current broad US credit-market distress state,current weekly evidence snapshot,"As of 2026-07-10, broad US credit conditions were summarized from independent market and lending channels. The Baa-minus-Treasury spread was 1.58 percentage points (0.04 pp higher over the latest week), while the Baa-minus-Aaa quality dispersion was 0.42 percentage points. Over four weeks, high-yield credit returned +1.2% relative to investment-grade credit, and investment-grade credit returned -1.2% relative to short Treasuries. High-yield drawdown from its 13-week peak was 1.2%, with 13-week annualized volatility of 4.2%. The Federal Reserve credit-conditions index was -0.04 and the St. Louis financial-stress index was -0.88. The latest conservatively lagged bank survey readings showed net tightening of 8.1% for large and middle-market C&I loans and 6.6% for small-firm C&I loans; the business-loan delinquency rate was 1.27%.",Normal,0.9885036413,0.0113729168,0.0001153682,0.0000080737,0.2550210912,0.0487249545,0.5364658237,0.1798724954,test,True,False,market observations archived; FRED macro series use downloaded historical vintage
wide-credit-2026-07-17,2026-07-17,current broad US credit-market distress state,current weekly evidence snapshot,"As of 2026-07-17, broad US credit conditions were summarized from independent market and lending channels. The Baa-minus-Treasury spread was 1.59 percentage points (0.01 pp higher over the latest week), while the Baa-minus-Aaa quality dispersion was 0.42 percentage points. Over four weeks, high-yield credit returned +1.3% relative to investment-grade credit, and investment-grade credit returned -1.6% relative to short Treasuries. High-yield drawdown from its 13-week peak was 1.0%, with 13-week annualized volatility of 3.7%. The Federal Reserve credit-conditions index was -0.05 and the St. Louis financial-stress index was -0.70. The latest conservatively lagged bank survey readings showed net tightening of 8.1% for large and middle-market C&I loans and 6.6% for small-firm C&I loans; the business-loan delinquency rate was 1.27%.",Normal,0.9854445050,0.0143987257,0.0001465154,0.0000102538,0.2681681674,0.0531818182,0.5045045023,0.2468181818,calibration,True,False,market observations archived; FRED macro series use downloaded historical vintage
