,SPY,QQQ,IWM,HYG,LQD,TLT,SHY,SGOV
2016-01-04,100.0,101.28,96.24,46.07,79.0,90.82,68.84,100.0
2016-01-05,100.16949152542371,101.1,96.45,46.15,79.05,90.45,68.8,100.0
2016-01-06,98.90707188778491,100.13,94.98,46.15,79.36,91.67,68.84,100.0
2016-01-07,96.53419053185269,97.0,92.42,45.85,79.42,91.84,68.87,100.0
2016-01-08,95.47632963179427,96.2,90.85,45.73,79.48,92.25,68.91,100.0
2016-01-11,95.56984219754528,96.5,90.45,45.66,79.23,91.24,68.94,100.0
2016-01-12,96.34132086499122,97.62,90.72,45.71,79.41,92.55,68.95,100.0
2016-01-13,93.9392168322618,94.25,87.81,45.2,79.65,93.47,68.99,100.0
2016-01-14,95.47632963179426,96.26,89.03,45.4,79.25,92.59,69.0,100.0
2016-01-15,93.43074225599062,93.27,87.58,44.81,79.14,94.04,69.06,100.0
2016-01-19,93.55347749853883,93.47,86.4,44.65,78.78,93.74,69.05,100.0
2016-01-20,92.35534774985386,93.18,86.76,44.35,78.9,94.73,69.1,100.0
2016-01-21,92.8696668614845,93.28,86.56,44.65,78.67,94.09,69.09,100.0
2016-01-22,94.77498538866158,95.98,88.65,45.34,78.72,93.73,69.07,100.0
2016-01-25,93.34307422559904,94.55,86.71,44.89,78.64,94.24,69.07,100.0
2016-01-26,94.61718293395671,95.4,88.42,45.29,78.86,94.28,69.1,100.0
2016-01-27,93.58854471069547,93.03,87.23,45.22,78.64,94.26,69.12,100.0
2016-01-28,94.07364114552892,94.34,87.23,45.45,78.73,94.39,69.12,100.0
2016-01-29,96.37054354178841,96.31,90.07,45.6,79.14,95.19,69.2,100.0
2016-02-01,96.33547632963177,96.57,89.66,45.33,78.89,94.9,69.16,100.0
2016-02-02,94.59964932787841,94.48,87.72,45.0,79.04,96.66,69.25,100.0
2016-02-03,95.16656925774399,94.03,87.84,45.22,78.84,95.86,69.27,100.0
2016-02-04,95.31268264172998,94.02,88.18,45.08,78.88,96.33,69.28,100.0
2016-02-05,93.5008766803039,90.75,85.76,44.74,78.86,96.44,69.27,100.0
2016-02-08,92.2384570426651,89.36,84.36,44.21,79.27,98.51,69.35,100.0
2016-02-09,92.24430157802456,89.09,83.79,44.05,79.0,98.62,69.33,100.0
2016-02-10,92.16832261835184,89.43,83.83,43.98,79.1,99.49,69.33,100.0
2016-02-11,90.96434833430742,89.3,82.92,43.69,79.36,100.18,69.39,100.0
2016-02-12,92.84044418468733,90.66,84.5,44.34,78.92,98.52,69.31,100.0
2016-02-16,94.40677966101697,92.7,86.5,44.37,78.54,97.48,69.27,100.0
2016-02-17,95.94973699590884,94.8,87.86,44.74,78.52,96.88,69.28,100.0
2016-02-18,95.55815312682643,93.72,87.44,44.79,79.16,98.07,69.34,100.0
2016-02-19,95.51139684395092,94.0,87.87,44.87,79.11,98.15,69.28,100.0
2016-02-22,96.89655172413794,95.52,88.87,45.26,79.27,98.1,69.28,100.0
2016-02-23,95.6750438340152,93.95,88.04,45.17,79.43,98.5,69.29,100.0
2016-02-24,96.10753945061367,94.85,88.89,45.24,79.5,98.3,69.31,100.0
2016-02-25,97.27644652250147,95.78,89.7,45.48,79.95,98.66,69.33,100.0
2016-02-26,97.04850964348336,95.66,90.27,45.79,79.92,97.7,69.24,100.0
2016-02-29,96.18351841028638,94.8,89.87,46.28,79.98,98.13,69.28,100.0
2016-03-01,98.55055523085916,97.85,91.8,47.01,79.54,96.4,69.18,100.0
2016-03-02,98.9947399181765,97.88,92.75,46.69,79.7,96.8,69.18,100.0
2016-03-03,99.38047925189947,97.7,93.72,46.85,80.08,97.15,69.2,100.0
2016-03-04,99.70777323202805,97.74,94.23,46.98,80.06,96.53,69.15,100.0
2016-03-07,99.78375219170076,97.13,95.26,47.04,80.15,96.5,69.1,100.0
2016-03-08,98.69666861484512,96.33,92.96,46.71,80.58,97.57,69.15,100.0
2016-03-09,99.18760958503799,96.95,93.43,46.83,80.49,96.97,69.13,100.0
2016-03-10,99.26358854471069,96.8,92.67,47.15,80.82,96.58,69.12,100.0
2016-03-11,100.86499123319696,98.49,94.65,47.72,81.05,95.6,69.05,100.0
2016-03-14,100.73641145528931,98.66,94.41,47.59,81.29,95.9,69.05,100.0
2016-03-15,100.572764465225,98.62,92.94,47.15,81.26,95.99,69.08,100.0
2016-03-16,101.15721800116889,99.5,93.59,47.46,81.65,96.28,69.22,100.0
2016-03-17,101.7942723553477,99.45,95.03,47.76,81.9,96.67,69.21,100.0
2016-03-18,102.28497954412619,99.6,95.89,47.87,82.09,96.88,69.23,100.0
2016-03-21,102.4319745135791,99.99,95.68,47.82,81.99,96.13,69.22,100.0
2016-03-22,102.37317652579793,100.3,95.54,47.69,81.84,96.11,69.18,100.0
2016-03-23,101.69699966631447,99.47,93.78,47.47,82.25,97.2,69.22,100.0
2016-03-24,101.65584107486765,99.5,94.06,47.26,82.22,97.24,69.18,100.0
2016-03-28,101.71463906264881,99.36,94.17,47.05,82.27,97.36,69.2,100.0
2016-03-29,102.65540686714756,100.96,96.79,47.23,82.64,98.38,69.33,100.0
2016-03-30,103.10815137306257,101.45,96.8,47.4,82.54,97.35,69.34,100.0
2016-03-31,102.85532002560353,101.3,97.07,47.46,82.87,98.04,69.37,100.0
2016-04-01,103.55501608019948,102.38,97.5,47.5,83.13,98.3,69.33,100.0
2016-04-04,103.2198675498468,101.99,96.68,47.38,83.14,98.36,69.38,100.0
2016-04-05,102.1909027636763,101.0,95.55,47.2,83.41,99.43,69.41,100.0
2016-04-06,103.30806453151855,102.66,96.64,47.6,83.34,98.71,69.38,100.0
2016-04-07,102.06742698933584,101.19,95.37,47.37,83.56,99.93,69.42,100.0
2016-04-08,102.34377753190734,101.11,95.74,47.58,83.37,99.3,69.42,100.0
2016-04-11,102.10270578200453,100.74,95.44,47.65,83.36,99.17,69.41,100.0
2016-04-12,103.05523318405952,101.59,96.46,47.93,83.04,98.48,69.4,100.0
2016-04-13,104.09595756778623,102.89,98.54,48.24,83.32,98.83,69.36,100.0
2016-04-14,104.10183736656435,102.9,98.42,48.22,83.27,98.36,69.36,100.0
2016-04-15,103.984241391002,102.64,98.67,48.15,83.62,99.2,69.41,100.0
2016-04-18,104.71921623826663,103.18,99.41,48.42,83.71,98.77,69.41,100.0
2016-04-19,105.04848496984121,102.55,99.49,48.63,83.86,98.46,69.38,100.0
2016-04-20,105.14844154906922,102.64,99.64,48.72,83.63,97.38,69.33,100.0
2016-04-21,104.58398086636997,102.64,99.14,48.57,83.59,96.8,69.32,100.0
2016-04-22,104.58398086636997,101.1,100.12,48.67,83.69,96.55,69.32,100.0
2016-04-25,104.40170710424835,101.1,99.41,48.49,83.49,96.15,69.3,100.0
2016-04-26,104.55458187247937,100.6,100.41,48.66,83.45,95.72,69.28,100.0
2016-04-27,104.77213442726972,99.8,100.74,48.94,83.99,96.67,69.33,100.0
2016-04-28,103.81960702521474,98.59,99.59,48.86,84.06,97.07,69.37,100.0
2016-04-29,103.2610261412936,98.07,98.69,48.94,84.15,97.32,69.4,100.0
2016-05-02,104.08419797022998,99.0,99.57,48.94,84.07,96.34,69.37,100.0
2016-05-03,103.17870895839994,98.08,97.94,48.64,84.19,97.55,69.45,100.0
2016-05-04,102.60248867814445,97.45,97.13,48.46,84.05,98.09,69.44,100.0
2016-05-05,102.57896948303198,97.42,96.74,48.42,84.22,98.74,69.46,100.0
2016-05-06,102.95527660483145,97.94,97.31,48.39,84.04,98.32,69.45,100.0
2016-05-09,103.04347358650321,98.22,97.6,48.3,83.95,98.63,69.48,100.0
2016-05-10,104.32526972013274,99.56,98.58,48.72,84.09,98.64,69.49,100.0
2016-05-11,103.3492231229653,98.67,97.36,48.68,84.19,99.19,69.47,100.0
2016-05-12,103.3786221168559,98.23,96.84,48.76,84.01,98.74,69.43,100.0
2016-05-13,102.47313310502587,97.87,96.2,48.54,84.16,99.7,69.44,100.0
2016-05-16,103.48445849486201,99.09,97.42,48.81,83.88,98.84,69.4,100.0
2016-05-17,102.52017149525079,97.85,95.88,48.71,83.86,99.01,69.38,100.0
2016-05-18,102.54957048914137,98.2,96.38,48.72,83.14,97.6,69.26,100.0
2016-05-19,102.19678256245435,97.69,95.6,48.58,83.34,98.02,69.27,100.0
2016-05-20,102.84356042804721,98.77,97.21,48.75,83.39,98.09,69.3,100.0
2016-05-23,102.7024452573724,98.64,97.1,48.76,83.39,98.31,69.29,100.0
2016-05-24,104.03127978122689,100.61,99.1,49.06,83.25,97.88,69.24,100.0
2016-05-25,104.73685563460093,101.34,99.67,49.13,83.4,97.51,69.28,100.0
2016-05-26,104.76625462849154,101.63,99.56,48.99,83.64,98.01,69.32,100.0
2016-05-27,105.21899913440653,102.16,100.54,49.07,83.58,97.87,69.28,100.0
2016-05-31,105.01908597595056,102.36,100.9,49.03,83.72,98.1,69.31,100.0
2016-06-01,105.23075873196277,102.37,101.59,49.1,83.78,98.5,69.27,100.0
2016-06-02,105.55414766475921,102.58,102.37,49.12,83.95,99.21,69.32,100.0
2016-06-03,105.23663853074088,102.1,101.75,49.2,84.63,100.62,69.44,100.0
2016-06-06,105.77170021954956,102.47,102.85,49.42,84.42,99.87,69.42,100.0
2016-06-07,105.93633458533682,102.21,103.15,49.64,84.55,100.12,69.44,100.0
2016-06-08,106.28324271324574,102.38,103.91,49.83,84.83,100.65,69.45,100.0
2016-06-09,106.13624774379282,102.22,103.25,49.63,84.95,101.3,69.47,100.0
2016-06-10,105.1308021527348,101.06,101.84,49.39,85.05,101.79,69.51,100.0
2016-06-13,104.31938992135461,100.21,100.68,49.06,84.92,102.25,69.53,100.0
2016-06-14,104.11947676289866,100.21,100.45,48.9,84.73,102.17,69.54,100.0
2016-06-15,103.97248179344571,99.93,100.52,48.92,85.05,102.56,69.62,100.0
2016-06-16,104.28411112868592,100.22,100.51,48.95,85.17,103.06,69.58,100.0
2016-06-17,104.53014542875745,99.05,100.08,48.98,84.92,102.42,69.56,100.0
2016-06-20,105.19861777926394,99.67,101.17,49.27,84.83,101.32,69.54,100.0
2016-06-21,105.50031768966952,99.99,100.97,49.46,84.74,100.86,69.49,100.0
2016-06-22,105.32876283865458,99.75,100.58,49.5,84.89,101.02,69.52,100.0
2016-06-23,106.70120164677408,101.17,102.5,49.87,84.81,99.87,69.49,100.0
2016-06-24,102.86783807926784,97.0,98.6,49.05,85.21,102.55,69.63,100.0
2016-06-27,101.02806019424557,95.08,95.37,48.34,85.57,105.11,69.7,100.0
2016-06-28,102.85009102571459,97.16,96.84,48.95,86.04,105.33,69.72,100.0
2016-06-29,104.60113364297048,98.88,99.04,49.56,85.98,104.52,69.7,100.0
2016-06-30,106.02681361174979,100.03,100.89,49.9,86.31,104.9,69.73,100.0
2016-07-01,106.25160962342457,100.53,101.25,50.0,86.77,106.36,69.76,100.0
2016-07-05,105.48257063611621,99.91,99.75,49.72,87.06,107.69,69.79,100.0
2016-07-06,106.11554887951615,100.73,100.48,49.94,87.22,107.87,69.76,100.0
2016-07-07,106.05047634982083,101.03,100.77,50.0,87.23,107.86,69.72,100.0
2016-07-08,107.62996411606183,102.59,103.04,50.67,87.72,108.65,69.72,100.0
2016-07-11,108.00856792519824,103.18,104.23,50.7,87.49,107.7,69.65,100.0
2016-07-12,108.79535396605984,103.7,105.62,50.84,87.0,105.93,69.63,100.0
2016-07-13,108.77760691250656,103.45,105.21,50.69,87.34,107.18,69.64,100.0
2016-07-14,109.38692241783548,104.15,105.31,50.79,87.13,105.62,69.6,100.0
2016-07-15,109.23903030489157,103.99,105.6,50.69,86.79,104.71,69.57,100.0
2016-07-18,109.5348145307794,104.68,105.78,50.86,86.79,104.61,69.61,100.0
2016-07-19,109.42241652494202,104.29,105.25,50.73,86.95,105.2,69.62,100.0
2016-07-20,109.87792423280929,105.51,105.94,50.86,86.93,104.63,69.58,100.0
2016-07-21,109.45791063204857,105.27,105.44,50.78,87.02,104.84,69.63,100.0
2016-07-22,109.95482813154011,105.71,106.22,51.01,86.96,105.02,69.61,100.0
2016-07-25,109.65312822113454,105.72,106.09,50.77,86.91,104.95,69.56,100.0
2016-07-26,109.70636938179432,105.84,106.57,50.57,86.84,105.11,69.57,100.0
2016-07-27,109.5880556914392,106.57,106.87,50.73,87.2,106.42,69.62,100.0
2016-07-28,109.71820075082985,106.95,106.6,50.51,87.11,106.23,69.61,100.0
2016-07-29,109.89567128636257,107.18,106.81,50.56,87.43,107.11,69.7,100.0
2016-08-01,109.80102033407849,107.75,106.9,50.05,86.71,105.76,69.63,100.0
2016-08-02,109.09705387646544,106.93,105.41,49.98,86.22,104.67,69.61,100.0
2016-08-03,109.41650084042432,107.28,106.3,50.2,86.34,104.73,69.62,100.0
2016-08-04,109.53481453077943,107.59,106.36,50.52,86.7,105.51,69.67,100.0
2016-08-05,110.42808289296065,108.62,107.9,50.64,86.35,104.42,69.57,100.0
2016-08-08,110.36301036326535,108.5,107.84,50.84,86.41,104.61,69.54,100.0
2016-08-09,110.42808289296066,108.75,107.96,51.02,86.92,105.64,69.58,100.0
2016-08-10,110.15596140514387,108.47,107.18,50.93,87.16,106.05,69.62,100.0
2016-08-11,110.67062595818868,108.94,107.69,51.05,86.86,105.11,69.55,100.0
2016-08-12,110.57005932138682,109.01,107.8,51.09,87.27,105.99,69.6,100.0
2016-08-15,110.88950628534566,109.48,108.87,51.24,87.0,104.99,69.58,100.0
2016-08-16,110.31568488712328,108.87,107.99,51.14,86.84,104.71,69.56,100.0
2016-08-17,110.52864952976253,109.07,107.65,51.21,87.08,105.34,69.56,100.0
2016-08-18,110.77119259499055,109.09,108.46,51.41,87.29,105.51,69.61,100.0
2016-08-19,110.61146911301111,109.07,108.46,51.26,87.03,104.95,69.54,100.0
2016-08-22,110.60555342849337,109.15,108.71,51.18,87.33,105.84,69.55,100.0
2016-08-23,110.83034944016809,109.34,109.47,51.35,87.43,105.95,69.56,100.0
2016-08-24,110.26244372646347,108.64,108.58,51.21,87.37,105.7,69.54,100.0
2016-08-25,110.18553982773265,108.46,108.79,51.3,87.29,105.3,69.52,100.0
2016-08-26,109.97849086961118,108.62,108.57,51.24,87.01,104.69,69.45,100.0
2016-08-29,110.52273384524479,108.77,109.13,51.5,87.51,106.09,69.49,100.0
2016-08-30,110.33934762519434,108.41,109.35,51.52,87.39,105.68,69.5,100.0
2016-08-31,110.02581634575324,108.3,108.72,51.33,87.36,105.83,69.49,100.0
2016-09-01,110.03173203027099,108.58,108.81,51.43,87.36,105.95,69.53,100.0
2016-09-02,110.52864952976256,108.94,109.85,51.66,87.2,105.08,69.53,100.0
2016-09-06,110.85992786275692,109.61,109.95,51.72,87.51,105.85,69.58,100.0
2016-09-07,110.84809649372139,109.68,110.64,51.58,87.39,105.77,69.58,100.0
2016-09-08,110.5996377439756,109.04,110.42,51.48,86.77,104.45,69.53,100.0
2016-09-09,107.94941108002067,106.29,106.97,50.99,86.12,102.73,69.5,100.0
2016-09-12,109.49932042367287,108.2,108.46,51.17,86.13,102.78,69.53,100.0
2016-09-13,107.92574834194966,107.23,106.37,50.77,85.82,101.61,69.5,100.0
2016-09-14,107.87250718128985,107.75,106.38,50.77,85.9,101.76,69.54,100.0
2016-09-15,108.95507744803929,109.42,107.65,51.06,85.96,101.32,69.6,100.0
2016-09-16,109.17518232189146,109.37,107.46,51.07,86.06,102.14,69.57,100.0
2016-09-19,109.19898461814081,108.89,108.24,51.1,86.03,101.81,69.55,100.0
2016-09-20,109.22278691439023,109.1,107.76,51.04,86.14,102.17,69.54,100.0
2016-09-21,110.41290172685976,110.17,109.35,51.47,86.58,102.99,69.55,100.0
2016-09-22,111.13292118840381,111.05,110.9,51.64,86.93,103.81,69.54,100.0
2016-09-23,110.53786378216905,110.34,110.13,51.58,86.87,103.71,69.58,100.0
2016-09-26,109.60362365438047,109.41,109.02,51.35,87.0,104.37,69.62,100.0
2016-09-27,110.29984081967517,110.5,109.46,51.5,87.22,105.14,69.63,100.0
2016-09-28,110.84134305934879,110.68,110.28,51.85,87.27,104.91,69.62,100.0
2016-09-29,109.88925120937316,109.88,108.71,51.65,87.24,105.18,69.64,100.0
2016-09-30,110.70447985591478,110.7,109.89,51.88,87.08,104.24,69.59,100.0
2016-10-03,110.41290172685976,110.54,109.5,51.84,86.84,103.89,69.58,100.0
2016-10-04,109.83569604281203,110.37,108.99,51.76,86.45,102.68,69.52,100.0
2016-10-05,110.35339598623625,110.77,109.69,51.89,86.34,102.2,69.48,100.0
2016-10-06,110.44265459717148,110.71,109.55,51.92,86.35,101.63,69.48,100.0
2016-10-07,110.0320649868695,110.47,108.65,52.04,86.55,101.7,69.5,100.0
2016-10-10,110.56761665248081,111.17,109.92,52.19,86.55,101.1,69.47,100.0
2016-10-11,109.21683634032789,109.58,107.92,51.89,86.28,100.87,69.46,100.0
2016-10-12,109.33584782157484,109.49,107.87,51.87,86.4,100.97,69.46,100.0
2016-10-13,109.02641797033277,109.1,107.01,51.75,86.61,101.35,69.49,100.0
2016-10-14,109.02046739627042,109.23,106.53,51.85,86.2,99.93,69.47,100.0
2016-10-17,108.69913639690365,108.93,106.46,51.8,86.49,100.57,69.53,100.0
2016-10-18,109.33584782157486,109.9,106.97,52.01,86.7,100.89,69.55,100.0
2016-10-19,109.6155248025052,109.89,107.45,52.16,86.81,100.98,69.55,100.0
2016-10-20,109.45485930282182,109.76,107.17,52.16,86.79,101.08,69.52,100.0
2016-10-21,109.44890872875948,110.17,107.11,52.17,86.84,101.23,69.53,100.0
2016-10-24,109.9428063759343,111.47,107.79,52.2,86.59,100.82,69.51,100.0
2016-10-25,109.6036236543805,111.11,106.98,52.17,86.52,101.06,69.51,100.0
2016-10-26,109.37750184001129,110.39,105.95,51.96,86.16,100.36,69.49,100.0
2016-10-27,109.0799731368939,109.89,104.68,51.77,85.77,99.28,69.5,100.0
2016-10-28,108.73483984127772,109.22,104.44,51.53,85.67,99.05,69.5,100.0
2016-10-31,108.76459271158944,109.09,104.82,51.37,85.75,99.67,69.55,100.0
2016-11-01,107.97911693535957,108.27,103.56,51.17,85.64,99.68,69.55,100.0
2016-11-02,107.3067020663143,107.4,102.26,50.94,85.76,100.11,69.59,100.0
2016-11-03,106.86040901163823,106.34,101.71,50.95,85.6,99.32,69.6,100.0
2016-11-04,106.71759523414188,105.97,102.39,50.97,85.86,100.23,69.63,100.0
2016-11-07,109.06807198876918,108.5,104.85,51.69,85.8,99.37,69.6,100.0
2016-11-08,109.53816733969465,109.2,105.16,51.58,85.61,98.98,69.53,100.0
2016-11-09,110.7223315781018,109.69,108.41,51.21,84.35,94.81,69.44,100.0
2016-11-10,111.00795913309452,107.93,110.17,50.54,84.28,93.38,69.41,100.0
2016-11-11,110.7580350224759,107.98,112.7,50.07,83.94,92.84,69.41,100.0
2016-11-14,110.81754076309937,106.89,114.27,50.44,83.48,92.33,69.31,100.0
2016-11-15,111.68037400213979,108.37,114.56,51.11,83.74,92.75,69.33,100.0
2016-11-16,111.51970850245641,109.02,114.67,50.9,83.86,93.59,69.32,100.0
2016-11-17,112.03145787181829,109.8,115.27,50.76,83.33,92.2,69.31,100.0
2016-11-18,111.79343490932439,109.39,115.85,50.76,82.86,91.95,69.27,100.0
2016-11-21,112.63246585211539,110.53,116.43,51.17,82.94,92.17,69.27,100.0
2016-11-22,112.86453824054693,110.89,117.48,51.56,83.14,92.11,69.25,100.0
2016-11-23,112.93594512929512,110.42,118.19,51.36,82.85,91.79,69.21,100.0
2016-11-25,113.35248531365947,110.77,118.59,51.42,82.88,91.92,69.2,100.0
2016-11-28,112.85263709242226,110.53,117.14,51.42,83.23,92.6,69.24,100.0
2016-11-29,113.02520374023032,110.91,117.03,51.35,83.35,92.94,69.25,100.0
2016-11-30,112.77527962961173,109.56,116.48,51.38,83.0,91.49,69.22,100.0
2016-12-01,112.3468382971227,107.67,115.82,51.14,82.58,90.62,69.19,100.0
2016-12-02,112.37659116743444,107.88,115.8,51.43,82.95,91.17,69.26,100.0
2016-12-05,113.05495661054206,108.72,117.83,51.59,83.13,91.08,69.26,100.0
2016-12-06,113.4238922024076,108.98,119.07,51.83,83.12,91.03,69.25,100.0
2016-12-07,114.8996345698698,110.36,120.19,52.09,83.47,91.8,69.27,100.0
2016-12-08,115.19716327298717,110.57,122.12,52.09,83.13,90.75,69.26,100.0
2016-12-09,115.91718273453124,111.44,122.37,52.11,82.8,89.56,69.26,100.0
2016-12-12,115.75651723484785,110.91,121.05,52.04,82.73,89.75,69.23,100.0
2016-12-13,116.50628956670366,112.32,121.04,52.17,82.91,90.09,69.22,100.0
2016-12-14,115.58395058703978,112.05,119.59,51.77,82.38,89.06,69.09,100.0
2016-12-15,116.0361942157782,112.29,120.5,51.8,82.44,89.51,69.06,100.0
2016-12-16,116.62466433652594,111.86,120.24,51.85,82.38,89.27,69.09,100.0
2016-12-19,116.85832106667719,112.31,121.02,51.99,82.78,90.26,69.13,100.0
2016-12-20,117.3136521305617,112.73,122.02,52.05,82.73,89.81,69.13,100.0
2016-12-21,117.00810102190235,112.64,121.25,52.14,82.98,90.21,69.17,100.0
2016-12-22,116.82836507563215,112.34,120.21,52.25,83.0,90.03,69.18,100.0
2016-12-23,116.96616263443931,112.43,120.85,52.35,83.12,90.26,69.18,100.0
2016-12-27,117.24774895026262,112.99,121.39,52.3,82.97,89.94,69.15,100.0
2016-12-28,116.30713083144857,112.11,120.12,52.23,83.28,90.6,69.17,100.0
2016-12-29,116.2532100475675,111.96,120.28,52.3,83.6,90.92,69.25,100.0
2016-12-30,115.83382617293705,110.83,119.81,52.32,83.73,91.06,69.27,100.0
2017-01-03,116.67259392219802,111.79,120.41,52.54,83.81,91.45,69.22,100.0
2017-01-04,117.39153770727884,112.41,122.41,52.82,84.09,91.83,69.23,100.0
2017-01-05,117.29567853593473,113.01,120.97,52.75,84.54,93.24,69.28,100.0
2017-01-06,117.76898319444624,113.97,120.55,52.73,84.1,92.38,69.22,100.0
2017-01-09,117.39153770727881,114.4,119.75,52.72,84.26,93.14,69.28,100.0
2017-01-10,117.3675729144428,114.66,120.89,52.73,84.21,93.08,69.26,100.0
2017-01-11,117.65515042847512,114.96,121.12,52.76,84.34,93.37,69.29,100.0
2017-01-12,117.40352010369686,114.79,120.17,52.77,84.33,93.17,69.31,100.0
2017-01-13,117.66114162668416,115.2,121.04,52.79,84.16,92.71,69.28,100.0
2017-01-17,117.2657225448897,114.83,119.36,52.73,84.52,93.7,69.33,100.0
2017-01-18,117.50537047324998,115.07,119.79,52.78,83.97,92.5,69.27,100.0
2017-01-19,117.12193378787354,115.01,118.81,52.61,83.68,91.87,69.24,100.0
2017-01-20,117.50537047324995,115.26,119.38,52.71,83.83,91.69,69.28,100.0
2017-01-23,117.20581056279961,115.36,118.93,52.71,84.22,92.59,69.35,100.0
2017-01-24,117.94871914071648,116.14,120.68,52.75,83.97,91.96,69.31,100.0
2017-01-25,118.9612316380386,117.3,121.93,52.94,83.65,90.81,69.29,100.0
2017-01-26,118.84739887206747,117.42,121.4,52.91,83.74,91.1,69.3,100.0
2017-01-27,118.66766292579727,117.65,120.97,52.96,83.85,91.46,69.33,100.0
2017-01-30,117.94871914071645,116.75,119.31,52.85,83.7,91.14,69.33,100.0
2017-01-31,117.9007895550444,116.5,120.07,52.8,83.85,91.79,69.35,100.0
2017-02-01,117.97268393355247,117.31,120.15,52.99,83.74,91.23,69.32,100.0
2017-02-02,118.03858711385156,117.21,119.75,53.02,83.77,91.19,69.35,100.0
2017-02-03,118.85339007027649,117.54,121.55,53.12,83.86,91.16,69.32,100.0
2017-02-06,118.66167172758828,117.68,120.64,53.08,84.13,91.72,69.4,100.0
2017-02-07,118.65568052937927,118.11,120.14,53.0,84.27,92.38,69.38,100.0
2017-02-08,118.79946928639542,118.3,119.91,53.04,84.57,93.63,69.45,100.0
2017-02-09,119.48845708043119,118.75,121.61,53.11,84.23,92.57,69.39,100.0
2017-02-10,119.96176173894273,119.13,122.55,53.15,84.21,92.5,69.38,100.0
2017-02-13,120.57885515447042,119.8,122.87,53.22,84.17,92.18,69.36,100.0
2017-02-14,121.11207179507204,120.2,123.26,53.26,83.97,91.55,69.32,100.0
2017-02-15,121.72916521059976,120.91,123.98,53.28,83.91,91.15,69.29,100.0
2017-02-16,121.65127963388267,120.88,123.63,53.24,84.14,91.61,69.32,100.0
2017-02-17,121.80705078731684,121.4,123.58,53.29,84.36,92.18,69.37,100.0
2017-02-21,122.53198577060667,122.01,124.51,53.47,84.39,92.01,69.38,100.0
2017-02-22,122.45410019388956,122.03,123.99,53.49,84.46,92.17,69.4,100.0
2017-02-23,122.53198577060667,121.59,123.25,53.54,84.67,92.44,69.43,100.0
2017-02-24,122.69973932045886,121.82,123.14,53.58,85.1,93.46,69.46,100.0
2017-02-27,122.86749287031104,121.97,124.37,53.65,84.9,92.91,69.41,100.0
2017-02-28,122.5619417616517,121.59,122.39,53.61,84.96,93.25,69.37,100.0
2017-03-01,124.23947726017362,122.93,124.71,53.8,84.46,91.69,69.32,100.0
2017-03-02,123.49656868225676,122.32,123.25,53.63,84.33,91.39,69.24,100.0
2017-03-03,123.56247186255584,122.53,123.12,53.66,84.42,91.59,69.26,100.0
2017-03-06,123.22696476285147,122.26,122.32,53.48,84.26,91.19,69.28,100.0
2017-03-07,122.81956328463902,122.05,121.52,53.14,83.85,90.89,69.25,100.0
2017-03-08,122.60987134732378,122.25,120.71,52.79,83.59,90.4,69.19,100.0
2017-03-09,122.7296953115039,122.36,120.23,52.65,83.14,89.67,69.19,100.0
2017-03-10,123.1610615825524,122.88,120.76,52.65,83.34,89.97,69.23,100.0
2017-03-13,123.2329559610605,123.08,121.09,52.67,83.06,89.42,69.19,100.0
2017-03-14,122.78960729359399,122.77,120.47,52.52,83.14,89.85,69.19,100.0
2017-03-15,123.79612859270712,123.53,122.3,53.23,83.85,90.91,69.32,100.0
2017-03-16,123.5924278536009,123.46,122.52,53.09,83.73,90.49,69.27,100.0
2017-03-17,124.02566218025095,123.36,122.95,53.1,83.91,91.01,69.3,100.0
2017-03-20,123.83900349845717,123.53,122.46,53.0,84.12,91.45,69.34,100.0
2017-03-21,122.27950031830936,121.65,119.03,52.62,84.33,92.19,69.38,100.0
2017-03-22,122.53239272590089,122.47,119.05,52.75,84.54,92.55,69.39,100.0
2017-03-23,122.36981903530632,122.17,119.67,52.77,84.49,92.43,69.39,100.0
2017-03-24,122.33971279630735,122.41,119.82,52.95,84.57,92.75,69.39,100.0
2017-03-27,122.18316035351258,122.62,120.0,52.9,84.75,93.2,69.42,100.0
2017-03-28,123.06226253228316,123.38,120.95,53.19,84.57,92.57,69.38,100.0
2017-03-29,123.21881497507792,123.93,121.36,53.3,84.85,93.12,69.42,100.0
2017-03-30,123.59213233866544,124.14,122.28,53.55,84.62,92.38,69.41,100.0
2017-03-31,123.28504870087573,124.04,122.53,53.53,84.71,92.62,69.42,100.0
2017-04-03,123.12247501028115,123.99,121.2,53.51,85.09,93.58,69.48,100.0
2017-04-04,123.20075123167855,124.18,121.04,53.52,84.87,93.07,69.46,100.0
2017-04-05,122.80334887689182,123.67,119.65,53.48,84.97,93.35,69.46,100.0
2017-04-06,123.12247501028115,123.74,120.76,53.54,85.05,93.22,69.47,100.0
2017-04-07,123.01409254988478,123.68,120.73,53.52,84.85,92.84,69.38,100.0
2017-04-10,123.08032627568255,123.72,120.97,53.59,85.0,93.27,69.42,100.0
2017-04-11,122.94183757628718,123.19,121.97,53.49,85.4,94.16,69.48,100.0
2017-04-12,122.4782014957027,122.69,120.32,53.53,85.68,94.67,69.53,100.0
2017-04-13,121.65329054713028,122.2,119.11,53.42,85.82,94.96,69.56,100.0
2017-04-17,122.70098766429523,123.22,120.5,53.57,85.66,94.67,69.56,100.0
2017-04-18,122.3336915485075,123.03,120.55,53.56,86.16,95.91,69.61,100.0
2017-04-19,122.13499037111417,123.23,121.01,53.51,85.9,95.39,69.58,100.0
2017-04-20,123.08634752348233,124.26,122.53,53.69,85.78,95.02,69.57,100.0
2017-04-21,122.71303015989483,124.23,122.26,53.65,85.78,95.02,69.6,100.0
2017-04-24,124.0557684192499,125.73,123.77,53.9,85.67,94.55,69.53,100.0
2017-04-25,124.76627565962615,126.64,124.94,54.0,85.33,93.41,69.46,100.0
2017-04-26,124.72412692502755,126.46,125.6,53.95,85.54,93.92,69.49,100.0
2017-04-27,124.80842439422473,127.22,125.6,53.99,85.61,93.89,69.51,100.0
2017-04-28,124.56155323443299,127.44,123.95,53.98,85.72,94.1,69.55,100.0
2017-05-01,124.82648813762411,128.58,124.56,53.99,85.45,93.32,69.5,100.0
2017-05-02,124.89272186342191,128.79,123.97,54.01,85.7,93.8,69.52,100.0
2017-05-03,124.76627565962615,128.38,123.24,54.06,85.66,93.86,69.47,100.0
2017-05-04,124.8806793678223,128.43,123.01,53.77,85.49,93.4,69.47,100.0
2017-05-05,125.37442168740579,128.9,123.79,53.87,85.52,93.48,69.49,100.0
2017-05-08,125.36840043960599,129.18,123.28,53.93,85.37,92.97,69.46,100.0
2017-05-09,125.24797548361002,129.63,123.27,53.89,85.39,92.96,69.43,100.0
2017-05-10,125.47076165220257,129.7,124.01,54.12,85.5,92.86,69.44,100.0
2017-05-11,125.26001797920962,129.6,123.19,54.13,85.54,92.86,69.45,100.0
2017-05-12,125.04325305841687,129.89,122.55,54.11,85.98,93.56,69.53,100.0
2017-05-15,125.66344158179612,130.3,123.44,54.23,85.97,93.3,69.52,100.0
2017-05-16,125.59118660819854,130.85,123.52,54.31,86.09,93.65,69.52,100.0
2017-05-17,123.41149490467147,127.52,120.22,54.07,86.62,95.01,69.6,100.0
2017-05-18,123.84502474625695,128.63,120.6,54.14,86.61,95.12,69.56,100.0
2017-05-19,124.63982945583037,129.18,121.12,54.26,86.66,95.35,69.58,100.0
2017-05-22,125.29012421820862,130.26,122.01,54.4,86.58,95.08,69.56,100.0
2017-05-23,125.56108036919954,130.4,122.4,54.39,86.32,94.44,69.53,100.0
2017-05-24,125.83805776799028,131.0,122.5,54.49,86.45,94.98,69.57,100.0
2017-05-25,126.45222504356973,132.11,122.58,54.44,86.49,95.01,69.57,100.0
2017-05-26,126.44620379576992,132.34,122.52,54.47,86.55,95.17,69.56,100.0
2017-05-30,126.34384258317336,132.46,121.57,54.53,86.76,95.64,69.59,100.0
2017-05-31,126.28363010517536,132.41,121.46,54.52,86.86,95.88,69.6,100.0
2017-06-01,127.27111474434234,132.93,123.79,54.68,86.88,95.89,69.58,100.0
2017-06-02,127.71066583372763,134.44,124.56,54.71,87.28,97.02,69.63,100.0
2017-06-05,127.62034711673064,134.42,123.83,54.66,87.04,96.42,69.58,100.0
2017-06-06,127.24100850534334,133.88,123.7,54.58,87.29,96.95,69.6,100.0
2017-06-07,127.46379467393592,134.41,123.82,54.47,87.18,96.48,69.58,100.0
2017-06-08,127.4939009129349,134.55,125.48,54.51,87.02,96.23,69.56,100.0
2017-06-09,127.38551845253853,131.18,126.13,54.55,86.94,96.08,69.53,100.0
2017-06-12,127.29519973554156,130.48,125.96,54.64,86.97,96.05,69.53,100.0
2017-06-13,127.8852820199218,131.54,126.56,54.74,87.06,96.07,69.53,100.0
2017-06-14,127.77087831172562,130.97,125.85,54.75,87.65,97.55,69.56,100.0
2017-06-15,127.5119646563343,130.39,125.2,54.54,87.44,97.39,69.53,100.0
2017-06-16,128.2544495395257,129.82,124.91,54.45,87.52,97.59,69.57,100.0
2017-06-19,129.32010826480928,131.99,125.78,54.61,87.41,97.45,69.53,100.0
2017-06-20,128.47848006700008,130.96,124.52,54.42,87.6,98.32,69.53,100.0
2017-06-21,128.41187639666987,132.25,124.2,54.11,87.65,98.52,69.54,100.0
2017-06-22,128.35738248458148,132.22,124.68,54.26,87.72,98.74,69.55,100.0
2017-06-23,128.52691909996753,132.72,125.5,54.48,87.76,98.69,69.59,100.0
2017-06-26,128.5814130120559,132.1,125.69,54.55,87.92,99.06,69.59,100.0
2017-06-27,127.58235795710256,129.71,124.58,54.38,87.52,98.0,69.55,100.0
2017-06-28,128.69645571535358,131.58,126.48,54.6,87.62,97.68,69.58,100.0
2017-06-29,127.59446771534442,129.29,125.74,54.47,87.35,96.86,69.54,100.0
2017-06-30,127.80638848457696,129.34,125.59,54.58,87.28,96.64,69.54,100.0
2017-07-03,128.08491292413967,127.98,126.59,54.57,87.09,96.33,69.5,100.0
2017-07-05,128.30894345161408,129.24,126.16,54.53,87.23,96.35,69.52,100.0
2017-07-06,127.16457129775843,128.07,124.49,54.39,87.01,95.55,69.53,100.0
2017-07-07,127.96987022084201,129.45,125.7,54.34,86.94,94.98,69.52,100.0
2017-07-10,128.10307756150243,130.3,125.13,54.4,87.08,95.12,69.56,100.0
2017-07-11,128.0122543746885,130.67,125.51,54.36,87.12,95.28,69.58,100.0
2017-07-12,128.9447057593116,132.22,126.45,54.72,87.5,95.94,69.61,100.0
2017-07-13,129.1929558032697,132.51,126.6,54.77,87.35,95.33,69.59,100.0
2017-07-14,129.77422419887893,133.55,126.79,54.91,87.55,95.45,69.61,100.0
2017-07-17,129.77422419887893,133.62,127.11,54.94,87.63,95.71,69.62,100.0
2017-07-18,129.85899250657192,134.51,126.76,54.96,88.01,96.55,69.64,100.0
2017-07-19,130.53713896811604,135.3,128.06,55.05,87.98,96.59,69.64,100.0
2017-07-20,130.57952312196252,135.48,128.1,55.09,88.06,96.87,69.64,100.0
2017-07-21,130.4705352977858,135.42,127.52,55.04,88.26,97.28,69.67,100.0
2017-07-24,130.4463157813021,136.04,127.72,55.08,88.16,96.9,69.65,100.0
2017-07-25,130.7551146164695,135.69,128.88,55.11,87.64,95.64,69.61,100.0
2017-07-26,130.77933413295327,136.14,128.15,55.19,87.93,95.79,69.66,100.0
2017-07-27,130.6824560670184,135.28,127.36,55.15,87.71,95.32,69.64,100.0
2017-07-28,130.5008096933905,135.17,127.02,55.15,87.94,95.88,69.68,100.0
2017-07-31,130.44631578130213,134.59,126.62,55.15,87.94,96.0,69.67,100.0
2017-08-01,130.71878534174394,134.9,126.85,55.21,88.26,96.67,69.7,100.0
2017-08-02,130.77933413295324,135.27,125.49,55.22,88.13,96.73,69.66,100.0
2017-08-03,130.54924872635794,134.74,124.84,55.13,88.25,97.73,69.69,100.0
2017-08-04,130.7672243747114,134.99,125.45,55.13,87.91,96.9,69.66,100.0
2017-08-07,131.00336466042762,135.84,125.66,55.1,87.92,97.01,69.69,100.0
2017-08-08,130.70062070438118,135.61,125.26,54.86,87.51,96.66,69.69,100.0
2017-08-09,130.70062070438118,135.43,124.19,54.65,87.59,97.19,69.68,100.0
2017-08-10,128.8478276933768,132.53,121.95,54.3,87.56,98.02,69.71,100.0
2017-08-11,129.02947406700466,133.53,122.08,54.4,87.72,98.06,69.8,100.0
2017-08-14,130.2949438032789,135.25,123.93,54.68,87.67,97.56,69.74,100.0
2017-08-15,130.31310844064168,135.35,122.95,54.7,87.56,97.15,69.71,100.0
2017-08-16,130.53713896811607,135.58,122.99,54.71,87.81,97.5,69.75,100.0
2017-08-17,128.5208642208466,132.81,120.75,54.42,87.9,98.23,69.76,100.0
2017-08-18,128.29077881425127,132.71,120.72,54.48,87.84,98.21,69.76,100.0
2017-08-21,128.40582151754893,132.55,120.62,54.54,87.97,98.45,69.77,100.0
2017-08-22,129.7015656494278,134.57,121.94,54.76,87.88,98.07,69.76,100.0
2017-08-23,129.27772411096274,134.09,121.73,54.77,88.21,98.74,69.83,100.0
2017-08-24,128.99919967140002,133.69,122.13,54.85,88.05,98.37,69.76,100.0
2017-08-25,129.2474497153581,133.41,122.47,54.95,88.25,98.75,69.79,100.0
2017-08-28,129.2898338692046,133.82,123.01,54.96,88.25,98.69,69.76,100.0
2017-08-29,129.42909608898597,134.35,123.02,54.89,88.31,99.01,69.8,100.0
2017-08-30,130.0345840010789,135.93,123.79,55.04,88.39,98.98,69.81,100.0
2017-08-31,130.71273046262303,137.39,125.03,55.19,88.54,99.27,69.81,100.0
2017-09-01,130.98520002306483,137.2,125.72,55.24,88.19,98.51,69.8,100.0
2017-09-05,130.10118767140915,135.97,124.54,55.12,88.74,100.07,69.86,100.0
2017-09-06,130.5008096933905,136.38,124.77,55.08,88.42,99.46,69.86,100.0
2017-09-07,130.49475481426956,136.7,124.47,55.09,88.77,100.48,69.9,100.0
2017-09-08,130.3191633197626,135.52,124.56,54.91,88.5,100.26,69.88,100.0
2017-09-11,131.69362088021356,137.08,125.85,55.09,88.23,99.06,69.81,100.0
2017-09-12,132.19012096812978,137.4,126.64,55.16,88.12,98.54,69.78,100.0
2017-09-13,132.23250512197626,137.59,127.02,55.18,88.05,98.16,69.77,100.0
2017-09-14,132.19012096812978,136.78,126.92,55.25,88.27,98.56,69.77,100.0
2017-09-15,133.13744919075302,137.25,127.47,55.3,88.34,98.6,69.77,100.0
2017-09-18,133.39319000328499,137.07,128.31,55.28,88.26,98.03,69.72,100.0
2017-09-19,133.527149476516,137.31,128.29,55.33,88.31,97.79,69.73,100.0
2017-09-20,133.58804014616646,136.89,128.72,55.33,88.2,97.86,69.67,100.0
2017-09-21,133.2287851952287,136.05,128.56,55.26,88.2,97.81,69.66,100.0
2017-09-22,133.25923053005394,135.92,129.12,55.3,88.31,98.09,69.67,100.0
2017-09-25,133.00348971752197,134.48,129.32,55.34,88.64,98.7,69.72,100.0
2017-09-26,133.05220225324237,134.83,129.71,55.41,88.63,98.52,69.7,100.0
2017-09-27,133.56977294527138,136.05,132.24,55.44,88.29,97.04,69.69,100.0
2017-09-28,133.7280886863626,136.0,132.61,55.44,88.42,96.75,69.7,100.0
2017-09-29,134.17259057481107,136.98,132.86,55.52,88.5,96.97,69.68,100.0
2017-10-02,134.76931913738568,137.1,134.53,55.49,88.58,96.79,69.73,100.0
2017-10-03,135.07377248563805,137.39,134.82,55.59,88.78,96.88,69.69,100.0
2017-10-04,135.2381772936943,137.53,134.43,55.54,88.73,96.89,69.83,100.0
2017-10-05,136.04193413308047,138.87,134.76,55.6,88.6,96.52,69.68,100.0
2017-10-06,135.92015279377955,139.06,134.61,55.52,88.53,96.25,69.65,100.0
2017-10-09,135.6705010482126,138.9,134.03,55.53,88.6,96.56,69.65,100.0
2017-10-10,135.9932215973601,139.0,134.39,55.57,88.66,96.71,69.67,100.0
2017-10-11,136.2124280081018,139.42,134.29,55.52,88.62,96.9,69.66,100.0
2017-10-12,136.01148879825524,139.16,134.22,55.45,88.64,97.31,69.65,100.0
2017-10-13,136.15762640541638,139.7,133.99,55.48,88.99,98.01,69.69,100.0
2017-10-16,136.38292188312312,140.18,133.87,55.51,88.86,97.94,69.63,100.0
2017-10-17,136.44990161973865,140.36,133.46,55.59,88.85,98.07,69.64,100.0
2017-10-18,136.58995015993474,140.19,134.09,55.65,88.72,97.42,69.61,100.0
2017-10-19,136.65692989655028,139.67,133.92,55.65,88.85,97.59,69.65,100.0
2017-10-20,137.32672726270542,140.05,134.52,55.71,88.61,96.56,69.61,100.0
2017-10-23,136.83960190550167,139.14,133.52,55.64,88.7,96.73,69.61,100.0
2017-10-24,137.0527192492783,139.37,133.78,55.64,88.48,96.13,69.59,100.0
2017-10-25,136.39510001705324,138.84,133.16,55.49,88.24,95.67,69.58,100.0
2017-10-26,136.48034695456388,138.4,133.42,55.42,88.24,95.35,69.58,100.0
2017-10-27,137.65553687881797,142.43,134.33,55.57,88.5,95.98,69.63,100.0
2017-10-30,137.18058965554428,142.75,132.92,55.55,88.79,96.9,69.66,100.0
2017-10-31,137.35717259753068,143.29,133.88,55.57,88.67,96.93,69.62,100.0
2017-11-01,137.55811180737723,143.24,132.98,55.51,88.81,97.36,69.61,100.0
2017-11-02,137.6190024770277,142.97,133.39,55.48,88.79,97.79,69.63,100.0
2017-11-03,138.06350436547615,144.34,133.27,55.49,88.9,98.06,69.58,100.0
2017-11-06,138.25835450835763,144.83,133.48,55.49,88.92,98.42,69.63,100.0
2017-11-07,138.19746383870716,144.92,131.87,55.34,88.84,98.84,69.59,100.0
2017-11-08,138.41667024944886,145.5,132.05,55.09,88.74,98.62,69.58,100.0
2017-11-09,137.92345582528006,144.74,131.55,54.82,88.49,98.34,69.58,100.0
2017-11-10,137.8747432895597,144.73,131.48,54.94,87.99,96.85,69.55,100.0
2017-11-13,138.00870276279073,144.91,131.5,54.9,88.0,97.06,69.54,100.0
2017-11-14,137.6920712806083,144.38,131.14,54.67,88.02,97.71,69.56,100.0
2017-11-15,136.97965044569779,143.7,130.61,54.67,88.4,98.77,69.53,100.0
2017-11-16,138.11221690119655,145.54,132.51,55.2,88.29,97.91,69.54,100.0
2017-11-17,137.7529619502588,144.99,133.12,55.17,88.4,98.64,69.5,100.0
2017-11-20,137.9721683610005,144.87,134.1,55.18,88.4,98.6,69.48,100.0
2017-11-21,138.85508307093232,146.44,135.52,55.29,88.7,98.91,69.46,100.0
2017-11-22,138.78201426735174,146.62,135.33,55.37,89.04,99.23,69.52,100.0
2017-11-24,139.09255668256915,147.16,135.39,55.42,88.94,98.98,69.52,100.0
2017-11-27,139.01339881202352,147.09,134.96,55.25,88.89,98.82,69.52,100.0
2017-11-28,140.40170608005425,147.47,137.1,55.42,89.01,98.95,69.53,100.0
2017-11-29,140.35299354433386,144.9,137.57,55.35,88.66,97.98,69.51,100.0
2017-11-30,141.49164906679766,146.12,137.81,55.36,88.56,97.65,69.47,100.0
2017-12-01,141.27244265605597,145.49,137.22,55.34,88.83,98.97,69.48,100.0
2017-12-04,141.0897706471046,143.82,136.71,55.33,88.97,99.01,69.44,100.0
2017-12-05,140.6026452899008,143.91,135.36,55.29,89.14,99.51,69.43,100.0
2017-12-06,140.62091249079594,144.56,134.72,55.24,89.31,99.85,69.47,100.0
2017-12-07,141.0532362453143,145.05,135.66,55.27,89.13,99.07,69.48,100.0
2017-12-08,141.82045868291024,145.69,135.81,55.32,89.02,99.08,69.48,100.0
2017-12-11,142.27713870528876,146.82,135.74,55.34,89.09,98.87,69.44,100.0
2017-12-12,142.52679045085569,146.62,135.32,55.31,89.02,98.83,69.44,100.0
2017-12-13,142.49025604906538,146.91,136.11,55.34,89.33,99.58,69.52,100.0
2017-12-14,141.93006188828105,146.8,134.63,55.23,89.49,100.0,69.49,100.0
2017-12-15,143.93417476568786,148.47,136.52,55.24,89.62,100.37,69.46,100.0
2017-12-18,144.85278627123407,149.71,138.38,55.29,89.35,99.46,69.46,100.0
2017-12-19,144.31999159801728,148.83,137.33,55.18,88.9,98.17,69.43,100.0
2017-12-20,144.24037860086995,148.67,137.58,55.22,88.66,97.08,69.42,100.0
2017-12-21,144.47921759231193,148.69,138.16,55.28,88.9,97.65,69.43,100.0
2017-12-22,144.44859720879373,148.52,137.91,55.33,88.97,97.78,69.4,100.0
2017-12-26,144.26487490768446,147.71,137.97,55.42,89.09,98.07,69.4,100.0
2017-12-27,144.37510828835002,147.73,137.86,55.44,89.58,99.35,69.43,100.0
2017-12-28,144.6506917400139,147.91,138.42,55.42,89.52,99.26,69.44,100.0
2017-12-29,144.15464152701892,147.0,137.29,55.5,89.64,99.42,69.45,100.0
2018-01-02,145.14061787630524,149.57,138.53,55.55,89.04,98.35,69.43,100.0
2018-01-03,146.0592293818515,151.03,138.73,55.82,89.2,98.82,69.43,100.0
2018-01-04,146.65326482210475,151.29,139.03,55.91,89.17,98.8,69.4,100.0
2018-01-05,147.63924117139106,152.81,139.36,55.95,89.14,98.52,69.4,100.0
2018-01-08,147.91482462305495,153.4,139.59,55.92,89.14,98.45,69.4,100.0
2018-01-09,148.25164884175524,153.41,139.38,55.73,88.81,97.14,69.37,100.0
2018-01-10,148.00668577360958,153.07,139.39,55.61,88.87,97.02,69.4,100.0
2018-01-11,149.09677142685777,154.1,141.79,55.8,89.09,97.42,69.37,100.0
2018-01-12,150.09499592955135,155.24,142.37,55.7,89.1,97.58,69.36,100.0
2018-01-16,149.61731794666727,154.79,140.61,55.67,89.18,97.99,69.36,100.0
2018-01-17,150.99523520498664,156.46,141.92,55.68,88.94,97.86,69.33,100.0
2018-01-18,150.76252029024826,156.49,140.9,55.62,88.59,96.95,69.31,100.0
2018-01-19,151.4177964975379,156.98,142.79,55.68,88.32,96.44,69.34,100.0
2018-01-22,152.64873591496985,158.66,143.54,55.73,88.24,96.53,69.31,100.0
2018-01-23,152.95493975015194,159.97,144.0,55.88,88.62,96.95,69.35,100.0
2018-01-24,152.8936989831155,158.97,143.11,55.81,88.56,96.43,69.33,100.0
2018-01-25,152.98556013367013,158.88,143.16,55.77,89.01,97.22,69.31,100.0
2018-01-26,154.7492942243189,161.25,143.67,55.82,88.89,96.86,69.27,100.0
2018-01-29,153.71432526140345,160.47,142.88,55.62,88.66,96.18,69.25,100.0
2018-01-30,152.0853208582348,159.21,141.5,55.43,88.36,95.62,69.26,100.0
2018-01-31,152.23842277582582,159.87,140.82,55.52,88.54,96.21,69.26,100.0
2018-02-01,152.11594124175298,158.51,141.22,55.42,88.15,94.8,69.23,100.0
2018-02-02,148.77831943826834,155.35,138.49,55.07,87.7,93.91,69.24,100.0
2018-02-05,142.62362235110854,149.22,133.18,54.76,87.75,94.8,69.36,100.0
2018-02-06,145.29984387059994,153.18,134.71,55.09,87.57,94.21,69.31,100.0
2018-02-07,144.54658243605203,151.2,134.9,54.89,87.33,93.31,69.26,100.0
2018-02-08,139.20026347377294,144.82,131.05,54.41,86.95,93.21,69.27,100.0
2018-02-09,141.3436903200475,147.32,132.15,54.26,86.67,92.62,69.33,100.0
2018-02-12,143.27889855839823,149.93,133.39,54.63,86.67,93.03,69.29,100.0
2018-02-13,143.67083946743128,150.71,133.64,54.45,86.64,93.44,69.29,100.0
2018-02-14,145.62441993589294,153.53,136.11,54.55,86.32,92.41,69.19,100.0
2018-02-15,147.38815402654174,156.38,137.56,54.99,86.73,92.72,69.17,100.0
2018-02-16,147.5106355606146,155.68,138.06,55.21,86.99,93.23,69.19,100.0
2018-02-20,146.58589997836472,155.93,136.9,55.02,86.62,92.82,69.18,100.0
2018-02-21,145.7897700068913,155.55,137.03,54.77,86.15,91.68,69.19,100.0
2018-02-22,145.94899600118598,155.53,136.85,54.81,86.26,91.95,69.19,100.0
2018-02-23,148.31901368549526,158.71,138.62,55.18,86.66,92.77,69.21,100.0
2018-02-26,150.0766236994404,160.81,139.52,55.27,86.77,92.8,69.23,100.0
2018-02-27,148.17203584460788,158.82,137.53,55.13,86.4,92.67,69.17,100.0
2018-02-28,146.56752774825378,157.8,135.43,55.04,86.56,93.26,69.19,100.0
2018-03-01,144.57720281957026,155.23,134.94,54.81,86.47,93.89,69.28,100.0
2018-03-02,145.30596794730363,156.65,137.11,54.99,86.2,93.13,69.25,100.0
2018-03-05,146.95334458058323,158.39,138.33,54.99,86.17,92.88,69.25,100.0
2018-03-06,147.333037336209,159.06,139.85,55.06,86.24,92.96,69.23,100.0
2018-03-07,147.333037336209,159.43,141.11,54.93,86.21,92.86,69.23,100.0
2018-03-08,147.982189466795,160.3,140.8,54.99,86.38,93.4,69.25,100.0
2018-03-09,150.53592945221357,163.42,143.03,55.19,86.08,92.78,69.22,100.0
2018-03-12,150.4195719948444,164.29,143.34,55.1,86.19,93.32,69.25,100.0
2018-03-13,149.43359564555809,162.05,142.71,54.93,86.2,93.79,69.27,100.0
2018-03-14,148.64358975078832,162.02,142.0,54.86,86.39,94.62,69.26,100.0
2018-03-15,148.5211082167155,161.88,141.28,54.9,86.48,94.62,69.27,100.0
2018-03-16,149.3520106957122,161.4,142.05,55.02,86.57,94.28,69.23,100.0
2018-03-19,147.38345301292827,157.95,140.72,54.79,86.29,93.98,69.23,100.0
2018-03-20,147.55570181017188,158.47,140.67,54.9,85.98,93.6,69.21,100.0
2018-03-21,147.26656990051296,157.78,141.48,54.92,85.93,93.7,69.26,100.0
2018-03-22,143.62473818736274,153.89,138.44,54.59,86.08,94.63,69.29,100.0
2018-03-23,140.5242598369781,149.83,135.43,54.45,85.8,94.56,69.31,100.0
2018-03-26,144.40600951771762,155.4,138.35,54.81,86.11,94.2,69.27,100.0
2018-03-27,142.01913332734213,150.37,135.68,54.75,86.42,95.21,69.33,100.0
2018-03-28,141.52084216388744,148.64,135.64,54.73,86.65,95.46,69.33,100.0
2018-03-29,143.47094461839527,151.37,137.03,54.92,87.04,95.92,69.36,100.0
2018-04-02,140.2535831555953,147.0,133.76,54.7,86.99,96.11,69.38,100.0
2018-04-03,142.00067809906605,148.65,135.54,54.86,86.76,95.37,69.34,100.0
2018-04-04,143.66164864391496,151.0,137.3,54.98,86.76,95.17,69.3,100.0
2018-04-05,144.6459274853069,151.86,138.44,55.02,86.79,94.46,69.32,100.0
2018-04-06,141.44086950802435,148.06,135.67,54.9,87.05,95.5,69.38,100.0
2018-04-09,142.05604378389432,149.1,135.84,55.11,87.1,95.66,69.37,100.0
2018-04-10,144.37525080392413,152.39,138.35,55.31,87.12,95.48,69.34,100.0
2018-04-11,143.62473818736277,151.51,138.7,55.33,87.18,95.82,69.34,100.0
2018-04-12,144.81817628255052,153.33,139.65,55.53,86.94,95.12,69.29,100.0
2018-04-13,144.38755428944154,152.54,138.93,55.56,86.97,95.34,69.28,100.0
2018-04-16,145.6179028411815,153.7,140.2,55.64,86.98,95.37,69.27,100.0
2018-04-17,147.1189280743042,157.01,141.72,55.67,86.99,95.63,69.27,100.0
2018-04-18,147.25426641499558,157.33,142.05,55.61,86.54,94.87,69.21,100.0
2018-04-19,146.43608462808854,155.88,141.12,55.44,86.21,94.09,69.21,100.0
2018-04-20,145.23034304738337,153.42,140.36,55.3,85.86,93.42,69.19,100.0
2018-04-23,145.18112910531377,153.03,140.16,55.15,85.83,93.44,69.18,100.0
2018-04-24,143.26178536459946,149.79,139.37,55.04,85.57,93.01,69.19,100.0
2018-04-25,143.58167598805184,149.97,139.15,55.05,85.31,92.39,69.19,100.0
2018-04-26,145.00272856531146,153.12,139.79,55.24,85.56,93.04,69.2,100.0
2018-04-27,145.18728084807245,153.22,139.58,55.22,85.75,93.75,69.22,100.0
2018-04-30,144.07381540874778,152.13,138.33,55.18,85.68,93.92,69.19,100.0
2018-05-01,144.30758163357837,153.87,138.98,55.22,85.45,93.58,69.16,100.0
2018-05-02,143.3294545349451,152.96,139.55,55.2,85.38,93.48,69.19,100.0
2018-05-03,143.0157156542514,152.94,138.79,55.19,85.39,93.9,69.24,100.0
2018-05-04,144.83047976806787,155.85,140.49,55.23,85.51,94.04,69.21,100.0
2018-05-07,145.37183313083344,157.14,141.71,55.28,85.42,93.89,69.21,100.0
2018-05-08,145.35952964531603,156.98,142.42,55.2,85.39,93.8,69.22,100.0
2018-05-09,146.76212699429956,158.69,143.22,55.29,85.37,93.24,69.19,100.0
2018-05-10,148.1401173722483,160.34,143.96,55.45,85.81,93.99,69.19,100.0
2018-05-11,148.49076670949418,160.19,144.21,55.43,85.95,94.23,69.19,100.0
2018-05-14,148.65686376397906,160.46,143.7,55.45,85.8,93.73,69.19,100.0
2018-05-15,147.6110674950001,158.7,143.73,55.17,85.15,92.67,69.15,100.0
2018-05-16,148.22009002811137,159.73,145.19,55.25,85.04,92.31,69.15,100.0
2018-05-17,148.146269115007,159.12,145.88,55.28,84.87,91.84,69.16,100.0
2018-05-18,147.7833162922437,158.29,146.07,55.22,85.22,92.63,69.2,100.0
2018-05-21,148.87832650329224,159.18,147.03,55.3,85.28,92.68,69.2,100.0
2018-05-22,148.45385625294196,158.98,145.97,55.34,85.19,92.54,69.2,100.0
2018-05-23,148.88447824605095,160.32,146.18,55.38,85.55,93.21,69.26,100.0
2018-05-24,148.59534633639205,160.27,146.23,55.41,85.79,93.95,69.3,100.0
2018-05-25,148.25700048466354,160.43,145.95,55.32,86.04,94.54,69.36,100.0
2018-05-29,146.5714229687798,159.72,145.78,55.09,86.5,96.61,69.56,100.0
2018-05-30,148.46000799570064,160.87,148.06,55.26,86.16,95.96,69.47,100.0
2018-05-31,147.49418438258476,160.76,146.82,55.21,86.13,95.8,69.44,100.0
2018-06-01,149.01981658674234,163.29,147.88,55.33,85.97,95.3,69.39,100.0
2018-06-04,149.7149635184754,164.76,148.63,55.45,85.77,94.61,69.33,100.0
2018-06-05,149.87490883020158,165.27,149.53,55.51,85.83,94.83,69.37,100.0
2018-06-06,151.09910563918285,166.23,150.61,55.65,85.51,94.06,69.34,100.0
2018-06-07,151.06219518263063,164.88,149.81,55.67,85.8,94.97,69.41,100.0
2018-06-08,151.52972763229184,164.89,150.25,55.64,85.65,94.69,69.39,100.0
2018-06-11,151.7265834005702,165.34,150.52,55.74,85.57,94.51,69.37,100.0
2018-06-12,151.935742654366,166.21,151.15,55.79,85.58,94.54,69.34,100.0
2018-06-13,151.41284451987653,166.2,150.63,55.81,85.5,94.49,69.3,100.0
2018-06-14,151.7757973426398,167.88,151.39,55.97,85.89,95.27,69.33,100.0
2018-06-15,151.64388429231644,167.29,151.33,55.94,85.77,95.36,69.36,100.0
2018-06-18,151.40274788656745,167.2,152.14,55.93,85.68,95.27,69.38,100.0
2018-06-19,150.7968153798135,166.72,152.19,55.85,85.72,95.83,69.4,100.0
2018-06-20,151.08741566366487,167.91,153.39,55.91,85.24,94.99,69.37,100.0
2018-06-21,150.11668705590603,166.45,151.77,55.79,85.17,95.49,69.41,100.0
2018-06-22,150.40110435499457,166.08,151.4,55.8,85.28,95.48,69.42,100.0
2018-06-25,148.38545132232335,162.34,148.96,55.67,85.2,95.69,69.44,100.0
2018-06-26,148.66368563664912,163.0,149.83,55.66,85.48,95.83,69.44,100.0
2018-06-27,147.68677404412747,160.78,147.53,55.55,85.77,96.73,69.49,100.0
2018-06-28,148.2927065508814,162.17,147.84,55.39,85.66,96.75,69.49,100.0
2018-06-29,148.53384295663042,162.6,147.75,55.26,85.71,96.42,69.47,100.0
2018-07-02,148.8058942861934,163.69,148.78,55.31,85.72,96.35,69.46,100.0
2018-07-03,148.28034058135583,161.8,149.39,55.32,86.03,96.86,69.49,100.0
2018-07-05,149.4489247015241,163.8,151.11,55.53,86.3,97.14,69.48,100.0
2018-07-06,150.72880254742273,166.35,152.37,55.67,86.42,97.46,69.49,100.0
2018-07-09,152.11997411905168,167.85,153.35,55.76,86.48,96.83,69.45,100.0
2018-07-10,152.6207958848381,167.97,152.6,55.76,86.39,96.82,69.44,100.0
2018-07-11,151.5820544446885,167.12,151.38,55.68,86.56,97.2,69.47,100.0
2018-07-12,152.8804812448755,170.0,152.02,55.86,86.74,97.19,69.46,100.0
2018-07-13,153.02887287918261,170.14,151.62,55.86,86.81,97.43,69.48,100.0
2018-07-16,152.9361281077407,169.73,151.03,55.82,86.67,97.03,69.46,100.0
2018-07-17,153.50496270591785,170.77,151.69,55.84,86.61,96.85,69.45,100.0
2018-07-18,153.85120985263438,170.44,152.13,55.86,86.6,96.46,69.44,100.0
2018-07-19,153.25146033064325,169.59,153.16,55.84,86.73,97.07,69.48,100.0
2018-07-20,153.11543466586173,169.55,152.58,55.86,86.48,95.88,69.48,100.0
2018-07-23,153.39985196495033,170.09,152.77,55.84,86.13,94.69,69.44,100.0
2018-07-24,154.11707819743455,170.79,151.16,55.96,86.4,95.02,69.44,100.0
2018-07-25,155.53916469287745,173.18,151.69,56.06,86.51,94.87,69.42,100.0
2018-07-26,155.07544083566782,170.56,152.51,56.07,86.6,94.69,69.42,100.0
2018-07-27,154.073797304095,168.26,149.67,56.05,86.71,94.85,69.43,100.0
2018-07-30,153.21436242206644,165.88,148.7,56.07,86.59,94.52,69.43,100.0
2018-07-31,153.9254056697879,167.15,150.3,56.19,86.86,95.04,69.43,100.0
2018-08-01,153.75846508119244,167.78,150.12,56.24,86.55,94.26,69.43,100.0
2018-08-02,154.5808020546442,170.08,151.23,56.27,86.66,94.4,69.48,100.0
2018-08-03,155.25474739378888,170.59,150.69,56.32,86.93,94.87,69.48,100.0
2018-08-06,155.82358199196602,171.59,151.53,56.42,87.01,94.92,69.5,100.0
2018-08-07,156.32440375775244,172.22,151.88,56.45,86.74,94.43,69.48,100.0
2018-08-08,156.25020794059887,172.42,151.76,56.42,86.6,94.52,69.48,100.0
2018-08-09,156.05853541295224,172.32,152.15,56.38,86.67,95.32,69.53,100.0
2018-08-10,155.00124501851425,171.0,151.71,56.28,86.81,96.01,69.59,100.0
2018-08-13,154.4076784812859,170.81,150.86,56.24,86.79,95.81,69.58,100.0
2018-08-14,155.35985813475637,171.88,152.36,56.34,86.91,95.6,69.58,100.0
2018-08-15,154.22837192316484,169.78,150.4,56.24,87.09,96.16,69.61,100.0
2018-08-16,155.50206678430067,170.34,151.79,56.31,87.2,96.15,69.59,100.0
2018-08-17,156.02143750437548,170.38,152.47,56.38,87.27,96.27,69.62,100.0
2018-08-20,156.3800506206176,170.23,152.86,56.4,87.5,96.91,69.66,100.0
2018-08-21,156.70156582828295,170.85,154.59,56.49,87.28,96.59,69.64,100.0
2018-08-22,156.67065090446897,171.51,155.03,56.51,87.27,96.97,69.66,100.0
2018-08-23,156.44188046824556,171.27,154.58,56.5,87.3,97.12,69.65,100.0
2018-08-24,157.38787713695325,172.86,155.35,56.6,87.48,97.31,69.66,100.0
2018-08-27,158.5997421504611,174.62,155.64,56.62,87.34,96.75,69.63,100.0
2018-08-28,158.6553890133263,174.88,155.74,56.59,87.01,96.17,69.61,100.0
2018-08-29,159.53955583440597,176.9,156.23,56.56,86.92,96.3,69.6,100.0
2018-08-30,158.92125735812647,176.58,156.14,56.51,87.0,96.51,69.65,100.0
2018-08-31,158.89034243431252,176.81,156.76,56.59,86.87,96.28,69.67,100.0
2018-09-04,158.65538901332627,176.05,156.0,56.47,86.71,95.73,69.65,100.0
2018-09-05,158.23494604945617,173.78,155.62,56.41,86.66,95.47,69.65,100.0
2018-09-06,157.74030726843256,172.23,154.55,56.46,86.9,95.82,69.68,100.0
2018-09-07,157.39406012171602,171.56,154.45,56.4,86.54,95.01,69.6,100.0
2018-09-10,157.697026375093,172.14,154.69,56.51,86.83,95.36,69.61,100.0
2018-09-11,158.27204395803292,173.47,154.87,56.52,86.63,94.63,69.57,100.0
2018-09-12,158.2967758970841,172.95,154.5,56.65,86.81,94.86,69.57,100.0
2018-09-13,159.1809427181638,174.8,154.56,56.76,86.99,95.0,69.58,100.0
2018-09-14,159.24895555055457,174.29,155.24,56.81,86.88,94.55,69.55,100.0
2018-09-17,158.4142526075772,171.78,153.53,56.77,86.83,94.55,69.54,100.0
2018-09-18,159.24895555055457,173.2,154.19,56.76,86.47,93.56,69.53,100.0
2018-09-19,159.42826210867563,173.07,153.64,56.66,86.34,93.0,69.51,100.0
2018-09-20,160.67722503076024,174.98,155.06,56.55,86.57,93.43,69.54,100.0
2018-09-21,161.40224862532887,174.03,154.3,56.75,86.59,93.39,69.52,100.0
2018-09-24,160.87401856475773,174.51,153.75,56.72,86.39,93.15,69.52,100.0
2018-09-25,160.66272654052926,174.75,153.99,56.68,86.39,93.05,69.53,100.0
2018-09-26,160.16556883646237,174.87,152.53,56.74,86.7,93.72,69.54,100.0
2018-09-27,160.65029759792762,176.35,152.58,56.84,86.81,93.77,69.54,100.0
2018-09-28,160.58815288491928,176.31,153.03,56.88,86.75,93.53,69.57,100.0
2018-10-01,161.21581448630374,176.67,151.0,57.05,86.63,92.84,69.55,100.0
2018-10-02,161.16609871589705,176.27,149.46,57.0,86.71,93.41,69.57,100.0
2018-10-03,161.24688684280795,176.46,150.71,56.85,86.2,91.78,69.54,100.0
2018-10-04,160.0164215252423,173.08,148.65,56.64,85.85,91.14,69.52,100.0
2018-10-05,159.0656074162143,170.96,147.25,56.39,85.51,90.35,69.52,100.0
2018-10-08,159.05939294491344,169.92,146.96,56.26,85.42,90.05,69.5,100.0
2018-10-09,158.88538774849002,170.47,146.4,56.35,85.66,90.96,69.52,100.0
2018-10-10,153.79573575310482,162.97,142.16,55.94,85.43,90.71,69.54,100.0
2018-10-11,150.62635538967817,160.95,139.45,55.99,85.78,91.82,69.57,100.0
2018-10-12,152.54662702163668,165.43,139.48,56.29,85.83,91.5,69.57,100.0
2018-10-15,151.7014589247229,163.42,140.01,56.25,85.64,91.46,69.59,100.0
2018-10-16,154.88326823075124,168.18,143.95,56.44,85.86,91.66,69.57,100.0
2018-10-17,154.98269977156465,168.25,143.47,56.33,85.44,91.12,69.56,100.0
2018-10-18,152.75170457456431,164.35,140.76,56.09,85.44,91.09,69.61,100.0
2018-10-19,152.63984409114926,164.19,139.26,56.12,85.33,90.89,69.57,100.0
2018-10-22,151.9997535471631,165.04,138.96,56.15,85.22,90.77,69.55,100.0
2018-10-23,151.16701439285097,164.43,137.7,56.1,85.35,91.06,69.59,100.0
2018-10-24,146.5745201015327,156.91,132.53,55.82,85.47,91.74,69.7,100.0
2018-10-25,149.22809934698995,162.33,135.3,55.93,85.36,91.36,69.68,100.0
2018-10-26,146.58073457283356,158.16,133.92,55.68,85.5,91.91,69.72,100.0
2018-10-29,145.7355664759198,154.9,133.23,55.64,85.41,91.7,69.74,100.0
2018-10-30,148.05356427113185,157.46,135.96,55.76,85.22,91.25,69.71,100.0
2018-10-31,149.60096762504014,161.16,136.38,55.76,84.97,90.78,69.68,100.0
2018-11-01,151.0862262659401,163.28,139.29,56.01,85.23,90.87,69.71,100.0
2018-11-02,150.21620028382296,160.74,139.78,55.98,84.89,89.74,69.63,100.0
2018-11-05,151.14215650764763,160.34,139.74,56.03,85.04,90.09,69.65,100.0
2018-11-06,152.0494693175698,161.56,140.42,56.17,85.19,90.04,69.64,100.0
2018-11-07,155.29963780790732,166.62,142.94,56.49,85.41,90.16,69.61,100.0
2018-11-08,155.0137721280688,165.56,142.56,56.36,85.16,90.15,69.6,100.0
2018-11-09,153.5471569010714,162.77,139.98,56.04,85.22,90.82,69.64,100.0
2018-11-12,150.59528303317398,157.84,137.19,55.7,85.21,91.41,69.69,100.0
2018-11-13,150.35291865244136,157.98,136.68,55.6,85.1,91.36,69.7,100.0
2018-11-14,149.30267300259996,156.77,135.71,55.5,84.87,91.41,69.75,100.0
2018-11-15,150.8873631843133,159.51,137.64,55.48,84.71,91.37,69.78,100.0
2018-11-16,151.28508934756684,158.96,137.97,55.32,84.88,91.9,69.83,100.0
2018-11-19,148.73715611422384,153.73,135.23,55.14,84.79,92.15,69.89,100.0
2018-11-20,145.99035979925404,151.04,132.62,54.97,84.59,92.19,69.87,100.0
2018-11-21,146.47508856071929,152.19,134.39,55.25,84.76,92.16,69.87,100.0
2018-11-23,145.53048892299213,151.09,134.34,54.94,84.81,92.25,69.86,100.0
2018-11-26,147.80498541909833,154.58,136.03,55.2,84.85,92.05,69.86,100.0
2018-11-27,148.27728523796188,155.1,134.91,55.18,84.74,92.15,69.87,100.0
2018-11-28,151.63309974041368,160.09,138.24,55.64,84.97,91.7,69.9,100.0
2018-11-29,151.4031643022827,159.57,137.88,55.65,84.72,92.06,69.91,100.0
2018-11-30,152.3664073539124,160.73,138.62,55.54,84.67,92.41,69.94,100.0
2018-12-03,154.34260922757846,163.54,139.94,55.92,84.98,93.05,69.88,100.0
2018-12-04,149.43939137121833,157.27,134.01,55.57,85.0,94.62,69.93,100.0
2018-12-06,149.09759544967233,158.39,133.62,55.38,85.26,94.92,70.0,100.0
2018-12-07,145.71692306201717,153.15,130.79,55.27,85.27,95.09,70.08,100.0
2018-12-10,145.94685850014815,154.75,130.4,55.31,85.53,95.49,70.08,100.0
2018-12-11,145.96550191405063,155.26,130.22,55.41,85.68,95.47,70.01,100.0
2018-12-12,146.7547397692569,156.63,131.5,55.59,85.77,95.05,70.0,100.0
2018-12-13,146.6677371710452,156.68,129.66,55.73,86.0,94.82,70.07,100.0
2018-12-14,144.0079434542871,152.72,127.72,55.49,85.91,95.15,70.11,100.0
2018-12-17,141.02499722988554,149.4,124.85,55.13,86.0,95.7,70.18,100.0
2018-12-18,140.99392487338136,150.34,124.68,55.03,86.3,96.28,70.22,100.0
2018-12-19,138.7442862624785,146.65,122.12,54.54,86.24,97.55,70.24,100.0
2018-12-20,136.56922130718567,144.52,120.06,54.06,85.95,97.2,70.23,100.0
2018-12-21,134.64610904039554,140.04,116.86,53.79,85.87,97.18,70.28,100.0
2018-12-24,131.15530716126435,136.57,114.69,53.39,85.67,97.66,70.34,100.0
2018-12-26,137.61141386245325,145.1,120.2,54.29,85.6,96.62,70.27,100.0
2018-12-27,138.90013283575257,145.66,120.66,54.26,85.6,96.63,70.35,100.0
2018-12-28,138.6311283898697,145.58,121.05,54.34,86.01,97.45,70.45,100.0
2018-12-31,139.9448710325535,146.81,121.99,54.38,86.24,97.82,70.47,100.0
2019-01-02,140.03245387539909,147.4,122.72,54.3,86.51,98.33,70.48,100.0
2019-01-03,136.62923483911348,142.58,120.55,54.33,86.55,99.45,70.62,100.0
2019-01-04,141.23984592319897,148.68,125.01,55.24,86.5,98.3,70.47,100.0
2019-01-07,142.3033518720382,150.45,127.21,55.76,86.5,98.01,70.42,100.0
2019-01-08,143.61083859737587,151.81,129.13,56.14,86.7,97.75,70.38,100.0
2019-01-09,144.33652500952502,153.05,130.2,56.21,87.02,97.6,70.41,100.0
2019-01-10,144.93083715740576,153.49,130.87,56.43,86.79,96.97,70.42,100.0
2019-01-11,144.83074247986795,152.93,130.9,56.25,86.96,97.35,70.46,100.0
2019-01-14,144.01747322487324,151.58,129.6,56.07,86.73,96.99,70.46,100.0
2019-01-15,145.62524398282434,154.54,130.71,56.25,86.78,96.63,70.49,100.0
2019-01-16,146.0381345276678,154.51,131.68,56.34,86.95,96.73,70.47,100.0
2019-01-17,147.17671148466042,155.73,132.86,56.49,87.12,96.75,70.46,100.0
2019-01-18,149.09102219257107,157.27,134.28,56.66,87.28,96.25,70.4,100.0
2019-01-22,147.14543189792985,154.12,132.11,56.28,87.42,96.9,70.46,100.0
2019-01-23,147.37690083973604,154.32,131.76,56.39,87.64,96.86,70.45,100.0
2019-01-24,147.51453102135054,155.32,132.54,56.45,87.87,97.49,70.51,100.0
2019-01-25,148.7344349038426,157.17,134.17,56.6,87.95,97.03,70.45,100.0
2019-01-28,147.61462569888835,155.23,133.52,56.51,87.93,96.93,70.46,100.0
2019-01-29,147.47073959992773,153.77,133.24,56.47,88.12,97.42,70.5,100.0
2019-01-30,149.66031067106738,157.68,134.6,56.92,88.53,97.35,70.59,100.0
2019-01-31,150.9865651484434,160.04,135.69,57.06,89.15,98.19,70.65,100.0
2019-02-01,151.14296308209623,159.36,135.95,57.04,88.94,97.59,70.57,100.0
2019-02-04,152.21898086562769,161.34,137.55,57.17,88.81,97.16,70.57,100.0
2019-02-05,152.86334035227733,162.77,137.68,57.39,89.17,97.6,70.57,100.0
2019-02-06,152.68191874924005,162.28,137.51,57.32,89.01,97.65,70.6,100.0
2019-02-07,151.1930104208651,160.1,136.38,57.12,88.99,98.29,70.66,100.0
2019-02-08,151.39945569328682,160.42,136.57,57.11,89.21,98.71,70.68,100.0
2019-02-11,151.4807826187863,160.27,137.67,57.14,89.01,98.33,70.65,100.0
2019-02-12,153.3700696573125,162.64,139.36,57.41,89.14,98.07,70.64,100.0
2019-02-13,153.86428712765544,162.75,139.78,57.33,88.9,97.71,70.59,100.0
2019-02-14,153.58902676442648,162.95,140.1,57.34,89.01,98.26,70.68,100.0
2019-02-15,155.22807710910814,163.63,142.3,57.52,89.11,98.42,70.65,100.0
2019-02-19,155.5033374723371,163.96,142.72,57.54,89.17,98.67,70.7,100.0
2019-02-20,155.80987742229667,163.93,143.4,57.59,89.09,98.38,70.69,100.0
2019-02-21,155.27186853053092,163.33,142.86,57.54,88.84,97.5,70.67,100.0
2019-02-22,156.22276796714013,164.54,144.09,57.65,89.24,98.08,70.72,100.0
2019-02-25,156.4604928262924,165.14,144.12,57.7,89.2,97.79,70.71,100.0
2019-02-26,156.3228626446779,165.31,143.09,57.77,89.34,98.28,70.74,100.0
2019-02-27,156.23527980183235,165.21,143.34,57.79,89.09,97.17,70.73,100.0
2019-02-28,155.9349957692189,164.82,142.78,57.76,88.97,96.83,70.71,100.0
2019-03-01,156.9234307099048,165.97,144.17,57.92,88.81,95.94,70.66,100.0
2019-03-04,156.34163039671625,166.0,142.87,57.83,89.01,96.69,70.68,100.0
2019-03-05,156.1664647110251,166.12,142.2,57.81,89.04,96.89,70.69,100.0
2019-03-06,155.20305343972367,165.18,139.43,57.71,89.13,97.25,70.74,100.0
2019-03-07,153.96438180519326,163.15,138.19,57.67,89.42,97.88,70.8,100.0
2019-03-08,153.6077945164648,162.9,138.16,57.58,89.53,98.29,70.82,100.0
2019-03-11,155.8411570090272,166.29,140.57,57.77,89.63,98.0,70.81,100.0
2019-03-12,156.37916590079294,167.2,140.64,57.87,89.88,98.69,70.83,100.0
2019-03-13,157.43641593228605,168.46,141.22,58.02,89.73,98.5,70.84,100.0
2019-03-14,157.3613449241327,168.17,140.61,57.98,89.56,97.79,70.86,100.0
2019-03-15,158.90850772924293,169.74,140.98,58.04,89.88,98.44,70.88,100.0
2019-03-18,159.51829193882185,170.14,141.9,58.02,89.83,98.38,70.87,100.0
2019-03-19,159.56858342002425,170.71,141.18,58.05,89.85,98.16,70.86,100.0
2019-03-20,158.99651782134708,171.39,140.01,58.3,90.46,99.19,70.96,100.0
2019-03-21,160.73786035797974,174.07,141.88,58.29,90.63,99.41,70.96,100.0
2019-03-22,157.77694940218922,170.24,136.67,58.08,91.18,100.95,71.08,100.0
2019-03-25,157.58206991252993,169.92,137.28,58.06,91.37,101.11,71.15,100.0
2019-03-26,158.73877398018485,170.71,138.73,58.2,91.4,101.04,71.14,100.0
2019-03-27,157.89639167004486,169.62,138.16,58.24,91.53,101.97,71.2,100.0
2019-03-28,158.5501809256759,170.01,139.4,58.35,91.64,102.33,71.2,100.0
2019-03-29,159.53086480912245,171.29,139.87,58.5,91.57,102.23,71.15,100.0
2019-04-01,161.39164961361075,173.56,141.34,58.49,91.23,100.78,71.08,100.0
2019-04-02,161.52995118691732,174.22,141.01,58.52,91.36,100.96,71.11,100.0
2019-04-03,161.79398146322984,175.22,141.74,58.54,91.16,100.09,71.08,100.0
2019-04-04,162.2025997479992,175.15,142.44,58.62,91.3,100.37,71.1,100.0
2019-04-05,162.96325840118533,176.06,143.76,58.73,91.46,100.5,71.09,100.0
2019-04-08,163.12041927994278,176.51,143.53,58.7,91.32,100.15,71.07,100.0
2019-04-09,162.29060984010343,175.89,141.8,58.66,91.52,100.46,71.08,100.0
2019-04-10,162.83124326302908,176.83,143.72,58.92,91.96,100.7,71.14,100.0
2019-04-11,162.79981108727762,176.41,143.5,59.01,91.87,100.11,71.1,100.0
2019-04-12,163.86850506282832,177.18,144.02,59.09,91.82,99.4,71.05,100.0
2019-04-15,163.78678140587445,177.2,143.58,59.05,91.67,99.65,71.06,100.0
2019-04-16,163.8936508034295,177.81,143.85,59.02,91.42,99.03,71.05,100.0
2019-04-17,163.4976053889607,178.43,142.55,58.88,91.4,99.07,71.08,100.0
2019-04-18,163.79306784102474,178.66,142.15,58.9,91.48,99.59,71.1,100.0
2019-04-22,163.96908802523308,179.17,141.8,58.8,91.33,99.11,71.11,100.0
2019-04-23,165.4275409801023,181.45,143.96,59.01,91.71,99.32,71.14,100.0
2019-04-24,165.04406843593412,180.88,144.35,58.92,92.02,100.13,71.18,100.0
2019-04-25,165.00006338988203,181.61,143.2,58.95,91.97,99.98,71.18,100.0
2019-04-26,165.72300343216634,181.77,144.61,59.1,92.3,100.32,71.26,100.0
2019-04-29,165.93045579212614,182.12,145.3,59.07,91.93,99.68,71.23,100.0
2019-04-30,165.98074727332852,180.71,144.51,59.09,91.97,100.19,71.28,100.0
2019-05-01,164.82404320567363,180.13,143.2,58.89,91.94,100.61,71.22,100.0
2019-05-02,164.43428422635515,179.35,143.85,58.93,91.61,100.13,71.19,100.0
2019-05-03,166.04361162483153,182.21,146.63,59.08,92.02,100.41,71.21,100.0
2019-05-06,165.3961088043508,181.09,146.81,59.09,92.14,100.69,71.25,100.0
2019-05-07,162.69922812487277,177.57,143.92,58.75,92.14,101.46,71.29,100.0
2019-05-08,162.51692150551412,177.12,143.26,58.77,91.83,101.02,71.28,100.0
2019-05-09,161.9197101662358,176.17,142.67,58.68,91.91,101.44,71.32,100.0
2019-05-10,162.68665525457223,176.38,143.02,58.85,91.97,101.3,71.34,100.0
2019-05-13,158.70734180443336,170.26,138.54,58.31,92.02,102.09,71.42,100.0
2019-05-14,160.05892536174753,172.13,140.26,58.44,92.15,101.79,71.42,100.0
2019-05-15,161.05846855064496,174.56,140.78,58.49,92.41,102.42,71.48,100.0
2019-05-16,162.48548932976271,176.32,141.63,58.67,92.26,102.08,71.43,100.0
2019-05-17,161.50480544631617,174.52,139.64,58.65,92.27,102.3,71.45,100.0
2019-05-20,160.38581998956306,171.57,138.65,58.61,92.05,102.09,71.42,100.0
2019-05-21,161.8065543335305,173.36,140.54,58.78,92.12,101.93,71.38,100.0
2019-05-22,161.32249882695754,172.59,139.31,58.82,92.24,102.52,71.42,100.0
2019-05-23,159.38627680066563,169.95,136.49,58.53,92.45,103.67,71.54,100.0
2019-05-24,159.81375439088595,169.86,137.76,58.45,92.64,103.76,71.52,100.0
2019-05-28,158.3238692602652,169.27,136.66,58.39,92.7,104.58,71.58,100.0
2019-05-29,157.1671651926103,167.83,135.5,58.24,92.74,104.82,71.59,100.0
2019-05-30,157.57578347737967,168.54,135.13,58.36,93.27,105.72,71.65,100.0
2019-05-31,155.5326920535327,165.85,133.36,57.94,93.49,107.05,71.8,100.0
2019-06-03,155.10521446331242,162.2,133.73,58.03,93.78,107.76,71.93,100.0
2019-06-04,158.42445222267,166.76,137.17,58.61,93.81,106.53,71.88,100.0
2019-06-05,159.76974934483383,168.0,137.15,58.75,93.75,105.93,71.92,100.0
2019-06-06,160.85101619068516,169.34,136.88,58.87,93.92,106.27,71.87,100.0
2019-06-07,162.42891141341005,172.61,137.75,59.02,94.34,107.19,71.95,100.0
2019-06-10,163.19585650174648,174.62,138.61,59.11,94.0,106.18,71.88,100.0
2019-06-11,163.18328363144587,174.86,138.21,59.2,94.09,106.25,71.86,100.0
2019-06-12,162.83752969817945,173.85,138.31,59.06,94.23,106.33,71.92,100.0
2019-06-13,163.56046974046382,174.88,139.78,59.2,94.47,106.7,71.99,100.0
2019-06-14,163.36559025080456,174.13,138.63,59.16,94.51,106.97,71.97,100.0
2019-06-17,163.49760538896078,175.18,139.61,59.07,94.55,107.15,71.93,100.0
2019-06-18,165.1069327874372,177.73,141.18,59.48,95.18,107.69,71.94,100.0
2019-06-19,165.4966917667557,178.4,141.64,59.76,95.79,107.84,72.09,100.0
2019-06-20,167.11859203553269,180.06,142.36,60.06,96.31,108.13,72.13,100.0
2019-06-21,167.76712583137808,179.79,141.09,59.87,95.96,106.94,72.09,100.0
2019-06-24,167.57119526700296,179.79,139.41,59.86,96.2,107.74,72.14,100.0
2019-06-25,165.9279066625666,176.71,138.54,59.61,95.91,108.07,72.15,100.0
2019-06-26,165.76989814290928,177.53,138.27,59.58,95.72,107.38,72.07,100.0
2019-06-27,166.3513694952483,178.21,140.86,59.74,96.28,108.14,72.13,100.0
2019-06-28,167.24885788690202,178.44,142.54,59.77,96.53,108.06,72.13,100.0
2019-07-01,168.66461422303175,180.84,143.09,59.78,96.71,107.81,72.08,100.0
2019-07-02,169.15760080436263,181.56,142.23,59.91,96.97,108.64,72.13,100.0
2019-07-03,170.5038333918432,182.93,143.25,60.14,97.24,109.42,72.14,100.0
2019-07-05,170.2004570341011,182.56,143.62,59.9,96.38,107.97,72.0,100.0
2019-07-08,169.3977737542418,181.27,142.26,59.78,96.25,108.11,71.96,100.0
2019-07-09,169.60634500018952,182.18,142.44,59.71,96.05,108.07,71.94,100.0
2019-07-10,170.39638759847622,184.0,142.7,59.88,96.26,107.48,72.07,100.0
2019-07-11,170.800889408799,183.86,141.98,59.76,95.7,106.04,72.03,100.0
2019-07-12,171.5593303031542,184.93,143.11,59.86,95.79,106.16,72.04,100.0
2019-07-15,171.6667760965212,185.52,142.37,59.9,95.95,106.78,72.06,100.0
2019-07-16,171.060023381037,184.56,142.35,59.78,95.75,106.46,72.03,100.0
2019-07-17,169.92236203950418,183.65,141.31,59.7,96.26,107.61,72.1,100.0
2019-07-18,170.54175543656092,183.86,141.85,59.73,96.47,107.62,72.19,100.0
2019-07-19,169.62530602254836,182.52,141.09,59.62,96.33,107.36,72.11,100.0
2019-07-22,169.94132306186302,183.97,140.85,59.82,96.63,107.57,72.12,100.0
2019-07-23,171.17378951519026,185.17,141.82,59.93,96.68,106.98,72.1,100.0
2019-07-24,171.98911347662218,186.47,144.16,59.98,96.96,107.44,72.12,100.0
2019-07-25,171.1737895151903,184.71,142.4,59.89,96.65,106.93,72.07,100.0
2019-07-26,172.30513051593687,186.61,144.08,60.02,96.78,107.18,72.08,100.0
2019-07-29,172.03967620291252,185.97,143.13,59.93,96.72,107.22,72.08,100.0
2019-07-30,171.64149473337602,185.16,144.67,59.96,96.71,107.48,72.09,100.0
2019-07-31,169.70747045277017,182.6,143.52,59.86,96.79,108.34,72.08,100.0
2019-08-01,168.33595650214443,181.7,141.46,59.83,97.56,110.49,72.29,100.0
2019-08-02,166.97708323309132,179.02,139.78,59.74,97.66,111.51,72.3,100.0
2019-08-05,162.08513946450006,172.69,135.69,59.12,97.73,113.44,72.45,100.0
2019-08-06,164.18349260554953,175.11,136.9,59.5,98.34,114.35,72.48,100.0
2019-08-07,164.42998589621502,176.06,136.98,59.49,98.32,114.39,72.49,100.0
2019-08-08,167.53327322228517,179.89,139.84,59.73,98.59,114.63,72.47,100.0
2019-08-09,166.3956118807523,178.2,138.05,59.64,98.3,114.41,72.42,100.0
2019-08-12,164.30357908048913,176.15,136.3,59.44,98.9,116.79,72.5,100.0
2019-08-13,166.86331709893807,180.01,137.75,59.7,98.84,116.39,72.42,100.0
2019-08-14,162.0724987829275,174.63,133.95,59.17,99.13,119.01,72.51,100.0
2019-08-15,162.42643786695993,174.43,133.39,59.34,99.61,120.34,72.66,100.0
2019-08-16,164.80288600260636,177.23,136.23,59.54,99.79,119.37,72.66,100.0
2019-08-19,166.80643403186144,180.05,137.62,59.71,99.46,117.66,72.58,100.0
2019-08-20,165.49180314831233,178.66,136.69,59.76,100.04,118.88,72.63,100.0
2019-08-21,166.85699675815175,180.24,137.83,60.02,100.22,118.09,72.56,100.0
2019-08-22,166.8127543726477,179.66,137.52,60.13,99.85,117.31,72.53,100.0
2019-08-23,162.5591650234721,173.97,133.33,59.85,100.22,119.23,72.65,100.0
2019-08-26,164.30989942127547,176.6,134.8,60.15,100.23,118.75,72.61,100.0
2019-08-27,163.59570091242426,176.23,132.71,60.12,100.76,120.58,72.64,100.0
2019-08-28,164.8218470249652,176.86,134.34,60.26,100.76,120.74,72.66,100.0
2019-08-29,166.95180186994617,179.56,136.69,60.33,100.55,120.28,72.62,100.0
2019-08-30,166.88227812129693,179.13,136.38,60.27,100.53,120.31,72.65,100.0
2019-09-03,165.90894564020772,177.4,134.43,60.1,100.44,120.47,72.7,100.0
2019-09-04,167.7481648090192,179.96,135.53,60.22,100.62,120.65,72.76,100.0
2019-09-05,169.90340101714528,183.25,138.02,60.46,99.89,118.46,72.6,100.0
2019-09-06,170.0740502183752,183.07,137.42,60.52,100.25,119.31,72.61,100.0
2019-09-09,170.16253498938332,182.69,139.26,60.58,99.51,117.19,72.53,100.0
2019-09-10,170.09933158152037,182.16,140.99,60.61,98.68,115.13,72.41,100.0
2019-09-11,171.3633997387791,183.87,143.93,60.61,98.6,114.93,72.41,100.0
2019-09-12,171.96383211347697,184.64,143.96,60.64,98.46,114.17,72.4,100.0
2019-09-13,171.75526086752927,183.98,144.17,60.53,97.6,111.74,72.28,100.0
2019-09-16,171.30651667170244,183.16,144.77,60.74,98.07,113.16,72.34,100.0
2019-09-17,171.7299795043841,184.04,144.37,60.78,98.32,113.77,72.37,100.0
2019-09-18,171.81846427539222,183.96,143.46,60.74,98.57,114.26,72.33,100.0
2019-09-19,171.79950325303332,184.27,142.76,60.68,98.85,114.6,72.34,100.0
2019-09-20,171.75122785807355,182.32,142.45,60.75,99.53,116.11,72.41,100.0
2019-09-23,171.87828158485124,182.4,142.39,60.72,99.46,116.09,72.46,100.0
2019-09-24,170.50610133565223,179.97,140.29,60.64,99.77,117.49,72.53,100.0
2019-09-25,171.48441503184043,181.99,141.74,60.58,99.21,115.77,72.44,100.0
2019-09-26,171.1286645968629,181.32,140.21,60.54,99.42,116.51,72.47,100.0
2019-09-27,170.21387776406357,179.07,139.08,60.47,99.44,116.8,72.51,100.0
2019-09-30,171.0079635564241,180.78,139.24,60.54,99.77,117.09,72.55,100.0
2019-10-01,169.0068673596756,179.3,136.56,60.4,99.89,117.44,72.63,100.0
2019-10-02,166.03381015307778,176.22,135.45,60.04,99.85,117.73,72.71,100.0
2019-10-03,167.35516891156567,178.16,135.96,60.08,100.24,118.8,72.86,100.0
2019-10-04,169.5722564438363,180.78,137.17,60.26,100.65,119.68,72.85,100.0
2019-10-07,168.87981363289788,180.23,136.96,60.22,100.14,118.69,72.78,100.0
2019-10-08,166.32603372466644,177.53,134.77,59.99,100.06,119.01,72.82,100.0
2019-10-09,167.74268277823762,179.27,135.33,60.17,100.1,118.33,72.78,100.0
2019-10-10,168.99416198699782,180.65,135.93,60.25,99.51,116.57,72.69,100.0
2019-10-11,170.69668192581878,182.98,138.19,60.5,99.33,115.13,72.62,100.0
2019-10-14,170.5696281990411,182.96,137.71,60.54,99.66,115.96,72.63,100.0
2019-10-15,172.2149739608121,185.29,139.25,60.65,99.39,114.56,72.61,100.0
2019-10-16,171.9735718799345,184.83,139.42,60.63,99.5,114.7,72.65,100.0
2019-10-17,172.40555455097862,185.32,141.06,60.71,99.62,114.42,72.65,100.0
2019-10-18,171.75758054441246,183.54,140.44,60.72,99.77,114.42,72.67,100.0
2019-10-21,172.8756533400561,185.16,141.71,60.75,99.54,113.56,72.64,100.0
2019-10-22,172.278500824201,183.69,141.81,60.75,99.71,114.23,72.66,100.0
2019-10-23,172.76130498595617,184.04,142.02,60.82,99.77,114.34,72.66,100.0
2019-10-24,173.09799736191704,185.83,141.84,60.89,99.99,114.11,72.66,100.0
2019-10-25,173.77773480017765,187.32,142.57,60.93,99.81,113.55,72.61,100.0
2019-10-28,174.78145924172134,189.17,143.8,60.93,99.52,112.52,72.59,100.0
2019-10-29,174.66711088762145,187.7,144.29,60.82,99.26,112.6,72.6,100.0
2019-10-30,175.2833214624932,188.61,143.86,60.74,99.61,114.24,72.65,100.0
2019-10-31,174.77510655538248,188.7,143.02,60.54,100.21,115.78,72.78,100.0
2019-11-01,176.41409963081455,190.41,145.44,60.79,100.31,115.43,72.73,100.0
2019-11-04,177.10654244175296,191.59,146.21,60.92,99.84,113.91,72.68,100.0
2019-11-05,176.91596185158642,191.69,146.41,60.85,99.27,112.63,72.63,100.0
2019-11-06,176.93501991060305,191.26,145.56,60.78,99.83,113.31,72.67,100.0
2019-11-07,177.58934660350815,191.9,145.97,60.75,99.05,111.26,72.59,100.0
2019-11-08,178.00227121553561,192.67,146.35,60.81,98.92,110.79,72.6,100.0
2019-11-11,177.67828421225252,192.41,146.05,60.78,98.94,110.86,72.6,100.0
2019-11-12,178.02132927455227,192.97,146.1,60.79,99.04,111.37,72.62,100.0
2019-11-13,178.12932494231327,193.02,145.53,60.73,99.27,112.09,72.66,100.0
2019-11-14,178.35802165051314,192.86,145.47,60.69,99.79,113.25,72.72,100.0
2019-11-15,179.6603223499844,194.28,146.22,60.87,99.81,113.13,72.7,100.0
2019-11-18,179.76196533140654,194.43,145.82,60.8,99.92,113.33,72.73,100.0
2019-11-19,179.72384921337323,194.72,146.37,60.58,100.12,114.28,72.72,100.0
2019-11-20,179.0885805794848,193.55,145.87,60.45,100.3,115.46,72.76,100.0
2019-11-21,178.79635700789612,193.12,145.1,60.47,100.04,114.74,72.72,100.0
2019-11-22,179.20928161992362,193.25,145.56,60.7,100.3,114.89,72.71,100.0
2019-11-25,180.5369930647504,195.53,148.65,60.86,100.67,115.22,72.72,100.0
2019-11-26,180.91815424508346,195.91,148.71,60.93,100.9,115.9,72.76,100.0
2019-11-27,181.7440034691384,197.28,149.77,61.01,100.9,115.56,72.72,100.0
2019-11-29,181.11508752158886,196.38,148.78,60.87,100.69,115.31,72.74,100.0
2019-12-02,179.57773742757888,194.37,147.39,60.83,100.25,113.77,72.72,100.0
2019-12-03,178.33896359149645,192.84,146.9,60.75,101.03,116.16,72.82,100.0
2019-12-04,179.4824471324956,193.82,147.95,60.93,100.89,115.0,72.79,100.0
2019-12-05,179.82549219479534,194.2,148.07,61.02,100.78,114.44,72.75,100.0
2019-12-06,181.40095840683864,196.28,149.8,61.11,100.73,113.81,72.73,100.0
2019-12-09,180.86098006803348,195.39,149.47,61.11,100.71,114.05,72.73,100.0
2019-12-10,180.68310485054474,195.23,149.58,61.25,100.71,114.06,72.69,100.0
2019-12-11,181.1150875215889,196.26,149.54,61.38,101.1,114.96,72.75,100.0
2019-12-12,182.69690641997104,197.73,150.84,61.52,100.64,113.07,72.68,100.0
2019-12-13,182.8239601467488,198.38,150.21,61.58,101.3,114.38,72.77,100.0
2019-12-16,184.08814472818673,200.37,151.32,61.71,101.07,113.35,72.73,100.0
2019-12-17,184.11990815988116,200.48,152.03,61.89,100.99,113.19,72.75,100.0
2019-12-18,184.12626084622005,200.64,152.39,62.01,100.92,112.26,72.75,100.0
2019-12-19,184.8822305205473,201.89,152.96,61.97,101.02,112.44,72.77,100.0
2019-12-20,186.7816786537246,202.7,153.17,61.88,100.98,112.59,72.77,100.0
2019-12-23,187.02437668035626,203.24,153.57,61.91,101.03,112.42,72.75,100.0
2019-12-24,187.00521630983272,203.35,153.9,61.96,101.15,112.75,72.76,100.0
2019-12-26,187.99516878688272,205.14,153.9,62.05,101.32,113.02,72.79,100.0
2019-12-27,187.94407446548655,204.97,153.14,62.03,101.46,113.14,72.84,100.0
2019-12-30,186.94134840808752,203.62,152.76,61.98,101.62,112.73,72.86,100.0
2019-12-31,187.36287655960558,204.01,153.0,62.04,101.22,111.62,72.85,100.0
2020-01-02,189.11924385759755,207.41,153.07,62.3,101.44,112.89,72.89,100.0
2020-01-03,187.70137643885494,205.51,152.45,62.23,101.78,114.62,72.95,100.0
2020-01-06,188.45501767944785,206.84,152.69,62.17,101.49,113.97,72.92,100.0
2020-01-07,187.8802065637414,206.81,152.17,62.11,101.18,113.41,72.92,100.0
2020-01-08,188.85738546044234,208.36,152.69,62.17,101.04,112.66,72.89,100.0
2020-01-09,190.12196991499655,210.13,152.83,62.33,101.52,113.06,72.9,100.0
2020-01-10,189.56631916981362,209.59,152.18,62.35,101.81,114.06,72.91,100.0
2020-01-13,190.89477152611298,212.01,153.24,62.35,101.56,113.72,72.91,100.0
2020-01-14,190.60097917808525,211.18,153.8,62.34,101.69,114.3,72.92,100.0
2020-01-15,191.03528090995238,211.26,154.51,62.36,101.91,115.06,72.95,100.0
2020-01-16,192.60643129288331,213.29,156.51,62.38,102.05,114.7,72.95,100.0
2020-01-17,193.27704426120752,214.34,156.11,62.33,102.04,113.72,72.97,100.0
2020-01-21,192.85551610968943,214.25,154.82,62.2,102.53,114.91,72.99,100.0
2020-01-22,192.89383685073653,214.81,154.71,62.31,102.58,115.32,73.0,100.0
2020-01-23,193.1556952478917,215.5,154.7,62.12,102.72,116.12,73.03,100.0
2020-01-24,191.3801675793762,213.69,152.65,61.86,102.89,117.06,73.06,100.0
2020-01-27,188.32728187595748,209.28,150.98,61.44,103.09,118.88,73.14,100.0
2020-01-28,190.28802645953394,212.49,152.24,61.97,103.03,117.95,73.1,100.0
2020-01-29,190.13474349534553,212.84,151.37,61.94,103.37,119.11,73.17,100.0
2020-01-30,190.72232819140103,213.59,151.36,62.0,103.43,119.12,73.18,100.0
2020-01-31,187.30539544803486,210.21,148.24,61.75,103.67,120.21,73.28,100.0
2020-02-03,188.68494212573037,213.38,149.89,61.74,103.62,120.11,73.25,100.0
2020-02-04,191.55899770426262,218.27,152.14,62.11,103.36,118.49,73.18,100.0
2020-02-05,193.75605352429616,218.99,154.45,62.36,103.3,117.2,73.12,100.0
2020-02-06,194.3947325417478,220.88,154.13,62.41,103.25,117.73,73.14,100.0
2020-02-07,193.4111668548723,219.93,152.24,62.32,103.65,119.2,73.19,100.0
2020-02-10,194.86735501466197,222.58,153.14,62.4,103.89,119.53,73.22,100.0
2020-02-11,195.17392094303872,222.62,154.16,62.45,103.74,118.92,73.19,100.0
2020-02-12,196.43850539759293,224.79,155.21,62.61,103.7,118.32,73.15,100.0
2020-02-13,196.27883564323002,224.5,155.64,62.63,103.62,118.78,73.17,100.0
2020-02-14,196.52792046003617,225.15,155.03,62.62,103.88,119.3,73.2,100.0
2020-02-18,196.02336403624943,225.23,154.71,62.5,104.08,120.11,73.23,100.0
2020-02-19,196.94944861155426,227.39,155.49,62.53,103.93,120.1,73.24,100.0
2020-02-20,196.1766470004378,225.28,155.89,62.63,104.28,121.05,73.25,100.0
2020-02-21,194.11371377406908,220.95,154.23,62.57,104.49,122.18,73.31,100.0
2020-02-24,187.69498964868038,212.43,149.53,61.9,104.5,124.0,73.44,100.0
2020-02-25,181.97242565231392,206.66,144.33,61.47,104.61,124.66,73.51,100.0
2020-02-26,181.39761453660745,207.72,142.7,61.53,104.22,124.0,73.56,100.0
2020-02-27,173.29916459532097,197.32,137.65,60.7,103.66,125.34,73.65,100.0
2020-02-28,172.44972150211032,197.47,136.12,60.95,104.83,128.18,73.92,100.0
2020-03-02,179.82007736350198,207.66,139.45,61.41,104.73,127.23,73.89,100.0
2020-03-03,174.82560744703036,201.0,136.64,61.15,105.92,129.21,74.18,100.0
2020-03-04,182.2406708396436,209.39,140.61,61.99,106.02,127.84,74.19,100.0
2020-03-05,176.1029654819336,203.03,136.01,61.21,106.03,131.02,74.35,100.0
2020-03-06,173.14588163113262,199.6,133.35,60.52,106.77,137.84,74.43,100.0
2020-03-09,160.85769733536358,185.74,120.31,57.12,104.18,141.57,74.84,100.0
2020-03-10,167.89594010768033,195.85,124.14,58.8,101.84,134.32,74.51,100.0
2020-03-11,159.65059399238,187.32,116.27,57.52,98.51,129.37,74.42,100.0
2020-03-12,148.58228661994352,170.15,103.15,55.22,93.78,130.18,74.41,100.0
2020-03-13,157.29386841798356,184.56,110.58,56.96,98.12,127.23,74.5,100.0
2020-03-16,140.33055371446866,162.45,97.42,53.84,92.71,135.47,74.62,100.0
2020-03-17,147.9755415533645,174.77,100.52,54.36,92.62,126.44,74.45,100.0
2020-03-18,137.20102652895577,169.45,93.13,52.22,88.93,119.31,74.35,100.0
2020-03-19,140.0303745762664,170.47,95.9,50.77,83.53,122.55,74.48,100.0
2020-03-20,135.2246719915138,163.79,93.4,49.63,84.88,131.77,74.68,100.0
2020-03-23,131.2641167449004,163.91,92.06,48.83,91.15,137.2,74.77,100.0
2020-03-24,142.65071307891384,176.6,100.66,50.85,93.02,134.65,74.66,100.0
2020-03-25,145.47325163940616,175.3,101.93,52.28,97.47,134.34,74.75,100.0
2020-03-26,153.81227786482427,184.53,108.06,54.67,97.47,135.0,74.84,100.0
2020-03-27,149.72313316215204,178.18,104.54,54.81,97.35,138.61,74.82,100.0
2020-03-30,154.185187287395,184.66,106.63,55.28,98.54,137.46,74.85,100.0
2020-03-31,151.70341078545871,183.09,105.87,54.84,98.4,136.35,74.84,100.0
2020-04-01,145.03604748880602,175.31,98.86,53.33,96.79,138.26,74.89,100.0
2020-04-02,148.50796280239564,178.86,99.84,53.75,97.04,139.14,74.9,100.0
2020-04-03,146.16120522932115,176.33,96.97,52.6,96.65,139.47,74.89,100.0
2020-04-06,156.05616387305164,188.93,104.38,53.88,98.44,139.1,74.83,100.0
2020-04-07,156.31334278516943,188.85,104.69,53.88,98.6,137.65,74.82,100.0
2020-04-08,161.51478628275095,192.86,109.56,55.26,100.37,136.65,74.86,100.0
2020-04-09,164.0029922574902,193.14,114.7,58.9,105.09,136.89,74.89,100.0
2020-04-13,162.47920720319252,195.23,111.57,58.05,104.07,135.64,74.89,100.0
2020-04-14,167.29488233259738,203.72,113.82,58.3,103.56,135.61,74.89,100.0
2020-04-15,163.7265249269636,201.38,109.18,57.75,104.26,139.2,74.92,100.0
2020-04-16,164.44019640809037,205.06,108.31,57.7,103.74,140.78,74.94,100.0
2020-04-17,168.9086800061363,207.02,113.15,57.99,104.08,138.9,74.91,100.0
2020-04-20,166.0925709184469,204.57,111.78,57.12,103.49,140.01,74.91,100.0
2020-04-21,161.0261463497272,197.02,109.15,56.07,103.12,141.78,74.93,100.0
2020-04-22,164.485202717711,202.87,110.49,56.57,103.19,140.33,74.9,100.0
2020-04-23,164.46591429930214,202.43,111.61,56.54,103.63,141.07,74.89,100.0
2020-04-24,166.75480661715014,205.62,113.5,56.01,103.55,141.4,74.89,100.0
2020-04-27,169.23658311908645,207.28,117.94,56.24,102.72,138.77,74.89,100.0
2020-04-28,168.4071811275067,203.37,119.52,56.41,103.0,140.37,74.92,100.0
2020-04-29,172.80494052472025,210.59,125.51,57.37,103.67,139.64,74.91,100.0
2020-04-30,171.31973230724023,210.5,120.77,57.52,102.97,138.01,75.04,100.0
2020-05-01,166.72265925313542,204.57,116.09,56.53,102.56,139.19,74.93,100.0
2020-05-04,167.16629287653853,206.95,116.49,56.45,102.72,138.54,74.93,100.0
2020-05-05,168.67721898523033,209.3,117.33,56.93,102.59,137.65,74.92,100.0
2020-05-06,167.60992649994165,210.59,116.36,56.61,101.44,135.43,74.95,100.0
2020-05-07,169.59020412324833,213.3,118.13,56.76,101.71,137.69,75.0,100.0
2020-05-08,172.42560162934652,216.22,122.72,57.29,101.23,135.9,74.98,100.0
2020-05-11,172.48989635737595,218.15,122.06,57.03,100.33,134.84,74.96,100.0
2020-05-12,168.91510947893923,213.59,117.61,56.96,101.3,136.23,74.97,100.0
2020-05-13,165.9318340983733,210.91,113.66,56.66,101.53,137.18,74.97,100.0
2020-05-14,168.02141275933,213.31,114.24,56.47,102.37,138.52,74.96,100.0
2020-05-15,168.76080213166856,214.69,115.97,56.55,102.73,138.17,75.0,100.0
2020-05-18,173.85937406440297,218.69,123.0,57.55,103.32,135.13,74.94,100.0
2020-05-19,172.25200586366702,218.14,120.61,57.62,103.4,135.64,74.98,100.0
2020-05-20,175.09383284256816,222.5,124.22,58.23,104.53,136.04,74.98,100.0
2020-05-21,173.79507933637353,220.08,124.46,58.21,104.45,136.38,74.97,100.0
2020-05-22,174.1744182317472,220.84,124.98,58.36,104.45,137.2,74.97,100.0
2020-05-26,176.36686845755102,220.24,128.59,58.8,104.31,135.36,74.97,100.0
2020-05-27,178.9322281059256,221.44,132.65,58.92,104.74,135.12,74.95,100.0
2020-05-28,178.64933130259607,221.15,129.53,58.97,104.83,134.62,74.98,100.0
2020-05-29,179.48516276697876,224.5,128.77,59.21,105.51,135.58,74.98,99.98810939357908
2020-06-01,180.0509563736378,225.07,129.9,59.66,105.46,134.67,74.97,100.0
2020-06-02,181.60688879195018,226.58,131.05,60.25,105.83,134.18,74.97,100.0
2020-06-03,183.96650531063057,227.6,134.14,60.53,105.73,132.39,74.91,100.0
2020-06-04,183.52287168722745,226.0,134.02,60.34,105.41,130.48,74.93,100.0
2020-06-05,188.27425208860288,230.48,139.19,60.91,105.96,129.55,74.91,100.0
2020-06-08,190.48599073281557,232.27,141.88,60.99,106.29,130.04,74.89,100.0
2020-06-09,189.18723722662094,233.95,139.44,60.51,106.08,131.52,74.91,100.0
2020-06-10,188.06207948610577,236.76,135.48,60.42,106.78,133.47,74.96,100.0
2020-06-11,177.24770623155436,225.03,125.26,58.87,105.51,135.99,74.92,100.01189060642093
2020-06-12,179.42086803894938,226.82,128.28,59.46,106.02,134.68,74.95,99.99999999999999
2020-06-15,181.03466571248822,229.47,131.3,60.02,107.53,134.76,74.93,99.99999999999999
2020-06-16,184.35870315161017,233.52,134.25,60.28,107.23,132.69,74.92,99.99999999999999
2020-06-17,183.71575587131582,234.26,131.79,60.0,107.02,133.24,74.95,99.99999999999999
2020-06-18,183.7736211265423,234.9,131.84,59.98,107.26,134.65,74.94,100.0118906064209
2020-06-19,183.5526028553629,234.86,131.06,59.77,107.34,134.76,74.96,99.99999999999997
2020-06-22,184.8188393103696,237.67,132.5,59.73,107.24,134.77,74.94,99.98810939357905
2020-06-23,185.6134672897871,239.7,132.96,59.82,107.04,133.85,74.96,100.0118906064209
2020-06-24,180.98136760489007,234.75,128.65,59.21,106.74,135.29,74.97,99.98810939357905
2020-06-25,182.79027682632824,236.99,130.48,59.23,106.85,135.68,74.97,99.99999999999997
2020-06-26,178.5264193757954,231.39,127.28,58.66,106.95,137.13,74.99,99.99999999999997
2020-06-29,181.18810008734013,233.92,131.49,58.33,107.45,136.7,75.01,99.99999999999997
2020-06-30,183.79163728819583,238.5,133.24,58.87,107.75,136.04,75.0,99.99999999999997
2020-07-01,184.76069579968058,241.29,131.9,59.05,108.18,135.77,74.98,100.01914387633765
2020-07-02,185.72329392108875,242.92,132.45,59.48,108.44,135.91,75.01,100.01914387633765
2020-07-06,188.5917071150836,248.9,133.46,59.91,108.72,135.36,74.98,100.00725240756148
2020-07-07,186.66651087226725,247.18,131.0,59.52,108.87,137.26,75.0,100.00725240756148
2020-07-08,188.0877966891115,250.44,132.01,59.67,108.69,136.71,75.0,100.01914387633764
2020-07-09,187.15750051808618,252.55,129.38,59.54,109.3,138.89,75.02,100.01914387633764
2020-07-10,188.96640973952435,254.27,131.43,59.75,109.1,138.19,74.99,100.01914387633764
2020-07-13,187.28670831961745,249.04,129.76,59.42,108.81,138.65,74.99,100.01914387633764
2020-07-14,189.73519615863557,250.8,131.91,59.93,109.44,138.85,75.0,100.01914387633764
2020-07-15,191.5505657701503,251.31,136.81,60.27,109.66,138.2,75.01,100.01914387633764
2020-07-16,190.88514559226414,249.6,135.89,60.32,109.97,138.85,75.01,100.01914387633764
2020-07-17,191.38259562815963,249.89,136.33,60.49,110.26,138.56,75.03,100.01914387633764
2020-07-20,192.91370807630554,256.98,135.7,60.85,110.57,138.9,75.01,100.01914387633764
2020-07-21,193.28841070074628,254.3,137.64,61.14,110.71,138.99,75.03,100.01914387633764
2020-07-22,194.43189974429828,255.2,137.75,61.26,111.07,139.4,75.02,100.01914387633764
2020-07-23,192.12554048696458,248.53,137.91,61.22,111.15,141.03,75.02,100.01914387633764
2020-07-24,190.91098715257039,246.17,135.85,61.27,110.95,141.02,75.03,100.01914387633764
2020-07-27,192.31935218926154,250.56,137.29,61.42,110.57,140.5,75.0,100.01914387633764
2020-07-28,191.14356119532673,247.37,135.91,61.24,110.46,141.47,75.02,100.00725240756145
2020-07-29,193.35301460151197,250.22,138.84,61.6,111.06,141.23,75.04,100.01914387633761
2020-07-30,192.73927754423826,251.53,138.35,61.73,110.94,142.16,75.06,100.00725240756142
2020-07-31,194.17994453131226,256.02,136.98,61.85,111.09,142.07,75.07,100.0191438763376
2020-08-03,195.53016605731435,259.48,139.26,61.86,111.24,141.35,75.07,100.04352138732872
2020-08-04,196.31833364665525,260.45,140.24,61.84,111.65,142.7,75.08,100.03162843423941
2020-08-05,197.52642659097287,261.09,142.96,61.95,111.5,141.45,75.06,100.03162843423941
2020-08-06,198.8895688971281,264.55,143.01,62.09,111.97,142.24,75.06,100.03162843423941
2020-08-07,199.03815786888904,261.49,145.25,61.93,111.66,141.3,75.05,100.04352138732872
2020-08-10,199.6260533658565,260.38,146.74,61.96,111.42,140.66,75.04,100.01973548115008
2020-08-11,197.99803506656215,255.45,145.88,61.4,110.72,138.99,75.02,100.03162843423941
2020-08-12,200.67263655826002,261.87,146.5,61.42,110.44,137.73,75.0,100.04352138732872
2020-08-13,200.37545861473808,262.47,146.21,61.25,109.45,136.26,74.99,100.03162843423941
2020-08-14,200.39483978496776,262.16,146.1,61.14,108.96,135.72,75.0,100.04352138732872
2020-08-17,201.03441840254766,265.2,146.87,61.5,109.19,136.06,75.01,100.04352138732872
2020-08-18,201.4349625872947,267.76,145.45,61.6,109.5,137.04,75.02,100.04352138732872
2020-08-19,200.56280992695844,265.95,145.4,61.42,109.21,136.18,75.02,100.04352138732872
2020-08-20,201.26699244530403,269.64,144.86,61.63,109.6,137.41,75.02,100.04352138732872
2020-08-21,201.94533340334328,271.51,143.79,61.61,109.8,138.24,75.01,100.04352138732872
2020-08-24,203.99327705761436,273.21,145.31,61.91,109.61,138.01,75.0,100.04352138732872
2020-08-25,204.73622191641937,275.36,145.46,61.97,109.13,136.95,75.01,100.04352138732872
2020-08-26,206.79708635084359,281.23,144.57,61.96,109.17,136.43,75.01,100.03162843423941
2020-08-27,207.2299324859734,280.36,144.93,61.87,108.3,134.11,75.0,100.04352138732872
2020-08-28,208.5607728417458,281.78,146.15,61.92,108.63,134.01,75.03,100.04352138732872
2020-08-31,208.1150059264628,284.04,144.44,61.83,109.12,134.9,75.05,100.03162843423941
2020-09-01,209.81408851659938,288.9,146.26,62.2,109.8,136.44,75.04,100.02782268925081
2020-09-02,212.85047185258495,291.64,147.37,62.24,110.24,137.74,75.04,100.05161051866564
2020-09-03,205.56315184621968,276.85,143.09,61.85,110.0,138.13,75.04,100.05161051866564
2020-09-04,203.67025755378614,273.16,142.08,61.69,108.83,135.51,75.01,100.05161051866564
2020-09-08,198.26937144977782,260.03,139.38,61.34,108.93,136.34,75.02,100.05161051866564
2020-09-09,202.13268471556364,267.67,141.5,61.82,109.01,135.98,75.03,100.05161051866564
2020-09-10,198.77974226582643,262.33,139.69,61.53,109.09,136.67,75.02,100.03971660395825
2020-09-11,198.75390070552018,260.51,138.66,61.66,109.17,136.96,75.04,100.05161051866564
2020-09-14,201.34451712622274,265.05,142.35,61.59,109.44,136.95,75.03,100.05161051866564
2020-09-15,202.33941719801373,268.81,142.57,61.76,109.6,136.62,75.03,100.03971660395825
2020-09-16,201.60293272928533,264.52,143.99,61.77,109.64,136.21,75.04,100.05161051866564
2020-09-17,199.81340467807686,260.39,142.96,61.69,109.66,136.63,75.03,100.03971660395825
2020-09-18,198.430379875422,257.06,142.56,61.54,109.46,136.2,75.04,100.03971660395825
2020-09-21,196.2436940895413,258.06,137.63,61.04,109.43,136.89,75.03,100.05161051866564
2020-09-22,198.15136655556185,262.85,138.63,61.26,109.42,136.78,75.04,100.05161051866564
2020-09-23,193.49249298208312,254.82,134.51,60.63,108.63,136.97,75.04,100.05161051866564
2020-09-24,194.02456489437455,256.01,134.46,60.67,108.35,137.49,75.04,100.03971660395825
2020-09-25,197.20401900440882,261.96,136.69,60.56,108.24,137.49,75.04,100.05161051866564
2020-09-28,200.51973543344448,267.4,140.16,60.96,108.79,137.1,75.05,100.06350443337304
2020-09-29,199.42963688143277,266.2,139.46,61.01,108.65,137.26,75.04,100.06350443337304
2020-09-30,200.56515620644498,268.02,139.75,61.26,108.64,135.94,75.05,100.05161051866564
2020-10-01,202.1548832614621,272.27,142.03,61.42,108.94,136.17,75.04,100.0577953543135
2020-10-02,200.29912025029924,264.62,142.74,61.47,108.95,135.66,75.04,100.0577953543135
2020-10-05,203.8030084531941,270.26,146.67,61.93,108.59,133.01,75.02,100.0577953543135
2020-10-06,200.94149975416335,265.44,146.22,61.79,108.5,133.73,75.02,100.0577953543135
2020-10-07,204.41943322962933,270.03,149.39,62.01,108.53,132.75,75.01,100.0577953543135
2020-10-08,206.15839996736236,271.46,151.11,62.17,108.8,133.47,75.01,100.0577953543135
2020-10-09,208.00767429666794,275.61,151.87,62.29,109.05,133.44,75.01,100.0577953543135
2020-10-12,211.38178886241855,284.12,152.9,62.6,109.68,133.87,75.03,100.0577953543135
2020-10-13,210.0710751272616,284.11,151.86,62.32,109.58,134.83,75.02,100.0577953543135
2020-10-14,208.72791798281858,281.74,150.39,62.17,109.68,135.13,75.02,100.0577953543135
2020-10-15,208.4943254359589,279.85,151.94,62.13,109.57,134.9,75.04,100.0577953543135
2020-10-16,208.35806311695742,278.31,151.55,62.05,109.38,134.53,75.03,100.0577953543135
2020-10-19,205.24998450735254,273.77,149.79,61.83,109.17,134.02,75.03,100.0577953543135
2020-10-20,205.9507621479315,274.36,150.05,62.05,108.95,132.74,75.02,100.0577953543135
2020-10-21,205.56144123649878,274.15,148.75,62.03,108.77,132.28,75.02,100.0577953543135
2020-10-22,206.7553586982259,274.14,151.33,62.16,108.53,130.91,74.99,100.0577953543135
2020-10-23,207.3393400653751,274.68,152.15,62.23,108.8,131.71,75.0,100.06969000426051
2020-10-26,203.61483667933499,270.56,148.96,61.68,109.03,132.93,75.01,100.06969000426051
2020-10-27,202.96596849361373,272.67,147.67,61.71,109.47,133.83,75.01,100.05779535431351
2020-10-28,195.99063549711008,262.04,143.12,61.19,108.93,133.95,75.01,100.05779535431351
2020-10-29,198.02159291841764,266.62,144.81,61.37,108.65,132.65,75.03,100.06969000426054
2020-10-30,195.98414681525284,259.86,142.94,61.5,108.08,131.34,75.02,100.06969000426054
2020-11-02,198.08647973698973,260.44,145.47,61.66,108.5,132.33,75.02,100.07577411770845
2020-11-03,201.51899243945527,264.94,149.59,62.18,108.61,131.56,75.0,100.07577411770845
2020-11-04,206.1648886492196,276.77,149.71,62.76,110.24,134.41,75.02,100.07577411770845
2020-11-05,210.0840524909761,283.99,153.99,62.98,110.65,134.65,75.0,100.06387874458143
2020-11-06,210.07756380911889,284.2,152.69,62.76,110.3,133.02,75.01,100.07577411770845
2020-11-09,212.73792337057614,278.39,158.42,63.24,109.47,130.22,74.98,100.07577411770845
2020-11-10,212.4134892777155,273.4,161.15,63.15,109.19,129.47,74.97,100.07577411770845
2020-11-11,214.0032163327326,279.52,161.18,63.13,109.39,129.94,74.96,100.06387874458143
2020-11-12,211.972258911425,278.21,158.67,62.7,109.83,132.15,74.96,100.07577411770845
2020-11-13,214.8272789285986,280.65,161.92,62.92,109.95,131.97,74.96,100.07577411770845
2020-11-16,217.51359321748467,282.84,165.73,63.27,110.31,131.66,74.98,100.07577411770845
2020-11-17,216.4624267566162,281.94,166.64,63.29,110.67,132.52,74.97,100.06387874458143
2020-11-18,213.7177143310152,279.86,164.24,63.17,110.9,132.9,74.97,100.07577411770845
2020-11-19,214.7429260644548,282.05,165.54,63.39,111.52,133.59,74.99,100.07577411770845
2020-11-20,213.17915373686657,280.12,165.68,63.27,111.42,134.77,75.0,100.06387874458143
2020-11-23,214.4833787901663,280.13,168.85,63.36,111.56,134.15,75.0,100.07577411770845
2020-11-24,217.85100467405974,284.06,171.95,63.56,111.31,132.82,75.01,100.06387874458143
2020-11-25,217.46168376262696,285.81,171.24,63.53,111.37,132.41,75.02,100.06387874458143
2020-11-27,218.19490481249198,288.44,172.18,63.63,111.77,133.69,75.02,100.0876694908355
2020-11-30,217.29297803433943,289.03,169.26,63.56,112.13,133.53,75.03,100.07577411770845
2020-12-01,219.4731751383629,292.74,170.5,63.83,111.73,131.56,74.99,100.07039146136849
2020-12-02,220.05715650551204,293.11,170.79,63.9,111.36,130.51,75.01,100.07039146136849
2020-12-03,219.96631495951112,293.53,171.7,63.94,111.8,131.57,75.03,100.08228760871292
2020-12-04,221.83505533438841,294.72,175.73,64.21,111.18,129.64,75.02,100.07039146136849
2020-12-07,221.46520046852726,296.39,175.89,64.18,111.28,130.81,75.04,100.07039146136849
2020-12-08,222.08162524496245,297.39,178.11,64.13,111.15,131.42,75.02,100.07039146136849
2020-12-09,220.03120177808322,290.66,176.74,64.03,110.74,130.99,75.01,100.07039146136849
2020-12-10,220.08959991479807,291.83,178.58,64.15,111.29,132.15,75.03,100.08228760871292
2020-12-11,219.64836954850765,291.18,177.62,64.08,111.41,132.62,75.07,100.08228760871292
2020-12-14,218.9086598167854,293.29,178.11,64.1,111.33,132.25,75.06,100.08228760871292
2020-12-15,221.70528169724406,296.43,182.46,64.3,111.55,131.81,75.06,100.08228760871292
2020-12-16,222.00376106267586,298.06,181.55,64.2,111.46,131.46,75.06,100.08228760871292
2020-12-17,223.28203138854676,300.01,183.82,64.3,111.62,131.11,75.06,100.08963942777176
2020-12-18,223.4247823894054,299.1,182.9,64.35,111.54,130.72,75.06,100.08963942777176
2020-12-21,222.51869793274236,298.54,182.79,64.12,111.32,131.24,75.06,100.08963942777176
2020-12-22,222.30358435670001,299.35,184.88,64.2,111.63,131.91,75.06,100.08963942777176
2020-12-23,222.42091903454124,297.85,186.48,64.49,111.65,131.0,75.07,100.08963942777176
2020-12-24,223.35307786405795,299.16,186.36,64.62,112.03,131.52,75.06,100.08963942777176
2020-12-28,225.28258145522543,302.18,185.75,64.7,112.11,131.58,75.06,100.08963942777176
2020-12-29,224.9240588284882,302.45,182.18,64.62,112.16,131.41,75.06,100.08963942777176
2020-12-30,225.17176537059754,302.46,184.03,64.76,112.3,131.7,75.07,100.08963942777176
2020-12-31,226.51459557255868,303.2,183.94,64.81,112.33,131.89,75.06,100.08963942777176
2021-01-04,223.32048489799092,298.92,181.22,64.65,111.76,131.73,75.07,100.10153644898034
2021-01-05,224.78716837100671,301.31,184.13,64.68,111.4,130.75,75.07,100.10153644898034
2021-01-06,226.00614530191314,297.21,191.6,64.58,110.5,128.07,75.03,100.08963942777176
2021-01-07,229.46751829823037,304.4,194.94,64.76,110.48,126.94,75.05,100.08963942777176
2021-01-08,230.77123694091105,308.31,194.5,64.86,110.4,126.53,75.04,100.08963942777176
2021-01-11,229.20677456969423,303.86,194.37,64.51,109.93,126.32,75.03,100.08963942777176
2021-01-12,229.18070019684058,303.37,197.78,64.59,110.16,126.22,75.03,100.08963942777176
2021-01-13,229.81300373854077,305.42,196.43,64.79,111.02,127.64,75.02,100.08963942777176
2021-01-14,229.13507004434678,303.79,200.41,64.77,110.54,126.44,75.03,100.08963942777176
2021-01-15,227.37504987672784,301.38,197.29,64.67,110.71,126.95,75.04,100.08963942777176
2021-01-19,229.1676630104138,305.78,199.94,64.85,110.94,127.36,75.06,100.08963942777176
2021-01-20,232.29006915963407,312.89,200.76,64.97,110.87,127.48,75.06,100.08963942777176
2021-01-21,232.5051827356764,315.4,199.01,64.93,110.43,126.59,75.06,100.08963942777176
2021-01-22,231.69687717721436,314.49,201.32,64.81,110.35,127.0,75.06,100.10153644898034
2021-01-25,232.73985209135896,317.09,201.31,64.82,110.82,128.49,75.07,100.10153644898034
2021-01-26,232.26399478678047,317.55,199.76,64.73,110.81,128.25,75.06,100.10153644898034
2021-01-27,226.7557835214545,308.7,196.22,64.54,110.62,128.58,75.06,100.10153644898034
2021-01-28,228.4897293162198,310.53,195.49,64.73,110.44,127.87,75.06,100.10153644898034
2021-01-29,224.02449296503843,303.99,192.42,64.56,110.28,127.1,75.08,100.10153644898034
2021-02-01,227.58364485955678,311.59,197.23,64.74,110.49,127.24,75.09,100.09554986790819
2021-02-02,230.7516811612709,316.67,199.9,64.93,110.19,126.42,75.06,100.09554986790819
2021-02-03,231.10368519479465,315.42,200.63,64.98,109.93,125.3,75.07,100.09554986790819
2021-02-04,233.69156670051586,319.15,204.76,65.12,110.12,124.97,75.07,100.09554986790819
2021-02-05,234.6106883436058,320.23,207.56,65.21,109.83,123.92,75.09,100.10744759165333
2021-02-08,236.3576713247979,322.37,212.84,65.4,110.27,124.46,75.08,100.09554986790819
2021-02-09,236.23381805374325,322.31,213.91,65.28,110.13,124.56,75.06,100.09554986790819
2021-02-10,236.149076341969,321.57,212.49,65.27,110.39,125.39,75.07,100.10744759165333
2021-02-11,236.4750060026392,323.34,212.24,65.3,110.1,124.7,75.07,100.10744759165333
2021-02-12,237.70050152675904,325.15,212.8,65.4,109.74,123.15,75.08,100.10744759165333
2021-02-16,237.4853879507167,324.27,211.52,65.3,108.96,121.27,75.06,100.10744759165333
2021-02-17,237.5310181032105,322.71,209.87,65.26,109.51,122.05,75.07,100.09554986790819
2021-02-18,236.5401919347732,321.3,206.66,65.19,109.3,121.55,75.07,100.10744759165333
2021-02-19,236.07737181662154,319.9,210.84,65.2,108.51,119.94,75.08,100.10744759165333
2021-02-22,234.27824008972215,311.61,209.52,64.99,107.83,119.02,75.06,100.10744759165333
2021-02-23,234.54550241147172,310.68,207.68,65.16,107.91,118.68,75.07,100.10744759165333
2021-02-24,237.15945829004653,313.24,212.62,65.22,108.08,117.9,75.05,100.10744759165333
2021-02-25,231.42961485546482,302.32,204.7,64.6,106.36,115.98,74.94,100.09554986790819
2021-02-26,230.00204294172946,303.59,203.87,64.41,107.77,119.81,75.04,100.10744759165333
2021-03-01,235.6992934102441,312.72,211.81,65.14,107.88,118.23,75.03,100.11934531539848
2021-03-02,233.96534761547878,307.7,207.6,65.03,107.76,118.24,75.05,100.11934531539848
2021-03-03,230.8429414662585,298.77,205.34,64.82,106.96,116.95,75.01,100.09554986790819
2021-03-04,227.98127904557438,293.88,199.87,64.58,106.08,116.2,75.01,100.1193453153985
2021-03-05,232.14666010893922,298.31,203.76,64.77,105.94,116.43,75.01,100.10744759165335
2021-03-08,231.03198066944722,289.86,204.85,64.3,104.96,115.52,74.98,100.10744759165335
2021-03-09,234.3108330557892,301.3,209.09,64.39,105.75,117.12,74.98,100.10744759165335
2021-03-10,235.679737630604,300.44,212.68,64.59,106.25,117.36,75.01,100.10744759165335
2021-03-11,238.1372472720571,307.36,217.43,64.83,106.31,116.51,75.01,100.10744759165335
2021-03-12,238.46969552594066,304.86,218.87,64.65,105.09,114.04,75.0,100.10744759165335
2021-03-15,239.96897196502348,308.12,219.55,64.66,105.45,114.71,75.01,100.10744759165335
2021-03-16,239.59089355864612,309.81,215.81,64.51,105.37,114.25,75.01,100.1193453153985
2021-03-17,240.41223630353494,311.09,217.61,64.6,105.47,113.39,75.02,100.10744759165335
2021-03-18,236.97041908685787,301.56,210.97,64.1,104.87,112.24,75.01,100.10744759165335
2021-03-19,237.39268573291028,302.62,212.59,64.35,105.02,112.94,75.01,100.1193453153985
2021-03-22,239.2046938328832,308.3,210.93,64.58,105.41,114.2,75.01,100.10744759165335
2021-03-23,237.4253934603466,306.95,203.42,64.65,105.71,115.24,75.01,100.1193453153985
2021-03-24,236.20866599971498,301.77,198.65,64.69,106.03,115.86,75.03,100.10744759165335
2021-03-25,237.48426736973204,301.25,203.38,64.8,105.9,114.94,75.04,100.10744759165335
2021-03-26,241.25219757039767,305.77,206.96,64.99,105.84,114.54,75.04,100.10744759165335
2021-03-29,241.16061593357597,305.68,201.2,65.03,105.58,113.57,75.02,100.10744759165335
2021-03-30,240.51300293033654,304.14,204.63,64.87,105.9,114.16,75.02,100.10744759165335
2021-03-31,241.50731784440106,308.8,207.3,65.19,106.18,113.53,75.0,100.10744759165335
2021-04-01,244.1173944938205,314.06,209.93,65.33,106.85,115.41,75.0,100.12042324916983
2021-04-05,247.62366287499555,320.33,211.08,65.36,106.32,114.91,74.98,100.10852539732798
2021-04-06,247.47320732878842,320.11,210.46,65.47,107.03,115.69,75.0,100.12042324916983
2021-04-07,247.76103533022814,320.88,207.06,65.45,106.82,114.88,75.0,100.10852539732798
2021-04-08,248.9385135179362,324.23,208.82,65.47,107.21,115.83,75.03,100.12042324916983
2021-04-09,250.75052161790907,326.2,208.85,65.42,106.99,115.41,75.0,100.10852539732798
2021-04-12,250.84210325473077,325.77,208.03,65.36,106.97,115.36,74.99,100.10852539732798
2021-04-13,251.5812978947919,329.57,207.49,65.4,107.44,116.22,75.01,100.12042324916983
2021-04-14,250.72435543595995,325.62,209.53,65.37,107.3,115.85,75.01,100.12042324916983
2021-04-15,253.41947217671384,330.55,210.44,65.63,107.96,117.79,75.03,100.12042324916983
2021-04-16,254.26333154457126,330.94,210.78,65.5,107.22,116.88,75.02,100.12042324916983
2021-04-19,253.01389635650332,327.91,208.04,65.39,106.94,116.54,75.01,100.12042324916983
2021-04-20,251.1626389836068,325.52,203.78,65.28,107.15,117.08,75.03,100.12042324916983
2021-04-21,253.53721999548463,328.31,208.76,65.5,107.52,117.31,75.05,100.10852539732798
2021-04-22,251.22151289299222,324.35,207.9,65.38,107.62,117.83,75.04,100.12042324916983
2021-04-23,253.9493373611824,328.43,211.82,65.55,107.71,117.55,75.02,100.12042324916983
2021-04-26,254.479202545651,330.57,214.03,65.52,107.66,117.38,75.0,100.10852539732798
2021-04-27,254.42032863626562,329.14,214.34,65.43,107.18,116.36,75.0,100.10852539732798
2021-04-28,254.34837163590566,328.03,214.71,65.56,107.2,116.43,75.01,100.12042324916983
2021-04-29,255.97067491674784,329.21,213.91,65.63,107.07,116.09,75.03,100.12042324916983
2021-04-30,254.2894977265203,327.05,211.0,65.6,107.29,116.36,75.04,100.12042324916983
2021-05-03,254.83898754745064,325.31,212.04,65.63,107.55,116.43,75.03,100.12472075325512
2021-05-04,253.2624750850194,319.45,209.5,65.59,107.61,117.22,75.03,100.12472075325512
2021-05-05,253.34097363086653,318.38,208.67,65.72,107.74,117.41,75.05,100.12472075325512
2021-05-06,255.36885273191925,320.78,208.85,65.7,107.95,117.6,75.05,100.12472075325512
2021-05-07,257.226651650303,323.38,211.47,65.74,107.99,117.02,75.08,100.12472075325512
2021-05-10,254.67544891026898,315.21,206.1,65.59,107.41,115.84,75.05,100.12472075325512
2021-05-11,252.40553262618747,314.78,205.44,65.52,107.01,115.18,75.04,100.12472075325512
2021-05-12,247.04146532662867,306.63,198.77,65.21,106.43,113.97,75.03,100.12472075325512
2021-05-13,250.0113269778478,309.0,202.43,65.44,106.83,114.15,75.05,100.12472075325512
2021-05-14,253.8512141788734,315.82,207.37,65.65,107.42,115.22,75.05,100.12472075325512
2021-05-17,253.17743499368493,313.91,207.66,65.52,107.29,114.97,75.05,100.12472075325512
2021-05-18,251.07105734678504,311.79,206.09,65.37,106.94,114.68,75.06,100.12472075325512
2021-05-19,250.31223807026214,312.15,204.48,65.21,106.75,114.4,75.03,100.12472075325512
2021-05-20,252.981188629067,318.19,205.81,65.48,107.48,115.34,75.07,100.12472075325512
2021-05-21,252.8765239012707,316.42,206.43,65.58,107.56,115.71,75.05,100.12472075325512
2021-05-24,255.4277266413047,321.75,207.74,65.65,107.85,116.14,75.07,100.12472075325512
2021-05-25,254.9174860932979,322.19,205.78,65.66,108.25,117.22,75.07,100.12472075325512
2021-05-26,255.3492280954575,323.31,209.62,65.68,108.19,117.02,75.09,100.12472075325512
2021-05-27,255.43426818679197,322.1,211.69,65.65,107.87,116.54,75.09,100.12472075325512
2021-05-28,256.04917346259504,323.12,211.72,65.63,107.96,116.36,75.09,100.12472075325512
2021-06-01,255.7351792792062,322.05,214.04,65.81,107.97,116.33,75.07,100.12656856895718
2021-06-02,256.17346282685304,322.67,214.26,65.89,108.14,116.6,75.08,100.12656856895718
2021-06-03,255.2183971857121,319.32,212.43,65.77,107.72,116.17,75.05,100.12656856895718
2021-06-04,257.422898014921,324.74,213.38,65.92,108.48,117.76,75.08,100.12656856895718
2021-06-07,257.3116917416375,325.7,216.2,65.94,108.39,117.4,75.07,100.12656856895718
2021-06-08,257.33785792358657,325.86,218.51,65.99,108.8,118.22,75.09,100.13846715108063
2021-06-09,256.95190673983785,325.94,217.13,66.04,109.19,119.26,75.07,100.12656856895718
2021-06-10,258.1359264730331,329.33,215.45,66.16,109.69,119.98,75.1,100.12656856895718
2021-06-11,258.5611269297055,330.19,217.72,66.18,109.78,119.79,75.08,100.12656856895718
2021-06-14,259.136782932585,333.36,217.08,66.12,109.37,118.87,75.05,100.12656856895718
2021-06-15,258.6657916575018,331.18,216.46,66.11,109.46,118.73,75.04,100.12656856895718
2021-06-16,257.22011010481583,329.97,216.0,66.02,109.14,118.62,74.97,100.12656856895718
2021-06-17,257.13507001348137,334.16,213.58,66.07,109.75,120.4,74.97,100.12656856895718
2021-06-18,254.56808579495927,331.54,208.73,66.04,110.33,122.66,74.91,100.11466998683372
2021-06-21,258.21152505475095,333.6,213.19,66.17,109.69,120.61,74.93,100.11466998683372
2021-06-22,259.59012369359107,336.71,214.16,66.21,109.87,120.91,74.97,100.13846715108063
2021-06-23,259.27501543328475,336.87,214.86,66.14,109.7,120.59,74.92,100.12656856895718
2021-06-24,260.81116820227805,338.96,217.9,66.35,109.91,120.79,74.93,100.12656856895718
2021-06-25,261.73679871692786,338.54,218.27,66.42,109.62,119.53,74.92,100.13846715108063
2021-06-28,262.26197915077177,342.66,216.54,66.41,110.09,120.76,74.95,100.12656856895718
2021-06-29,262.40640377007884,343.9,215.5,66.49,110.22,120.96,74.94,100.12656856895718
2021-06-30,262.6296054544625,343.35,215.53,66.5,110.34,121.5,74.96,100.12656856895718
2021-07-01,264.0804164029561,343.49,217.43,66.63,110.25,121.51,74.94,100.12883405899349
2021-07-02,266.1023610732549,347.43,215.36,66.73,110.56,122.24,74.98,100.12883405899349
2021-07-06,265.6165691719493,348.93,212.23,66.7,110.96,123.68,75.0,100.12883405899349
2021-07-07,266.55532919744525,349.67,210.26,66.72,111.34,124.77,75.01,100.12883405899349
2021-07-08,264.3823951524163,347.56,208.32,66.58,111.4,125.26,75.05,100.12883405899349
2021-07-09,267.2052399843269,349.73,212.72,66.69,110.93,123.5,75.02,100.12883405899349
2021-07-12,268.163694276092,351.09,212.9,66.67,110.87,123.34,75.0,100.12883405899349
2021-07-13,267.2446285168652,351.09,208.89,66.47,110.46,122.39,74.94,100.12883405899349
2021-07-14,267.64507859767116,351.72,205.66,66.58,110.97,123.78,74.99,100.12883405899349
2021-07-15,266.7325775938675,349.25,204.5,66.53,111.21,125.15,75.0,100.12883405899349
2021-07-16,264.6384206139151,346.42,201.98,66.44,111.05,124.91,74.99,100.12883405899349
2021-07-19,260.73239113720155,343.59,198.96,65.99,111.85,127.65,75.03,100.12883405899349
2021-07-20,264.4677369729159,347.58,205.13,66.33,111.7,126.42,75.06,100.12883405899349
2021-07-21,266.6078472408296,350.26,208.66,66.48,111.3,124.82,75.04,100.14073291033738
2021-07-22,267.1658514517887,352.58,205.35,66.52,111.76,126.0,75.05,100.12883405899349
2021-07-23,269.9164839740459,356.69,206.3,66.65,111.71,125.16,75.05,100.14073291033738
2021-07-26,270.5795242717737,356.97,206.91,66.55,111.47,124.79,75.04,100.12883405899349
2021-07-27,269.3453502522407,353.04,204.49,66.46,111.94,126.12,75.05,100.12883405899349
2021-07-28,269.2337494100488,354.4,207.5,66.52,112.14,126.13,75.06,100.14073291033738
2021-07-29,270.349757831967,355.03,209.09,66.66,111.82,125.43,75.06,100.14073291033738
2021-07-30,269.0368067473574,353.18,207.71,66.57,111.91,126.02,75.08,100.12883405899349
2021-08-02,268.4722377809752,353.21,206.68,66.4,112.23,127.14,75.11,100.13090564901246
2021-08-03,270.6583013368503,355.35,207.53,66.48,112.35,127.21,75.11,100.13090564901246
2021-08-04,269.3256559859715,355.86,204.95,66.36,112.37,127.47,75.08,100.14280474653461
2021-08-05,271.032492395964,358.12,208.63,66.51,111.91,126.82,75.05,100.13090564901246
2021-08-06,271.47889576473136,356.55,209.91,66.43,111.0,124.7,75.02,100.13090564901246
2021-08-09,271.26225883577075,357.21,208.76,66.28,110.52,124.26,75.0,100.13090564901246
2021-08-10,271.59706136234627,355.38,209.17,66.13,110.27,123.68,74.97,100.13090564901246
2021-08-11,272.2732311709202,354.77,210.19,66.24,110.44,123.61,75.0,100.13090564901246
2021-08-12,273.0872608433782,356.04,209.7,66.35,110.6,123.4,75.0,100.13090564901246
2021-08-13,273.5861822555298,357.29,207.79,66.49,111.34,125.35,75.01,100.13090564901246
2021-08-16,274.22952828698857,357.45,205.85,66.52,111.41,125.66,75.03,100.14280474653461
2021-08-17,272.4307853010734,354.3,203.34,66.36,111.21,125.61,75.01,100.11900655149029
2021-08-18,269.4503863390095,350.89,201.57,66.21,111.14,126.03,75.01,100.13090564901243
2021-08-19,269.86396593066155,352.59,199.15,66.21,111.39,126.96,75.01,100.13090564901243
2021-08-20,272.0106409539983,356.24,202.52,66.36,111.47,127.04,75.01,100.14280474653458
2021-08-23,274.4067766834109,361.57,206.37,66.57,111.55,126.96,75.01,100.13090564901243
2021-08-24,274.84005054133206,362.67,208.4,66.66,111.29,125.97,75.0,100.13090564901243
2021-08-25,275.41774901856024,363.09,209.13,66.73,111.01,124.92,75.0,100.13090564901243
2021-08-26,273.7896896736443,360.78,206.91,66.69,110.97,125.27,75.0,100.13090564901243
2021-08-27,276.23834344644126,364.29,212.75,66.87,111.59,126.12,75.05,100.13090564901243
2021-08-30,277.45282319970516,368.38,211.88,66.96,111.78,126.45,75.07,100.13090564901243
2021-08-31,277.04580836347617,368.08,212.29,66.97,111.52,125.59,75.06,100.13090564901243
2021-09-01,277.1902329827832,368.69,213.72,67.03,111.67,125.8,75.05,100.14579617965167
2021-09-02,278.04365118777946,368.51,215.2,67.11,111.87,126.35,75.05,100.13389672668357
2021-09-03,277.978003633549,369.65,214.21,67.12,111.46,125.2,75.05,100.14579617965167
2021-09-07,276.9801608092457,370.17,212.73,66.95,110.93,124.14,75.02,100.14579617965167
2021-09-08,276.6453582826702,368.88,210.41,67.02,111.29,124.99,75.04,100.14579617965167
2021-09-09,275.46370230652155,367.61,210.31,67.08,112.02,126.5,75.06,100.13389672668357
2021-09-10,273.2907682614927,364.82,208.25,66.98,111.69,125.39,75.03,100.14579617965167
2021-09-13,273.9866323363358,364.57,209.43,67.15,111.97,126.15,75.05,100.14579617965167
2021-09-14,272.50956236614996,363.53,206.76,67.12,112.3,127.68,75.06,100.13389672668357
2021-09-15,274.7875324979476,366.24,208.63,67.22,112.17,127.23,75.06,100.14579617965167
2021-09-16,274.35425864002644,366.49,208.78,67.2,112.02,126.65,75.03,100.14579617965167
2021-09-17,272.6133623094725,362.15,209.06,67.11,111.77,126.04,75.02,100.14579617965167
2021-09-20,268.06804962839925,354.66,204.09,66.88,112.11,127.6,75.03,100.13389672668357
2021-09-21,267.8177280604561,355.1,204.4,66.99,112.11,127.49,75.05,100.14579617965167
2021-09-22,270.43292970449386,358.42,207.57,67.11,112.42,128.25,75.01,100.14579617965167
2021-09-23,273.7134597264859,361.72,211.25,67.14,111.64,125.35,74.96,100.13389672668357
2021-09-24,274.1679909945932,362.06,210.23,67.05,111.4,124.13,74.94,100.14579617965167
2021-09-27,273.3840892423501,359.17,213.42,66.98,111.35,123.67,74.93,100.14579617965167
2021-09-28,267.87042733791776,349.01,208.57,66.68,110.16,121.74,74.94,100.13389672668357
2021-09-29,268.3249586060251,348.44,208.13,66.8,110.13,121.96,74.96,100.14579617965167
2021-09-30,265.04442858403314,347.16,206.17,66.73,109.84,121.94,74.98,100.14579617965167
2021-10-01,268.19321041237083,349.31,209.5,66.89,110.64,122.97,75.02,100.13757008781481
2021-10-04,264.7348203289455,341.98,207.6,66.65,110.46,122.65,74.98,100.14946997730829
2021-10-05,267.4883575763203,346.6,208.31,66.62,110.01,121.47,74.97,100.14946997730829
2021-10-06,268.6016298126992,348.82,207.23,66.58,110.04,122.15,74.96,100.13757008781481
2021-10-07,270.92698543069747,352.02,210.43,66.59,109.55,120.88,74.94,100.13757008781481
2021-10-08,270.43292970449386,350.26,208.84,66.39,109.05,120.03,74.91,100.14946997730829
2021-10-11,268.4698816190449,347.58,207.65,66.18,108.84,119.72,74.85,100.14946997730829
2021-10-12,267.8111406507734,346.36,208.79,66.3,109.53,121.77,74.89,100.14946997730829
2021-10-13,268.7729024644497,349.14,209.78,66.48,110.09,122.96,74.86,100.14946997730829
2021-10-14,273.29845291647484,355.57,212.89,66.86,110.61,123.41,74.86,100.14946997730829
2021-10-15,275.38007437621275,357.81,212.22,66.74,110.21,122.69,74.82,100.14946997730829
2021-10-18,276.19032576718666,361.4,212.09,66.71,110.12,123.27,74.76,100.14946997730829
2021-10-19,278.3246465043863,364.14,212.89,66.76,109.52,121.57,74.79,100.14946997730829
2021-10-20,279.418156511717,363.66,214.3,66.78,109.25,120.75,74.82,100.14946997730829
2021-10-21,280.1427715768156,365.89,214.85,66.61,109.02,120.6,74.73,100.14946997730829
2021-10-22,279.85292555077615,362.81,214.34,66.45,109.46,121.93,74.71,100.14946997730829
2021-10-25,281.3548549584351,366.53,216.37,66.56,109.51,121.75,74.75,100.13757008781481
2021-10-26,281.611763936061,367.68,214.74,66.58,109.98,122.75,74.73,100.14946997730829
2021-10-27,280.36015609634524,368.53,210.79,66.53,110.65,124.99,74.71,100.13757008781481
2021-10-28,283.067581475941,372.63,215.0,66.69,110.49,124.56,74.72,100.13757008781481
2021-10-29,283.64068611833716,374.46,214.94,66.52,110.43,124.94,74.73,100.14946997730829
2021-11-01,284.12815443485806,375.74,220.51,66.45,110.23,124.05,74.7,100.15279956638857
2021-11-02,285.2743637196504,377.31,220.97,66.61,110.65,124.6,74.77,100.16469985150813
2021-11-03,287.0200272855699,381.32,224.92,66.74,110.37,123.31,74.76,100.16469985150813
2021-11-04,288.37044627052643,386.2,224.84,66.92,110.95,124.6,74.83,100.15279956638854
2021-11-05,289.371732542299,386.57,227.91,67.17,111.76,126.47,74.86,100.15279956638854
2021-11-08,289.62205411024223,386.05,228.62,67.08,111.51,126.23,74.77,100.15279956638854
2021-11-09,288.66029229656584,383.39,227.29,67.14,111.81,127.87,74.82,100.15279956638854
2021-11-10,286.3415240882502,377.76,223.71,66.76,110.66,125.54,74.67,100.1646998515081
2021-11-11,286.4337478238082,378.8,225.51,66.65,110.35,125.35,74.62,100.15279956638852
2021-11-12,288.5944181997387,382.79,225.73,66.67,110.23,124.8,74.68,100.15279956638852
2021-11-15,288.6932293449794,382.7,224.84,66.59,109.39,123.23,74.67,100.15279956638852
2021-11-16,289.832851220089,385.43,225.25,66.62,109.21,122.92,74.67,100.14089928126894
2021-11-17,289.13458579372127,385.63,222.3,66.55,109.65,123.89,74.7,100.15279956638852
2021-11-18,290.11610983644573,389.63,221.36,66.5,109.9,124.36,74.69,100.15279956638852
2021-11-19,289.5957044715113,391.8,219.34,66.45,110.31,125.67,74.67,100.15279956638852
2021-11-22,288.7788656708546,387.25,218.41,66.19,109.35,124.2,74.58,100.15279956638852
2021-11-23,289.16093543245205,385.49,218.03,66.1,108.57,122.4,74.58,100.15279956638852
2021-11-24,289.9316623653297,386.73,218.27,66.09,109.09,124.37,74.56,100.16469985150809
2021-11-26,283.46941346658645,379.4,210.04,65.61,109.98,127.51,74.71,100.1527995663885
2021-11-29,286.9475657790599,387.63,209.91,66.02,110.06,126.48,74.75,100.1527995663885
2021-11-30,281.3614423681177,381.94,205.63,65.74,110.3,128.41,74.69,100.1527995663885
2021-12-01,278.23901017851085,375.44,201.0,65.75,110.31,129.2,74.7,100.1569218251539
2021-12-02,282.5010642432274,378.14,206.61,66.23,110.57,129.36,74.6,100.1569218251539
2021-12-03,280.037373021892,371.57,202.37,66.23,111.49,130.9,74.64,100.1569218251539
2021-12-06,283.3574275019802,374.55,206.43,66.53,110.93,129.11,74.58,100.1569218251539
2021-12-07,289.22022211959654,385.82,211.22,66.88,110.98,128.06,74.49,100.1569218251539
2021-12-08,289.98436164279144,387.55,212.66,66.87,110.24,125.85,74.51,100.1569218251539
2021-12-09,288.0279009670251,381.85,207.84,66.57,110.15,126.55,74.49,100.1569218251539
2021-12-10,290.73532634662087,386.0,207.27,66.72,110.27,126.25,74.52,100.1569218251539
2021-12-13,288.17282398004477,380.42,204.39,66.72,110.77,128.11,74.56,100.16882260008559
2021-12-14,286.1768388461822,376.49,202.48,66.6,110.27,127.81,74.52,100.1569218251539
2021-12-15,290.64969002074565,385.07,205.69,66.86,110.41,126.58,74.55,100.1569218251539
2021-12-16,288.0871876541695,375.17,201.53,66.81,110.41,126.63,74.61,100.17453259189783
2021-12-17,286.1020262931566,373.29,203.39,66.75,110.67,128.06,74.57,100.16263113857813
2021-12-20,283.0603573439366,369.67,200.53,66.63,110.18,127.1,74.59,100.16263113857813
2021-12-21,288.0857234339523,377.95,206.26,66.99,110.4,126.62,74.55,100.16263113857813
2021-12-22,290.96869661190874,382.55,208.25,67.16,110.58,127.21,74.54,100.16263113857813
2021-12-23,292.7804733338354,385.43,209.91,67.36,110.41,126.1,74.53,100.17453259189782
2021-12-27,296.9197880342958,391.8,211.88,67.43,110.73,126.41,74.5,100.1626311385781
2021-12-28,296.6751320535976,389.99,210.58,67.4,110.59,125.91,74.5,100.1626311385781
2021-12-29,297.0586468341515,389.93,210.81,67.29,109.98,124.53,74.49,100.1626311385781
2021-12-30,296.23871868262256,388.77,210.75,67.26,110.43,125.58,74.54,100.1626311385781
2021-12-31,295.49152609292287,386.34,210.3,67.24,110.26,125.82,74.53,100.17453259189779
2022-01-03,297.1975056340071,390.06,213.01,67.21,109.09,122.52,74.44,100.16263113857808
2022-01-04,297.0983207769673,385.0,212.69,67.04,109.18,122.01,74.48,100.16263113857808
2022-01-05,291.39849765908104,373.17,205.49,66.52,108.54,121.35,74.39,100.16263113857808
2022-01-06,291.1207800593696,372.91,206.66,66.53,108.4,121.66,74.33,100.16263113857808
2022-01-07,289.97023571770814,368.87,204.27,66.36,107.93,120.79,74.31,100.17453259189777
2022-01-10,289.61317023236495,369.11,203.56,66.42,107.83,121.08,74.27,100.16263113857806
2022-01-11,292.23826278201784,374.66,205.61,66.72,108.15,121.89,74.29,100.16263113857806
2022-01-12,293.03835396213873,376.14,204.19,66.83,108.08,121.42,74.27,100.16263113857806
2022-01-13,288.99822411871827,366.73,202.32,66.59,108.42,122.5,74.3,100.16263113857806
2022-01-14,289.117245947166,369.01,202.6,66.53,107.46,120.65,74.21,100.17453259189774
2022-01-18,283.9993073239132,359.83,196.48,66.21,106.44,118.95,74.09,100.17453259189774
2022-01-19,281.0502109079303,355.88,193.28,66.14,106.61,119.78,74.13,100.17453259189774
2022-01-20,277.94241872068375,351.25,189.78,66.02,106.55,120.52,74.11,100.16263113857804
2022-01-21,272.480639259693,341.51,186.23,66.03,107.25,121.95,74.17,100.16263113857804
2022-01-24,273.6377959251571,343.08,190.52,65.96,106.91,120.95,74.21,100.16263113857804
2022-01-25,270.2985724048177,335.12,187.98,65.77,106.62,120.75,74.18,100.17453259189773
2022-01-26,269.62411537694726,334.6,185.27,65.54,105.89,119.29,74.05,100.17453259189773
2022-01-27,268.2884259688115,331.23,181.06,65.26,106.13,121.48,73.99,100.16263113857802
2022-01-28,274.9536483618849,341.62,184.58,65.44,106.25,121.53,74.01,100.1745325918977
2022-01-31,279.90627889007146,352.54,190.25,65.46,106.3,120.9,74.01,100.1745325918977
2022-02-01,281.79740349763,354.94,192.25,65.72,106.48,120.5,74.01,100.17667604364058
2022-02-02,284.53490555192803,357.83,190.34,65.82,106.48,120.9,74.03,100.17667604364058
2022-02-03,277.843233863644,343.32,186.74,65.23,105.63,119.96,73.96,100.17667604364058
2022-02-04,279.1524739765691,347.65,187.54,64.97,104.57,118.19,73.82,100.16477433566342
2022-02-07,278.259810263211,344.85,188.47,64.93,104.77,118.27,73.83,100.17667604364055
2022-02-08,280.54767429892877,348.73,191.68,64.86,104.37,117.48,73.76,100.17667604364055
2022-02-09,284.65392738037576,356.12,195.32,65.2,104.72,117.7,73.75,100.17667604364055
2022-02-10,279.53598875712294,348.06,192.33,64.34,103.3,115.83,73.37,100.17667604364055
2022-02-11,274.02792302951366,337.02,190.38,64.11,104.07,117.55,73.6,100.1647743356634
2022-02-14,273.1286469923529,337.43,189.72,64.0,103.14,116.08,73.44,100.17667604364053
2022-02-15,277.5324546449193,345.82,194.8,64.11,102.62,114.77,73.47,100.17667604364053
2022-02-16,277.84323386364395,345.74,195.21,64.47,102.77,115.45,73.56,100.17667604364053
2022-02-17,271.9119794126649,335.45,190.21,64.2,102.85,116.3,73.61,100.17667604364053
2022-02-18,270.15310128115937,331.63,188.57,64.29,103.1,117.53,73.62,100.17667604364053
2022-02-22,267.25029113179505,328.3,185.92,64.14,102.97,117.83,73.55,100.17667604364053
2022-02-23,262.58199052712257,319.89,182.39,64.03,102.02,116.21,73.5,100.17667604364053
2022-02-24,266.26505488519985,330.64,187.12,64.48,102.52,116.29,73.56,100.17667604364053
2022-02-25,272.34178045983725,335.76,191.44,64.85,102.93,116.37,73.56,100.17667604364053
2022-02-28,271.64087413675617,336.76,192.21,64.9,104.03,118.92,73.69,100.17667604364053
2022-03-01,267.5081717600985,331.61,188.59,64.71,104.39,120.3,73.86,100.1984668807759
2022-03-02,272.4277406692717,337.17,193.08,64.87,102.8,116.19,73.62,100.1865639980388
2022-03-03,271.072214289728,332.36,190.8,64.68,103.18,117.37,73.62,100.1984668807759
2022-03-04,268.8703104634448,327.54,187.81,64.25,103.28,119.4,73.7,100.1984668807759
2022-03-07,260.94213422406483,315.46,183.14,63.69,102.02,118.48,73.6,100.1984668807759
2022-03-08,258.9650494070718,313.99,184.15,63.47,101.41,117.29,73.51,100.1984668807759
2022-03-09,265.90798939985666,325.3,189.34,64.0,101.59,116.14,73.46,100.1865639980388
2022-03-10,264.704546467774,321.68,189.0,63.46,100.43,114.47,73.4,100.1984668807759
2022-03-11,261.33887365222404,315.01,185.98,63.0,100.39,114.86,73.38,100.1984668807759
2022-03-14,259.42791207325746,308.96,182.18,62.25,98.93,112.18,73.18,100.1984668807759
2022-03-15,265.1343475149464,318.65,185.09,62.72,99.71,111.98,73.21,100.1865639980388
2022-03-16,271.0127033755042,330.47,190.91,63.6,100.56,113.08,73.14,100.1984668807759
2022-03-17,274.4048254862648,334.47,193.91,64.04,101.55,112.24,73.11,100.1984668807759
2022-03-18,278.3166821990053,341.32,195.95,64.25,101.75,113.61,73.1,100.1984668807759
2022-03-21,278.23044210584163,340.37,194.22,63.51,100.34,110.98,72.85,100.1984668807759
2022-03-22,281.48766408609885,347.06,196.17,63.83,100.1,109.55,72.8,100.21036976351296
2022-03-23,277.8655801732263,342.07,192.76,63.63,100.38,111.95,72.86,100.21036976351296
2022-03-24,282.0515416183227,349.67,194.98,63.76,100.42,111.08,72.84,100.21036976351296
2022-03-25,283.43138310894085,349.38,195.24,63.3,99.63,109.54,72.64,100.1984668807759
2022-03-28,285.40163754506386,354.79,195.3,63.7,100.21,110.47,72.57,100.1984668807759
2022-03-29,288.96401677805386,360.89,200.52,64.49,101.02,111.31,72.61,100.21036976351296
2022-03-30,287.2458487681015,356.91,196.66,64.29,101.26,112.18,72.66,100.22227264625005
2022-03-31,282.7746316302331,352.48,194.44,64.06,101.02,112.45,72.66,100.22227264625005
2022-04-01,283.5706940286667,351.81,196.62,64.06,101.36,112.88,72.51,100.24421203971106
2022-04-04,286.00531819720925,359.06,196.94,64.54,101.71,112.09,72.55,100.24421203971106
2022-04-05,282.38986813765695,351.08,192.28,63.7,99.93,109.56,72.42,100.23230655134527
2022-04-06,279.56384662321796,343.46,189.55,63.2,99.34,108.67,72.48,100.23230655134527
2022-04-07,280.9768573804375,344.28,188.93,63.1,98.88,107.85,72.53,100.24421203971106
2022-04-08,280.22059810192565,339.47,187.43,62.72,98.1,106.69,72.44,100.24421203971106
2022-04-11,275.4309560046838,331.43,186.17,62.29,97.15,105.0,72.46,100.24421203971106
2022-04-12,274.4159764466811,330.03,186.76,62.77,97.22,104.85,72.64,100.24421203971106
2022-04-13,277.5537890671733,336.74,190.31,63.14,97.72,105.07,72.68,100.24421203971106
2022-04-14,274.09755148730767,329.04,188.46,62.72,96.58,102.96,72.55,100.24421203971106
2022-04-18,274.2103269937524,329.3,187.19,62.62,95.84,102.45,72.55,100.25611752807681
2022-04-19,278.6417410116991,336.66,190.92,62.56,95.08,101.68,72.38,100.25611752807681
2022-04-20,278.4360915587705,331.75,191.65,62.76,96.07,103.73,72.42,100.25611752807681
2022-04-21,274.27003167363495,324.88,187.36,62.33,95.05,102.96,72.3,100.25611752807681
2022-04-22,266.7406081551177,316.37,182.51,61.95,94.94,102.31,72.28,100.25611752807681
2022-04-25,268.2929298320631,320.44,183.62,62.48,96.0,103.33,72.4,100.25611752807681
2022-04-26,260.51805374069556,308.34,177.83,62.11,95.95,104.37,72.53,100.25611752807681
2022-04-27,261.2544114592466,307.97,177.09,61.8,95.02,103.04,72.49,100.25611752807681
2022-04-28,267.8550955129247,318.91,180.4,62.15,95.31,103.19,72.44,100.2680230164426
2022-04-29,257.95075250574746,304.56,175.19,61.38,94.25,101.85,72.3,100.2680230164426
2022-05-02,259.5030741826929,309.65,177.03,61.39,93.7,100.09,72.3,100.29726765806426
2022-05-03,260.6971677803432,309.98,178.54,61.71,94.3,100.76,72.26,100.29726765806426
2022-05-04,268.6378902047177,320.46,183.31,62.34,95.22,101.32,72.45,100.29726765806426
2022-05-05,259.08514142351527,304.32,175.87,61.23,93.76,98.54,72.33,100.30917661884058
2022-05-06,257.5394535998901,300.67,172.95,60.88,92.97,97.09,72.32,100.30917661884058
2022-05-09,249.29357392278274,288.91,165.67,60.24,93.29,97.94,72.5,100.30917661884058
2022-05-10,249.87071916164706,292.42,165.72,60.59,93.69,98.83,72.46,100.30917661884058
2022-05-11,245.90367487611994,283.75,161.6,60.22,94.12,100.73,72.47,100.30917661884058
2022-05-12,245.64495459662905,283.07,163.49,60.2,94.17,100.55,72.57,100.30917661884058
2022-05-13,251.51591478507638,293.57,168.67,60.27,93.67,99.06,72.55,100.30917661884058
2022-05-16,250.49430137375336,290.16,167.87,60.19,93.8,98.96,72.59,100.30917661884058
2022-05-17,255.64880540361048,297.68,173.0,60.13,93.26,97.76,72.43,100.30917661884058
2022-05-18,245.34643119721645,283.06,166.94,59.64,93.6,99.85,72.47,100.30917661884058
2022-05-19,243.84054649351305,281.55,167.21,60.04,93.85,100.09,72.57,100.32108557961688
2022-05-20,243.94668814663754,280.67,166.79,60.0,94.32,101.22,72.63,100.30917661884058
2022-05-23,248.51077923098984,285.34,168.81,60.23,93.98,99.56,72.59,100.3329945403932
2022-05-24,246.6134971813899,279.27,166.31,60.59,95.21,101.52,72.76,100.3329945403932
2022-05-25,248.79603492376185,283.18,169.3,61.51,96.2,101.92,72.81,100.3329945403932
2022-05-26,253.76479106065116,291.03,173.08,62.37,96.22,101.46,72.83,100.34490350116951
2022-05-27,259.99397932839366,300.53,177.74,62.92,96.72,101.71,72.85,100.34490350116951
2022-05-31,258.5345315979322,299.73,175.53,62.38,96.01,99.56,72.73,100.34490350116951
2022-06-01,256.44486780204414,297.51,174.54,62.15,95.45,99.44,72.6,100.39425780731477
2022-06-02,261.2942145791685,305.66,178.75,62.41,95.49,99.49,72.61,100.40617262547372
2022-06-03,257.04191460086935,297.71,177.19,61.95,95.19,99.28,72.59,100.40617262547372
2022-06-06,257.82470929266225,298.7,177.96,61.48,94.52,97.45,72.49,100.39425780731477
2022-06-07,260.29250272780627,301.28,180.83,61.62,95.02,98.5,72.5,100.39425780731477
2022-06-08,257.46648121336716,299.11,178.03,61.1,94.47,97.63,72.45,100.39425780731477
2022-06-09,251.34343459874918,291.1,174.34,60.61,93.85,97.95,72.4,100.40617262547372
2022-06-10,244.05282979976198,280.83,169.61,59.58,92.94,97.35,72.09,100.40617262547372
2022-06-13,234.78533671133158,267.77,161.64,57.58,90.8,94.29,71.72,100.39425780731477
2022-06-14,234.08214825938197,268.26,160.86,57.96,90.33,93.1,71.58,100.39425780731477
2022-06-15,237.41897647948252,274.96,163.22,59.09,91.74,94.84,71.86,100.39425780731477
2022-06-16,229.55786029495133,263.86,155.66,58.15,91.84,95.59,71.96,100.41808744363267
2022-06-17,231.1014723858725,267.07,156.88,58.33,92.03,95.9,71.94,100.43000226179161
2022-06-21,236.91915990260787,273.81,159.69,58.29,91.1,94.27,71.91,100.44191707995056
2022-06-22,236.4859987472954,273.41,159.38,58.28,91.77,96.87,72.12,100.43000226179161
2022-06-23,238.80507693266077,277.48,161.29,58.69,92.47,97.66,72.19,100.44191707995056
2022-06-24,246.40205719506434,286.99,166.29,59.11,92.58,96.31,72.17,100.43000226179161
2022-06-27,245.4557666711509,284.89,166.91,58.75,91.73,95.49,72.09,100.44191707995056
2022-06-28,240.44442530507416,276.21,163.77,58.1,91.71,95.93,72.07,100.44191707995056
2022-06-29,240.24450477185303,276.46,162.11,58.02,92.25,97.43,72.16,100.4538318981095
2022-06-30,238.29861158183382,273.03,160.85,57.98,92.53,98.29,72.3,100.47766153442741
2022-07-01,240.8176103004203,274.83,162.79,58.54,93.7,99.3,72.52,100.54801496121055
2022-07-05,241.2707635090549,279.54,164.14,58.48,93.68,100.08,72.51,100.55993953603992
2022-07-06,242.08377367748756,281.33,162.93,58.26,93.21,98.4,72.31,100.55993953603992
2022-07-07,245.70899934656438,287.35,166.78,59.21,93.2,97.53,72.25,100.57186411086929
2022-07-08,245.5090788133433,287.71,166.76,59.26,93.05,96.45,72.17,100.57186411086929
2022-07-11,242.70352733047318,281.56,163.41,58.93,93.31,98.11,72.19,100.57186411086929
2022-07-12,240.5577136072329,278.84,162.85,59.16,93.45,98.7,72.23,100.55993953603992
2022-07-13,239.29155023016563,278.26,162.71,59.1,94.15,99.83,72.15,100.54801496121055
2022-07-14,238.7117806838243,279.25,161.04,58.99,93.55,99.01,72.12,100.57186411086931
2022-07-15,243.26996884126646,284.32,164.39,59.74,94.3,99.57,72.18,100.57186411086931
2022-07-18,241.26409949128094,281.91,163.92,59.16,93.64,98.53,72.13,100.57186411086931
2022-07-19,247.78150887429038,290.58,169.71,59.95,93.9,98.0,72.05,100.58378868569866
2022-07-20,249.36088108673746,295.19,172.37,60.21,93.8,98.26,72.04,100.58378868569866
2022-07-21,251.89987185864604,299.43,173.25,60.92,95.08,99.96,72.25,100.59571326052803
2022-07-22,249.56746563773265,294.18,170.49,60.84,95.82,101.64,72.43,100.61956241018675
2022-07-25,249.86734643756438,292.5,171.37,60.82,95.01,100.64,72.37,100.61956241018675
2022-07-26,246.9085225458914,286.76,170.31,60.4,94.99,100.72,72.33,100.6076378353574
2022-07-27,253.3193076445162,298.87,174.19,61.06,95.62,100.15,72.45,100.63148698501611
2022-07-28,256.4780520694103,301.8,176.54,61.69,96.42,100.95,72.6,100.63148698501611
2022-07-29,260.23655809396786,307.3,177.84,61.87,96.64,100.68,72.6,100.6076378353574
2022-08-01,259.47019604995353,307.12,177.77,61.89,96.84,103.1,72.59,100.79329034841831
2022-08-02,257.75754348202565,306.2,177.6,61.6,95.65,100.92,72.34,100.79329034841831
2022-08-03,261.7959382530928,314.54,180.21,62.14,96.69,102.51,72.37,100.8171721847762
2022-08-04,261.61600977319375,316.01,179.83,62.31,96.84,102.47,72.46,100.8171721847762
2022-08-05,261.17618460010726,313.43,181.21,61.99,95.53,100.04,72.17,100.8171721847762
2022-08-08,260.8696397825015,312.41,183.13,62.05,95.91,101.65,72.24,100.8171721847762
2022-08-09,259.8367170275256,308.88,180.63,61.59,95.48,101.25,72.17,100.84105402113408
2022-08-10,265.2945475844629,317.5,185.79,62.51,96.39,100.59,72.24,100.82911310295512
2022-08-11,265.2945475844629,315.7,186.48,62.15,95.46,98.25,72.21,100.85299493931299
2022-08-12,269.78609556416467,321.84,190.29,62.71,96.57,99.25,72.23,100.86493585749193
2022-08-15,270.892322514655,324.44,190.96,62.59,96.5,99.16,72.29,100.86493585749193
2022-08-16,271.42544393657806,323.69,190.89,62.3,96.13,99.57,72.23,100.87687677567088
2022-08-17,269.499542799881,319.99,187.68,61.66,95.22,98.53,72.17,100.87687677567088
2022-08-18,270.28589689721747,320.76,188.92,61.75,95.47,98.68,72.27,100.8888176938498
2022-08-19,266.6540072103667,314.51,184.86,61.13,94.33,97.09,72.22,100.8888176938498
2022-08-22,261.09621638681875,306.23,181.06,60.43,93.7,96.76,72.12,100.93658136656556
2022-08-23,260.4697987160592,305.98,181.35,60.59,93.8,96.23,72.16,100.90075861202874
2022-08-24,261.30280093781397,306.86,182.74,60.66,93.52,95.53,72.08,100.92464044838663
2022-08-25,264.9880027668571,312.29,185.58,61.23,94.49,96.86,72.12,100.94852228474454
2022-08-26,256.0182348430016,299.49,179.48,60.22,93.92,97.59,72.1,100.94852228474454
2022-08-29,254.32557432839587,296.54,177.83,59.99,93.23,96.78,72.05,100.94852228474454
2022-08-30,251.53335088107386,293.23,175.34,59.53,93.34,97.02,72.02,100.94852228474454
2022-08-31,249.62077777992485,291.53,174.28,59.2,92.36,96.09,72.01,100.96046320292346
2022-09-01,250.40713187726138,291.66,172.38,59.36,91.81,94.33,71.96,101.1969041296928
2022-09-02,247.76151682096818,287.53,171.04,59.32,91.88,94.87,72.11,101.1969041296928
2022-09-06,246.8285543326028,285.47,169.35,59.16,90.63,92.52,71.96,101.1969041296928
2022-09-07,251.26012615233827,291.24,173.03,60.01,91.87,93.98,72.06,101.22083340472936
2022-09-08,252.9061385425257,292.75,174.47,60.28,91.66,93.02,71.97,101.24476267976594
2022-09-09,256.8379090292083,299.15,177.98,60.52,91.87,93.22,71.91,101.23279804224765
2022-09-12,259.5968123876601,302.7,180.13,60.7,91.66,92.46,71.9,101.23279804224765
2022-09-13,248.30796627843932,286.1,173.09,59.32,91.0,92.67,71.66,101.25672731728423
2022-09-14,249.2542568023527,288.37,173.76,59.41,91.44,92.99,71.6,101.25672731728423
2022-09-15,246.42204924838643,283.57,172.5,59.03,90.99,92.93,71.52,101.28065659232084
2022-09-16,245.60663870075157,281.84,169.99,59.23,90.78,92.16,71.55,101.28065659232084
2022-09-19,247.51414611381338,284.54,171.44,59.46,90.94,92.37,71.47,101.29262122983911
2022-09-20,244.66961751538796,282.27,169.11,58.85,90.03,91.45,71.44,101.3165505048757
2022-09-21,240.40617112198328,277.22,166.53,58.67,90.37,92.98,71.38,101.32851514239401
2022-09-22,238.38488256498454,273.81,162.77,58.32,89.1,90.61,71.25,101.32851514239401
2022-09-23,234.38915651025516,269.35,158.9,57.58,88.84,90.98,71.16,101.35244441743059
2022-09-26,232.07337558071353,268.23,156.72,56.9,87.3,89.24,71.0,101.35244441743059
2022-09-27,231.4776978271609,268.34,157.26,56.78,85.99,86.89,71.0,101.36440905494888
2022-09-28,236.03563659310848,273.68,162.23,57.79,87.71,89.8,71.31,101.36440905494888
2022-09-29,231.10288935301546,265.79,158.59,57.25,87.06,89.33,71.21,101.38833832998546
2022-09-30,227.52882283169976,261.28,157.44,56.99,86.84,88.18,71.15,101.40030296750375
2022-10-03,233.53914443496103,267.41,161.61,57.74,88.45,89.58,71.31,101.59961109574718
2022-10-04,240.77428658766195,275.82,168.02,58.98,88.86,89.33,71.33,101.61159783608409
2022-10-05,240.21207387644372,275.67,166.78,58.75,88.18,88.48,71.26,101.61159783608409
2022-10-06,237.73566074369688,273.5,165.84,58.57,87.98,87.98,71.17,101.63557131675796
2022-10-07,231.1028893530155,263.08,160.96,57.86,87.1,87.13,71.09,101.64755805709487
2022-10-10,229.34262812622518,260.45,160.06,57.15,86.32,85.78,71.06,101.64755805709487
2022-10-11,227.8902452889115,256.87,160.11,57.33,86.14,86.16,71.1,101.65954479743178
2022-10-12,227.13393533215373,256.79,159.67,57.42,86.04,86.58,71.17,101.63557131675793
2022-10-13,233.13087091848118,262.81,163.63,57.55,86.19,85.75,70.95,101.67153153776869
2022-10-14,227.81662219577578,254.91,159.24,57.37,85.37,85.04,70.92,101.6835182781056
2022-10-17,233.67300460429868,263.33,164.32,58.07,85.78,84.63,71.0,101.6835182781056
2022-10-18,236.4171380757209,265.41,166.27,58.48,86.29,84.83,71.03,101.69550501844253
2022-10-19,234.7438859590001,264.44,163.44,57.92,85.11,83.28,70.9,101.69550501844253
2022-10-20,232.7761414697364,263.09,161.36,57.6,84.37,81.86,70.82,101.71947849911638
2022-10-21,238.4317336242528,269.26,164.87,58.15,84.6,80.38,71.01,101.74345197979022
2022-10-24,241.34988531581394,272.22,165.57,58.19,84.56,79.72,70.99,101.75543872012716
2022-10-25,245.19836518427186,277.85,170.09,58.75,85.69,82.04,71.06,101.74345197979022
2022-10-26,243.351094847412,271.71,170.93,58.91,86.08,83.22,71.12,101.74345197979022
2022-10-27,242.05265120483665,266.77,170.97,59.35,86.48,84.09,71.27,101.79139894113791
2022-10-28,247.81533149482323,274.93,174.85,59.81,86.66,83.52,71.17,101.79139894113791
2022-10-31,246.02160522569844,271.73,175.01,58.91,86.19,82.92,71.06,101.79139894113791
2022-11-01,244.94403086253027,268.96,175.25,59.26,86.81,83.7,70.99,102.09180343541763
2022-11-02,238.7998490899313,259.74,169.44,58.72,86.4,83.33,70.96,102.11584483502565
2022-11-03,236.34351498258513,254.66,168.3,58.3,86.09,82.88,70.82,102.15190693443765
2022-11-04,239.7435632837619,258.76,170.58,58.71,86.26,81.49,70.9,102.16392763424165
2022-11-07,242.03257217943604,261.61,171.35,58.7,85.94,80.68,70.84,102.17594833404566
2022-11-08,243.3444018389452,263.51,171.42,58.64,86.3,81.56,70.91,102.17594833404566
2022-11-09,238.32464548878266,257.43,166.71,57.94,86.08,81.83,71.03,102.21201043345769
2022-11-10,251.42286305847338,276.43,176.97,59.74,88.96,84.98,71.41,102.2240311332617
2022-11-11,253.85911814041896,281.52,178.42,59.95,89.2,84.66,71.39,102.2360518330657
2022-11-14,251.6972764056156,279.06,176.43,59.51,88.75,84.46,71.33,102.2360518330657
2022-11-15,253.8457321234852,282.92,179.04,60.03,89.99,85.82,71.4,102.2360518330657
2022-11-16,251.91145267655588,279.06,175.89,59.91,90.76,87.7,71.41,102.2240311332617
2022-11-17,251.13506369439742,278.44,174.26,59.65,90.27,86.77,71.32,102.27211393247772
2022-11-18,252.27956814223447,278.45,175.39,59.78,90.26,86.18,71.25,102.27211393247772
2022-11-21,251.36262598227142,275.59,174.47,59.75,90.12,86.54,71.23,102.29615533208573
2022-11-22,254.74259525804754,279.55,176.33,60.19,90.93,87.77,71.28,102.32019673169377
2022-11-23,256.34891729009956,282.36,176.79,60.53,91.84,89.3,71.34,102.34423813130178
2022-11-25,256.2886802138976,280.5,177.16,60.4,91.93,89.0,71.35,102.35625883110579
2022-11-28,252.19925204063185,276.39,173.59,59.77,91.27,89.25,71.37,102.3803002307138
2022-11-29,251.7708994987513,274.29,174.1,60.03,90.82,88.2,71.34,102.3803002307138
2022-11-30,259.70211453200807,286.8,178.87,60.93,91.92,88.85,71.55,102.3803002307138
2022-12-01,259.5080172864685,287.15,178.48,61.15,93.07,91.69,71.71,102.7691566466036
2022-12-02,259.20683190545867,286.01,179.52,61.11,93.64,92.84,71.69,102.78121733861707
2022-12-05,254.54849801250785,281.21,174.58,60.52,92.84,91.54,71.49,102.81739941465742
2022-12-06,250.8740363641889,275.38,171.9,60.3,93.13,92.72,71.57,102.8294601066709
2022-12-07,250.45237683077522,274.26,171.4,60.64,94.16,94.9,71.72,102.81739941465744
2022-12-08,252.41342831157206,277.5,172.64,60.68,93.86,94.64,71.65,102.87770287472469
2022-12-09,250.52599992391097,275.73,170.52,60.68,93.16,92.18,71.61,102.87770287472469
2022-12-12,254.14022449602794,279.19,172.52,60.92,93.04,92.48,71.57,102.88976356673814
2022-12-13,256.0611179260235,282.19,173.95,61.55,93.85,93.37,71.78,102.90182425875159
2022-12-14,254.42802386010393,280.1,172.81,61.2,93.94,93.77,71.79,102.90182425875159
2022-12-15,248.20352598590242,270.7,168.49,60.97,94.02,94.13,71.8,103.33198210617249
2022-12-16,246.46428080569814,268.12,167.23,60.65,93.61,93.08,71.87,103.34408895820602
2022-12-19,244.37263666089186,264.35,164.97,60.34,92.67,91.52,71.78,103.34408895820602
2022-12-20,244.70891385459063,264.14,165.84,60.18,91.58,89.89,71.78,103.36830266227307
2022-12-21,248.36760972203317,267.97,168.7,60.7,92.21,90.12,71.85,103.36830266227307
2022-12-22,244.82324810044815,261.42,166.49,60.32,92.18,90.1,71.8,103.42883692244071
2022-12-23,246.23561231398295,262.01,167.25,60.48,91.9,88.78,71.77,103.42883692244071
2022-12-27,245.26040845225654,258.3,166.13,59.85,90.71,87.03,71.67,103.46515747854129
2022-12-28,242.2137370773457,254.89,163.55,59.04,90.43,86.51,71.67,103.46515747854129
2022-12-29,246.5718895076817,261.11,167.69,59.81,91.07,87.5,71.73,103.51358488667539
2022-12-30,245.92623729578008,260.95,167.22,59.86,90.5,86.52,71.64,103.51358488667539
2023-01-03,244.89050353918788,259.18,166.3,59.97,91.12,88.17,71.7,103.53779859074245
2023-01-04,246.7803813677749,260.42,168.37,60.66,91.79,89.38,71.77,103.52569173870893
2023-01-05,243.96237848457923,256.34,166.57,60.54,91.72,89.75,71.67,103.56201229480952
2023-01-06,249.55803098772668,263.42,170.31,61.4,93.22,91.41,71.95,103.58622599887657
2023-01-09,249.41679456637323,265.12,170.59,61.62,93.59,91.89,72.02,103.58622599887657
2023-01-10,251.1654359736068,267.37,173.12,61.55,93.27,90.37,71.95,103.58622599887657
2023-01-11,254.33989268212315,271.99,175.28,61.96,94.07,91.84,72.02,103.58622599887657
2023-01-12,255.26801773673174,273.46,178.22,62.3,95.13,93.65,72.18,103.65886711107777
2023-01-13,256.25667268620606,275.34,179.39,62.3,94.82,92.77,72.05,103.6709739631113
2023-01-17,255.78588461502784,275.9,179.17,62.09,94.48,92.17,72.1,103.65886711107777
2023-01-18,251.75055829064266,272.32,176.27,62.17,95.59,94.4,72.25,103.68308081514483
2023-01-19,249.91448481304735,269.64,174.58,61.8,95.39,93.81,72.24,103.7072945192119
2023-01-20,254.5752867177123,277.02,177.46,61.92,94.89,92.29,72.18,103.73150822327896
2023-01-23,257.62868363649704,283.17,179.66,61.91,94.62,91.86,72.1,103.73150822327896
2023-01-24,257.3529363376641,282.6,179.27,61.96,95.12,93.18,72.13,103.75572192734603
2023-01-25,257.4470939518998,281.97,179.77,61.95,95.16,93.4,72.18,103.76782877937956
2023-01-26,260.27854792284336,287.47,180.84,62.1,95.12,92.97,72.13,103.80414933548015
2023-01-27,260.87712132762715,290.33,181.82,61.91,94.85,92.74,72.13,103.81625618751367
2023-01-30,257.6017814610012,284.46,179.28,61.57,94.49,92.4,72.06,103.84046989158074
2023-01-31,261.38826266204927,288.72,183.64,62.05,95.17,93.14,72.19,103.84046989158074
2023-02-01,264.1659122820011,294.89,186.52,62.71,96.13,94.26,72.32,104.32906732978307
2023-02-02,268.01292337791494,305.48,190.2,63.06,96.27,94.38,72.33,104.3898793298587
2023-02-03,265.1612927753494,300.05,188.92,62.4,95.18,92.97,72.06,104.3898793298587
2023-02-06,263.5404367017214,297.51,186.19,62.0,94.45,92.28,71.86,104.3898793298587
2023-02-07,266.9906407090707,303.68,187.57,62.22,94.14,91.54,71.89,104.41420412988896
2023-02-08,264.07175466776545,298.28,184.83,61.96,94.23,91.97,71.92,104.42636652990409
2023-02-09,261.7783442067399,295.64,182.15,61.56,93.44,91.1,71.87,104.46285372994947
2023-02-10,262.3903686992716,293.7,182.52,61.09,92.78,90.08,71.83,104.47501612996462
2023-02-13,265.4706677935523,298.4,184.71,61.24,93.13,90.84,71.85,104.49934092999489
2023-02-14,265.3496080038208,300.61,184.63,61.26,92.9,90.63,71.7,104.48717852997976
2023-02-15,266.2104776196895,302.91,186.5,61.16,92.54,89.79,71.71,104.52366573002514
2023-02-16,262.54505620837307,297.23,184.71,60.67,91.8,88.51,71.72,104.56015293007054
2023-02-17,261.89267845259747,295.13,185.22,60.91,92.16,89.2,71.78,104.57231533008569
2023-02-21,256.6400286870227,288.14,179.75,59.97,90.86,87.47,71.64,104.59664013011593
2023-02-22,256.28357486170205,288.36,180.24,60.36,91.11,88.27,71.67,104.60880253013107
2023-02-23,257.648860268119,290.88,181.53,60.96,91.83,89.13,71.72,104.65745213019157
2023-02-24,254.89138727978914,286.01,179.83,60.59,91.14,87.97,71.57,104.66961453020672
2023-02-27,255.76570798340597,288.05,180.46,61.0,91.17,88.22,71.63,104.68177693022183
2023-02-28,254.81740629717544,287.68,180.47,60.88,91.2,88.62,71.61,104.69393933023696
2023-03-01,253.84220243544905,285.37,180.7,60.71,90.63,87.67,71.48,105.04422009939272
2023-03-02,255.81278679052386,287.73,181.13,60.78,90.71,86.89,71.51,105.09302679940404
2023-03-03,259.91536855364876,293.68,183.66,61.41,91.74,88.99,71.55,105.10522847440689
2023-03-06,260.09695823824615,294.01,180.97,61.41,91.49,88.3,71.52,105.09302679940404
2023-03-07,256.10871072097876,290.41,178.87,60.97,91.23,88.85,71.37,105.12963182441256
2023-03-08,256.5256944411653,291.86,178.96,60.69,91.08,88.93,71.33,105.14183349941537
2023-03-09,251.79763709776063,286.8,173.98,60.35,90.99,89.15,71.56,105.16623684942104
2023-03-10,248.15911786194,282.77,168.96,60.36,92.3,92.23,71.95,105.1906401994267
2023-03-13,247.80938958049327,284.87,166.21,60.03,92.38,92.44,72.67,105.22724522443521
2023-03-14,251.90524579974425,291.42,169.29,60.46,92.1,90.92,72.39,105.23944689943802
2023-03-15,250.33146853323402,292.94,166.5,60.27,92.98,92.67,72.82,105.28825359944935
2023-03-16,254.72324868293992,300.67,168.77,60.66,92.84,91.95,72.53,105.31265694945502
2023-03-17,252.7568368552846,299.25,164.22,60.3,93.31,93.33,72.89,105.31265694945502
2023-03-20,255.18777541604712,300.31,166.35,60.14,93.03,92.5,72.8,105.32485862445785
2023-03-21,258.53706854420875,304.6,169.42,60.79,93.48,91.71,72.53,105.36146364946634
2023-03-22,254.12761609927003,300.46,164.61,60.85,94.03,92.93,72.86,105.34926197446353
2023-03-23,254.81638202481943,304.02,163.88,60.61,94.29,92.93,73.08,105.38586699947203
2023-03-24,256.4910285889003,305.14,165.36,60.49,94.59,93.33,73.11,105.43467369948335
2023-03-27,256.9704636939396,303.05,167.2,60.34,93.46,91.13,72.8,105.4102703494777
2023-03-28,256.3897394822019,301.44,166.96,60.31,93.3,91.3,72.72,105.44687537448618
2023-03-29,260.1171786087044,306.93,168.86,61.06,93.73,91.12,72.69,105.45907704948903
2023-03-30,261.64326781629427,309.84,168.63,61.43,93.86,91.54,72.7,105.47127872449187
2023-03-31,265.33019130011746,314.99,171.72,62.09,94.71,92.91,72.79,105.48348039949471
2023-04-03,266.34308236710183,314.23,171.8,62.04,95.28,93.34,72.88,105.93689952326999
2023-04-04,264.8642614093046,313.17,168.79,61.86,95.4,93.81,73.05,105.96140493606742
2023-04-05,264.168742876642,310.07,167.13,61.51,95.72,94.79,73.15,105.99816305526357
2023-04-06,265.20189176496615,312.16,167.38,61.79,95.63,95.03,73.12,106.03492117445971
2023-04-10,265.4719960494953,311.99,169.17,61.73,95.19,93.5,72.86,106.04717388085841
2023-04-11,265.5395221206277,309.99,170.51,61.86,95.16,93.69,72.85,106.04717388085841
2023-04-12,264.45910498251095,307.25,169.26,61.85,94.96,93.6,72.93,106.05942658725711
2023-04-13,267.97046068139014,313.26,171.5,62.27,95.13,92.86,72.98,106.1329428256494
2023-04-14,267.3154577914069,312.67,169.91,62.15,94.81,92.01,72.81,106.1451955320481
2023-04-17,268.27432800148546,312.94,172.09,61.99,94.22,90.92,72.7,106.1451955320481
2023-04-18,268.4498957864294,312.96,171.36,62.03,94.53,91.24,72.69,106.15744823844682
2023-04-19,268.40938014375,312.81,171.58,61.78,94.06,91.15,72.62,106.19420635764297
2023-04-20,266.9440644001793,310.43,170.69,61.72,94.42,91.93,72.8,106.2309644768391
2023-04-21,267.14664261357615,310.75,170.92,61.91,94.48,91.42,72.76,106.24321718323779
2023-04-24,267.4302521123318,310.1,170.8,62.08,94.89,92.3,72.84,106.25546988963652
2023-04-25,263.1828622381106,304.25,166.58,61.99,95.31,93.66,73.12,106.25546988963652
2023-04-26,262.0686820644278,306.1,164.98,61.75,94.89,92.66,73.03,106.25546988963652
2023-04-27,267.28844736295395,314.42,167.18,61.95,94.55,91.74,72.89,106.29222800883265
2023-04-28,269.56407596011223,316.59,168.64,62.22,95.28,93.22,72.97,106.29222800883265
2023-05-01,269.2939716755831,316.23,168.74,61.93,93.74,90.53,72.81,106.78486522338187
2023-05-02,266.2688036888564,313.47,165.28,61.87,94.87,92.79,73.05,106.79717329913376
2023-05-03,264.4388471611713,311.42,165.88,61.84,95.03,93.31,73.23,106.79717329913376
2023-05-04,262.5683749908068,310.32,164.02,61.66,94.77,92.39,73.34,106.8587136778932
2023-05-05,267.43025211233186,316.91,167.92,61.99,94.4,92.08,73.17,106.87102175364511
2023-05-08,267.49777818346416,317.7,167.54,61.82,93.72,90.79,73.05,106.87102175364511
2023-05-09,266.3295771528755,315.69,167.04,61.66,93.68,90.46,73.03,106.88332982939701
2023-05-10,267.5720568617097,319.12,167.88,62.03,94.42,91.34,73.21,106.90794598090076
2023-05-11,267.10612697089687,320.16,166.59,61.93,94.79,92.31,73.26,106.96948635966021
2023-05-12,266.75499140100897,319.02,166.26,61.71,94.2,91.53,73.13,106.99410251116399
2023-05-15,267.6733459684081,320.74,168.29,61.69,93.7,90.59,73.14,106.9817944354121
2023-05-16,265.88390508340234,321.11,165.83,61.26,93.23,90.31,73.05,107.01871866266774
2023-05-17,269.11165128352593,324.99,169.53,61.43,93.22,90.05,72.97,107.03102673841963
2023-05-18,271.70465241500597,331.03,170.56,61.46,92.83,89.38,72.84,107.05564288992339
2023-05-19,271.31300120243867,330.28,169.52,61.52,92.72,88.75,72.78,107.06795096567528
2023-05-22,271.42104291625037,331.39,171.59,61.8,92.68,88.43,72.76,107.08025904142717
2023-05-23,268.375617108184,327.19,170.78,61.48,92.87,88.69,72.75,107.10487519293093
2023-05-24,266.4308662595739,325.51,168.97,61.04,92.51,88.25,72.66,107.10487519293093
2023-05-25,268.74025789229836,333.43,167.65,61.0,92.2,88.03,72.5,107.16641557169035
2023-05-26,272.21785055561145,341.95,169.56,61.38,92.6,88.74,72.48,107.19103172319413
2023-05-30,272.31913966230985,343.5,168.93,61.64,93.29,89.63,72.62,107.21564787469791
2023-05-31,270.81330827605973,341.55,167.27,61.45,93.6,90.41,72.69,107.21564787469791
2023-06-01,273.38605158620004,345.5,169.08,61.82,93.88,90.76,72.81,107.82122612541957
2023-06-02,277.33632674743916,348.09,175.21,62.14,93.63,89.77,72.6,107.82122612541957
2023-06-05,276.8096233926073,348.33,172.86,62.09,93.43,89.6,72.62,107.84596427527053
2023-06-06,277.4106054256847,348.27,177.41,62.19,93.61,90.13,72.59,107.883071500047
2023-06-07,276.4517352156061,342.36,180.73,61.84,92.77,88.79,72.53,107.89544057497247
2023-06-08,278.11962917257375,346.61,180.06,62.24,93.39,89.83,72.65,107.93254779974892
2023-06-09,278.61932209895275,347.94,178.6,62.25,93.15,89.71,72.51,107.94491687467438
2023-06-12,281.1515497664137,353.82,179.34,62.19,93.45,89.97,72.58,107.96965502452535
2023-06-13,283.00176411543856,356.54,181.4,62.26,93.03,89.08,72.44,107.98202409945084
2023-06-14,283.3393944711,359.13,179.45,62.29,93.32,89.8,72.4,107.99439317437631
2023-06-15,286.8507501699792,363.41,180.93,62.59,94.13,90.66,72.55,108.05623854900372
2023-06-16,286.9846996115022,361.12,179.48,62.43,93.96,90.31,72.45,108.05623854900372
2023-06-20,285.49337700392164,360.6,178.7,62.26,94.3,90.93,72.48,108.08097669885468
2023-06-21,284.02916935284253,355.69,178.28,62.1,94.2,91.15,72.48,108.09334577378016
2023-06-22,285.0527589607728,359.89,176.96,61.92,93.71,90.05,72.4,108.1428220734821
2023-06-23,282.89711991890636,356.32,174.29,61.81,93.97,90.95,72.46,108.15519114840757
2023-06-26,281.74473426759414,351.54,174.47,61.84,94.07,91.05,72.51,108.16756022333306
2023-06-27,284.8358393087611,357.59,176.99,62.05,93.97,90.81,72.41,108.17992929825853
2023-06-28,284.97819283039377,358.28,177.86,62.41,94.38,91.2,72.49,108.21703652303498
2023-06-29,286.1034635252046,357.57,179.9,62.24,93.66,89.55,72.31,108.25414374781141
2023-06-30,289.47927560963694,363.08,180.76,62.54,94.35,90.61,72.34,108.25414374781141
2023-07-03,289.8114338267798,363.94,181.13,62.45,94.09,90.09,72.25,108.81897136974605
2023-07-05,289.3775945227564,363.93,179.32,62.25,93.42,89.24,72.23,108.83139930160645
2023-07-06,287.1134956548841,361.15,176.43,61.8,92.47,87.97,72.19,108.8811110290481
2023-07-07,286.38817056846995,359.96,178.29,61.86,92.38,87.44,72.27,108.8935389609085
2023-07-10,287.11349565488405,360.07,181.34,62.17,92.86,87.56,72.38,108.8935389609085
2023-07-11,288.9437552187329,361.85,183.2,62.5,93.3,88.01,72.37,108.90596689276887
2023-07-12,291.26886273873356,366.42,185.2,62.99,94.12,88.99,72.58,108.9308227564897
2023-07-13,293.5804127804834,372.64,186.7,63.37,94.79,89.92,72.79,108.96810655207094
2023-07-14,293.3973868240985,372.57,184.87,62.91,94.05,89.4,72.6,108.98053448393135
2023-07-17,294.4141976929034,376.04,186.85,63.02,94.21,89.44,72.63,109.00539034765215
2023-07-18,296.60373043039664,379.12,189.16,63.2,94.45,89.85,72.63,109.01781827951258
2023-07-19,297.26126812555714,379.03,189.96,63.25,94.98,90.86,72.65,109.04267414323338
2023-07-20,295.2886550400756,370.3,188.3,62.97,94.34,89.76,72.56,109.07995793881462
2023-07-21,295.2886550400756,369.18,187.7,63.13,94.51,89.78,72.57,109.09238587067505
2023-07-24,296.610509169522,369.77,188.17,63.02,94.4,89.46,72.48,109.11724173439585
2023-07-25,297.41717912544055,372.28,188.15,62.98,94.25,89.29,72.47,109.12966966625628
2023-07-26,297.4646302993181,371.04,189.63,63.23,94.69,89.38,72.55,109.14209759811668
2023-07-27,295.49201721383656,370.16,187.18,62.73,93.53,87.64,72.44,109.19180932555832
2023-07-28,298.38653882036795,376.9,189.6,63.09,94.14,88.09,72.54,109.21666518927913
2023-07-31,298.9491741677733,377.1,191.8,63.24,94.41,88.3,72.56,109.21666518927913
2023-08-01,298.09505303797715,376.22,190.93,62.93,93.46,86.85,72.49,109.7902726559168
2023-08-02,293.94646469325306,367.97,188.33,62.66,92.89,85.92,72.53,109.81525337779527
2023-08-03,293.1059010417076,367.38,187.8,62.46,92.06,83.94,72.56,109.85272446061299
2023-08-04,291.7840469122612,365.66,187.42,62.83,93.02,85.43,72.7,109.87770518249147
2023-08-07,294.32607408427356,368.75,187.55,62.95,92.79,84.59,72.73,109.87770518249147
2023-08-08,293.05167112870475,365.62,186.37,63.08,93.16,85.57,72.76,109.8901955434307
2023-08-09,291.09261552147393,361.6,184.91,63.09,93.25,86.01,72.72,109.92766662624844
2023-08-10,291.19429660835436,362.27,184.09,63.07,92.59,84.6,72.68,109.96513770906616
2023-08-11,291.0248281302202,359.96,184.35,62.98,92.27,84.4,72.61,109.97762807000538
2023-08-14,292.63138930293195,364.0,184.03,62.97,92.24,84.22,72.55,110.00260879188386
2023-08-15,289.2216835228728,360.13,181.6,62.77,91.75,83.7,72.58,110.0150991528231
2023-08-16,287.09993817663315,356.32,179.38,62.58,91.34,83.05,72.54,110.04007987470159
2023-08-17,284.9104054391399,352.43,177.27,62.31,91.09,82.69,72.62,110.07755095751932
2023-08-18,285.0459802216472,351.98,178.23,62.36,91.44,82.99,72.65,110.09004131845859
2023-08-21,286.90335474199753,357.66,177.97,62.34,90.89,81.88,72.57,110.10253167939783
2023-08-22,286.12379974258045,357.14,177.44,62.37,91.17,82.51,72.53,110.11502204033707
2023-08-23,289.31658587062793,362.78,179.33,62.88,92.45,84.55,72.66,110.15249312315478
2023-08-24,285.30357230841116,355.02,176.85,62.53,92.14,84.0,72.62,110.18996420597252
2023-08-25,287.3168578286449,357.77,177.61,62.79,92.19,84.27,72.58,110.20245456691175
2023-08-28,289.13355991424294,360.47,179.19,63.03,92.48,84.36,72.62,110.22743528879022
2023-08-29,293.3160419545939,368.34,181.69,63.43,93.22,85.23,72.78,110.23992564972949
2023-08-30,294.5226575189091,370.39,182.37,63.4,93.09,85.15,72.78,110.23992564972949
2023-08-31,294.095596954011,371.5,182.06,63.36,93.25,85.53,72.85,110.30237745442568
2023-09-01,294.6446748231657,371.11,184.22,63.48,92.58,84.19,72.81,110.87765225338472
2023-09-05,293.37027186759684,371.58,180.34,63.06,91.92,83.01,72.72,110.87765225338472
2023-09-06,291.3976587821153,368.31,179.66,62.91,91.83,83.22,72.64,110.90275473295308
2023-09-07,290.502865217567,365.68,177.92,63.12,92.24,83.45,72.78,110.96551093187395
2023-09-08,290.93670452159034,366.19,177.53,63.1,92.31,83.77,72.74,110.96551093187395
2023-09-11,292.85508769406897,370.5,177.95,63.21,92.13,83.16,72.76,110.97806217165814
2023-09-12,291.2485265213572,366.39,177.78,63.1,92.11,83.64,72.72,110.9906134114423
2023-09-13,291.5874634776255,367.79,176.61,63.27,92.31,83.63,72.79,111.02826713079479
2023-09-14,294.1023756931363,370.8,179.1,63.35,92.14,83.02,72.77,111.05336961036313
2023-09-15,291.6302840948065,364.45,177.23,63.11,92.0,82.52,72.73,111.0784720899315
2023-09-18,291.80037851429114,364.83,176.05,63.16,92.18,82.99,72.72,111.09102332971565
2023-09-19,291.1948423809258,364.05,175.37,62.96,91.87,82.37,72.67,111.10357456949981
2023-09-20,288.52095810662723,358.8,173.61,62.91,91.9,82.63,72.62,111.14122828885233
2023-09-21,283.7515105842779,352.23,170.92,62.46,90.98,80.51,72.66,111.16633076842066
2023-09-22,283.1119555670157,352.28,170.53,62.57,91.53,81.16,72.73,111.19143324798904
2023-09-25,284.30261650340816,353.95,171.29,62.49,90.64,79.16,72.71,111.21653572755739
2023-09-26,280.1250975608654,348.64,169.09,62.22,90.39,78.89,72.71,111.21653572755739
2023-09-27,280.24076176611493,349.45,170.67,62.13,89.96,78.48,72.66,111.24163820712573
2023-09-28,281.8600606396087,352.38,172.21,62.43,90.12,78.72,72.79,111.27929192647825
2023-09-29,281.17968296167015,352.63,171.4,62.34,89.93,78.73,72.8,111.31694564583078
2023-10-02,281.06401875642064,355.57,168.81,61.96,89.1,77.41,72.72,111.84630296959612
2023-10-03,277.3015301974204,349.33,165.97,61.33,88.08,75.74,72.67,111.85891247387679
2023-10-04,279.3222519008979,354.09,166.04,61.64,88.85,76.81,72.83,111.87152197815746
2023-10-05,279.2201952492071,353.05,166.17,61.7,88.74,76.43,72.9,111.94717900384153
2023-10-06,282.533634540768,358.96,167.77,61.79,88.48,75.5,72.84,111.9597885081222
2023-10-09,284.3434391640846,360.79,168.74,62.25,89.57,77.27,73.06,111.97239801240289
2023-10-10,285.8198587252112,362.79,170.65,62.23,89.61,77.17,73.01,111.97239801240289
2023-10-11,286.99010833126556,365.38,170.36,62.22,90.16,78.78,72.99,111.98500751668357
2023-10-12,285.24153769896344,364.11,166.51,61.89,89.22,76.64,72.9,112.04805503808693
2023-10-13,283.8195483520718,359.53,165.12,61.84,89.72,78.01,72.95,112.04805503808693
2023-10-16,286.80640635822215,363.6,167.79,61.82,89.1,76.76,72.9,112.07327404664828
2023-10-17,286.7927988046634,362.41,169.66,61.53,88.39,75.91,72.74,112.08588355092897
2023-10-18,282.97588003142806,357.65,166.17,61.23,87.68,75.24,72.74,112.11110255949033
2023-10-19,280.48569773017294,354.3,163.52,61.01,86.97,73.7,72.84,112.16154057661305
2023-10-20,277.0429866798038,349.02,161.41,61.14,87.32,74.12,72.96,112.17415008089371
2023-10-23,276.5599185284674,350.07,160.04,61.39,88.0,75.01,73.0,112.19936908945508
2023-10-24,278.6486779997388,353.48,161.44,61.7,88.49,76.0,72.98,112.21197859373572
2023-10-25,274.6480572534601,344.83,158.77,61.37,87.69,74.31,72.9,112.21197859373572
2023-10-26,271.3550292922374,338.25,159.18,61.58,88.33,75.45,73.05,112.27502611513911
2023-10-27,270.13034947194797,339.88,157.31,61.51,88.15,75.13,73.09,112.27502611513911
2023-10-30,273.35533966537685,343.7,158.18,61.52,87.88,74.79,73.06,112.30024512370045
2023-10-31,275.07669519056145,345.35,159.55,61.69,87.76,74.42,73.04,112.32546413226181
2023-11-01,278.00912298247664,351.34,160.46,62.27,89.02,76.04,73.2,112.8765057740795
2023-11-02,283.3364802007356,357.72,164.74,62.97,90.07,77.77,73.21,112.92718553871035
2023-11-03,285.9219153769022,361.92,169.22,63.59,90.52,78.3,73.41,112.93985547986807
2023-11-06,286.5750779477232,363.4,167.1,63.33,90.04,77.54,73.27,112.96519536218348
2023-11-07,287.3915311612495,366.83,166.51,63.34,90.76,78.68,73.33,112.96519536218348
2023-11-08,287.60244824141046,367.07,164.74,63.38,91.22,80.02,73.31,112.97786530334122
2023-11-09,285.3640056809926,364.25,162.19,62.98,90.29,78.18,73.2,113.04121500912979
2023-11-10,289.8136756947108,372.44,164.0,63.29,90.75,78.62,73.22,113.04121500912979
2023-11-13,289.5415246235354,371.27,164.06,63.23,90.76,78.44,73.25,113.05388495028753
2023-11-14,295.1546404665285,379.27,173.07,63.87,92.18,80.22,73.54,113.09189477376067
2023-11-15,295.780587930232,379.55,173.37,63.67,91.7,79.09,73.4,113.09189477376067
2023-11-16,296.1411880995394,379.88,170.56,63.75,92.45,80.08,73.53,113.15524447954925
2023-11-17,296.5085920456262,379.96,172.9,63.9,92.72,80.45,73.47,113.16791442070698
2023-11-20,298.7946610434998,384.59,173.91,63.96,93.09,80.94,73.48,113.18058436186472
2023-11-21,298.14149847267873,382.36,171.67,64.05,93.12,80.91,73.53,113.21859418533784
2023-11-22,299.29133674839494,383.92,172.75,64.16,93.49,81.19,73.54,113.26927394996869
2023-11-24,299.47503872143835,383.38,173.91,64.09,93.01,80.24,73.48,113.29461383228411
2023-11-27,298.9375403558669,383.05,173.33,64.19,93.77,81.58,73.57,113.29461383228411
2023-11-28,299.23690653415986,384.05,172.66,64.47,94.14,81.74,73.71,113.30728377344184
2023-11-29,299.0259894539989,383.68,173.57,64.82,94.9,82.77,73.85,113.34529359691497
2023-11-30,300.2030428368326,382.71,174.23,64.7,94.41,81.81,73.81,113.37063347923042
2023-12-01,301.9788285762522,383.8,179.32,65.24,95.54,83.35,74.02,113.9702257745781
2023-12-04,300.3935485866554,380.24,181.24,65.07,95.11,83.02,73.91,113.98295845537069
2023-12-05,300.3323145956409,381.19,178.82,65.13,95.86,84.8,74.0,114.00842381695591
2023-12-06,299.1212423289102,378.99,178.5,65.14,96.22,85.93,73.99,114.00842381695591
2023-12-07,301.4073113267838,384.29,179.79,65.25,96.23,85.44,74.04,114.0720872209189
2023-12-08,302.7000289148671,386.0,181.15,65.12,95.71,84.74,73.88,114.0720872209189
2023-12-11,303.8770822977009,389.3,181.53,65.08,95.69,84.56,73.89,114.09755258250411
2023-12-12,305.26505276069554,392.4,181.35,65.23,96.23,84.81,73.9,114.11028526329672
2023-12-13,309.47659058713526,397.39,187.49,66.22,97.84,86.8,74.28,114.12301794408933
2023-12-14,310.4699419969255,397.04,192.7,66.51,98.88,89.06,74.4,114.76542243465464
2023-12-15,311.25650826019296,398.96,191.08,66.37,98.74,89.16,74.32,114.7782196494667
2023-12-18,313.00556254635336,401.47,191.15,66.41,98.33,88.45,74.31,114.79101686427877
2023-12-19,314.9049261852307,403.53,194.86,66.6,98.45,88.93,74.34,114.81661129390291
2023-12-20,310.54595495644026,397.53,191.05,66.61,98.71,89.53,74.44,114.82940850871499
2023-12-21,313.4906518210306,402.15,194.3,66.91,98.68,88.96,74.51,114.90619179758743
2023-12-22,314.1192182051195,402.76,196.11,66.83,98.51,88.55,74.54,114.91898901239948
2023-12-26,315.44467340635043,405.22,198.66,66.96,98.71,88.81,74.5,114.91898901239948
2023-12-27,316.0185818439968,406.05,199.36,67.24,99.64,90.38,74.59,114.93178622721155
2023-12-28,316.1347299801871,405.85,198.6,67.02,99.38,89.73,74.58,115.00856951608395
2023-12-29,315.21920937727504,404.09,195.36,66.76,99.01,88.92,74.62,115.02136673089602
2024-01-02,313.456490604504,397.25,194.2,66.54,98.34,88.4,74.53,115.03416394570809
2024-01-03,310.8943993650112,393.05,189.02,66.36,98.11,88.77,74.55,115.04696116052015
2024-01-04,309.89689184243537,391.03,188.65,66.1,97.57,87.42,74.5,115.11094723458051
2024-01-05,310.3204909273648,391.49,188.1,66.15,97.22,86.59,74.48,115.12374444939258
2024-01-08,314.7477845892083,399.58,191.48,66.52,97.96,87.44,74.55,115.14933887901672
2024-01-09,314.26952755783634,400.37,189.77,66.63,98.13,86.88,74.57,115.16213609382879
2024-01-10,316.045910817218,403.09,189.88,66.75,98.01,86.48,74.57,115.18773052345294
2024-01-11,315.90926595111176,403.92,188.39,66.96,98.6,86.97,74.74,115.2517165975133
2024-01-12,316.12789773688183,404.13,188.08,67.03,98.81,86.79,74.89,115.26451381232536
2024-01-16,314.9664163749784,404.09,185.75,66.61,97.81,85.27,74.78,115.27731102713746
2024-01-17,313.217362088818,401.81,184.43,66.32,97.6,85.13,74.63,115.29010824194953
2024-01-18,316.00491735738615,407.52,185.52,66.46,97.42,84.34,74.67,115.34129710119778
2024-01-19,319.940289501247,415.6,187.3,66.57,97.52,84.61,74.61,115.36689153082196
2024-01-22,320.6166815884731,416.14,191.3,66.63,97.78,85.11,74.65,115.379688745634
2024-01-23,321.55269892130104,417.87,190.74,66.55,97.43,84.44,74.64,115.40528317525815
2024-01-24,321.90114332987207,420.19,189.18,66.51,97.24,83.94,74.6,115.41808039007022
2024-01-25,323.65702985933785,420.7,190.74,67.02,97.88,84.49,74.74,115.4692692493185
2024-01-26,323.24709526101896,418.19,190.75,66.97,97.6,84.33,74.69,115.4692692493185
2024-01-29,325.80235425720645,422.48,194.09,67.12,98.01,85.3,74.77,115.48206646413057
2024-01-30,325.5495612549098,419.66,192.44,67.03,98.32,86.07,74.72,115.5204581085668
2024-01-31,320.2409082066808,411.44,187.74,66.84,98.57,86.92,74.86,115.5204581085668
2024-02-01,324.42907335283826,416.29,190.23,67.23,99.33,88.63,74.97,116.17067307567478
2024-02-02,327.84519500549527,423.32,189.23,66.92,98.43,86.67,74.73,116.18353519625448
2024-02-05,326.6495524270654,422.77,186.82,66.61,97.48,84.92,74.59,116.20925943741382
2024-02-06,327.59923424650395,421.92,188.5,66.85,98.03,85.75,74.7,116.22212155799352
2024-02-07,330.3321315686296,426.26,188.07,66.97,97.74,85.33,74.68,116.24784579915286
2024-02-08,330.48244092134655,427.05,190.92,66.93,97.24,84.84,74.66,116.27357004031225
2024-02-09,332.38863680352915,431.26,194.02,67.07,97.11,84.66,74.63,116.3121564020513
2024-02-12,332.24515969411755,429.57,197.55,66.92,97.12,84.76,74.64,116.3121564020513
2024-02-13,327.6675566795571,422.87,189.42,66.39,96.06,83.31,74.4,116.33788064321067
2024-02-14,330.646414760674,427.48,193.82,66.65,96.5,83.74,74.51,116.36360488437003
2024-02-15,332.92838402464895,428.75,198.99,66.88,96.85,84.17,74.59,116.41505336668875
2024-02-16,331.2681489014576,424.86,196.28,66.68,96.5,83.68,74.49,116.42791548726841
2024-02-20,329.44393993893874,421.66,193.58,66.82,96.83,83.75,74.54,116.45363972842779
2024-02-21,329.74455864437255,419.97,192.66,66.7,96.59,83.16,74.48,116.46650184900744
2024-02-22,336.56996970638124,432.26,194.12,67.02,96.74,83.56,74.47,116.5050882107465
2024-02-23,336.8022659787619,430.99,194.56,67.06,97.03,84.68,74.5,116.54367457248553
2024-02-26,335.56562994050006,430.76,195.79,66.85,96.72,84.43,74.45,116.5565366930652
2024-02-27,336.18736408128365,431.8,198.56,66.93,96.59,83.83,74.45,116.58226093422456
2024-02-28,335.7432682664383,429.5,196.92,66.92,96.58,84.37,74.52,116.59512305480426
2024-02-29,336.9525753314789,433.18,198.3,67.05,96.67,84.96,74.57,116.62084729596363
2024-03-01,340.1159039818393,439.7,200.4,67.3,97.25,85.49,74.71,117.18645647603097
2024-03-04,339.75379508665765,438.14,200.21,67.28,97.07,85.15,74.64,117.19937670276481
2024-03-05,336.35817016391655,430.27,198.3,67.23,97.61,86.36,74.7,117.21229692949868
2024-03-06,338.05939874693973,432.97,199.78,67.39,97.87,86.87,74.71,117.2381373829664
2024-03-07,341.41403020984893,439.55,201.44,67.47,98.11,86.79,74.81,117.28981828990182
2024-03-08,339.3643572182547,433.2,201.31,67.49,98.25,86.63,74.84,117.30273851663569
2024-03-11,339.07740299943157,431.59,199.72,67.48,98.26,86.59,74.78,117.32857897010338
2024-03-12,342.718988681164,437.78,199.45,67.54,97.95,85.86,74.7,117.34149919683723
2024-03-13,342.18607370334945,434.42,200.22,67.57,97.85,85.45,74.67,117.3544194235711
2024-03-14,341.5096816161234,433.32,196.64,67.24,97.13,84.13,74.6,117.39318010377264
2024-03-15,340.2559219264654,428.17,197.01,67.2,97.16,84.11,74.56,117.41902055724034
2024-03-18,342.2779092953931,432.25,195.88,67.36,96.99,83.85,74.57,117.43194078397421
2024-03-19,344.1765211638438,433.33,196.71,67.63,97.27,84.09,74.63,117.4577812374419
2024-03-20,347.3637215928315,438.47,200.6,67.85,97.45,84.06,74.75,117.47070146417575
2024-03-21,348.5083720694787,440.54,202.91,67.82,97.6,84.24,74.75,117.50946214437732
2024-03-22,347.85036940026833,441.05,200.11,67.75,97.93,85.05,74.81,117.53530259784502
2024-03-25,346.8839279798656,439.45,200.57,67.65,97.6,84.62,74.77,117.56114305131271
2024-03-26,346.2464878940681,438.02,200.21,67.57,97.57,84.86,74.79,117.57406327804658
2024-03-27,349.1526663497472,439.52,204.57,67.92,98.25,85.7,74.87,117.62574418498201
2024-03-28,349.09097859950873,438.71,205.21,67.78,98.16,85.63,74.82,117.63866441171584
2024-04-01,348.480955291595,439.63,203.28,67.5,97.22,84.03,74.67,118.25872030492279
2024-04-02,346.26705047748095,435.84,199.54,67.39,97.07,83.57,74.7,118.2846884033648
2024-04-03,346.64403117338276,436.82,200.85,67.44,97.13,83.55,74.76,118.2976724525858
2024-04-04,342.41499318481203,430.14,198.84,67.39,97.24,84.15,74.83,118.34960864946984
2024-04-05,345.99288269864337,435.21,199.5,67.32,96.82,82.98,74.71,118.36259269869083
2024-04-08,346.1848001438297,435.34,200.6,67.48,96.81,82.97,74.64,118.38856079713284
2024-04-09,346.58919761761524,436.95,201.39,67.62,97.31,83.74,74.71,118.40154484635386
2024-04-10,343.11412102084796,433.13,196.07,67.03,95.92,81.92,74.41,118.42751294479585
2024-04-11,345.7050065308638,440.05,197.4,66.97,95.72,81.54,74.5,118.46646509245889
2024-04-12,340.9344871790887,433.03,193.88,66.93,95.94,81.98,74.55,118.4794491416799
2024-04-15,336.66432402369225,425.91,191.04,66.54,94.88,80.71,74.52,118.50541724012189
2024-04-16,336.0474465213075,425.95,190.34,66.33,94.57,80.17,74.48,118.50541724012189
2024-04-17,334.05973012473453,420.75,188.33,66.41,95.08,81.06,74.53,118.54436938778493
2024-04-18,333.37431067764044,418.35,188.17,66.47,94.89,80.65,74.49,118.58332153544795
2024-04-19,330.4612780274904,409.7,188.47,66.59,94.99,80.95,74.51,118.60928963388994
2024-04-22,333.50454037258834,413.82,190.57,66.96,95.23,80.81,74.55,118.62227368311096
2024-04-23,337.4662647767924,419.99,193.77,67.23,95.39,80.84,74.61,118.63525773233197
2024-04-24,337.3017641094898,421.41,192.9,67.08,95.02,80.26,74.59,118.64824178155295
2024-04-25,336.0200297434238,419.38,191.73,66.94,94.74,79.7,74.53,118.713162027658
2024-04-26,339.2072301724114,425.85,193.56,67.15,95.1,80.12,74.55,118.72614607687899
2024-04-29,340.40671420482613,427.58,195.12,67.35,95.5,80.79,74.59,118.72614607687899
2024-04-30,335.0124631561954,419.52,191.16,66.86,94.97,80.1,74.49,118.73913012610001
2024-05-01,333.9295004297867,416.48,191.56,67.21,95.37,80.69,74.64,119.34625258202993
2024-05-02,337.04815891406497,421.8,195.08,67.63,95.96,81.04,74.75,119.38538677787056
2024-05-03,341.2292175413391,430.28,197.01,67.91,96.63,81.86,74.87,119.41147624176436
2024-05-06,344.7522734994029,434.99,199.56,67.99,96.9,82.18,74.86,119.42452097371124
2024-05-07,345.1292541953046,435.06,200.01,68.0,96.95,82.68,74.87,119.42452097371124
2024-05-08,345.1635251676593,434.8,198.85,67.84,96.7,82.18,74.85,119.46365516955188
2024-05-09,347.1512415642323,435.75,200.88,67.86,96.86,82.58,74.92,119.50278936539253
2024-05-10,347.6036183993144,436.78,199.37,67.75,96.55,82.11,74.85,119.52887882928631
2024-05-13,347.64474356614005,437.79,199.79,67.73,96.58,82.32,74.87,119.54192356123319
2024-05-14,349.2417708778693,440.6,201.85,67.84,96.87,82.79,74.95,119.54192356123319
2024-05-15,353.5667675890333,447.49,204.37,68.23,97.73,83.92,75.08,119.56801302512694
2024-05-16,352.84022297511353,446.58,202.9,68.08,97.57,83.83,75.03,119.63323668486134
2024-05-17,353.3474333659632,446.36,203.04,68.08,97.35,83.27,74.98,119.64628141680824
2024-05-20,353.7518308397488,449.48,203.49,68.12,97.3,83.02,74.96,119.64628141680824
2024-05-21,354.6223135375582,450.35,203.3,68.07,97.47,83.45,75.0,119.67237088070202
2024-05-22,353.60103856138795,450.27,201.58,67.92,97.32,83.55,74.95,119.6854156126489
2024-05-23,351.0170072458431,448.24,198.27,67.68,96.89,83.01,74.91,119.77672873627705
2024-05-24,353.34057917149215,452.48,200.47,67.92,97.16,83.26,74.94,119.77672873627705
2024-05-28,353.58733017244606,454.19,200.2,67.64,96.58,82.07,74.87,119.78977346822394
2024-05-29,351.11296596843624,450.99,197.24,67.44,96.06,81.07,74.85,119.78977346822394
2024-05-30,348.7825398483162,446.16,199.11,67.71,96.65,81.86,74.93,119.8158629321177
2024-05-31,351.956031888362,445.33,200.79,67.95,97.07,82.41,75.03,119.86804185990525
2024-06-03,352.2439080561415,447.72,199.66,68.16,97.74,83.75,75.11,120.46773949486011
2024-06-04,352.64145133545617,448.94,197.08,68.13,98.13,84.72,75.19,120.48084663657428
2024-06-05,356.8293641572013,457.99,200.1,68.35,98.46,85.35,75.26,120.5070609200026
2024-06-06,356.82250996273035,457.83,198.66,68.23,98.39,85.22,75.27,120.5070609200026
2024-06-07,356.3906957110611,457.43,196.33,68.06,97.51,83.65,75.08,120.55948948685926
2024-06-10,357.4942210208826,459.28,197.0,68.12,97.31,83.1,75.09,120.5857037702876
2024-06-11,358.3509953297503,462.43,196.33,68.21,97.73,83.96,75.17,120.6119180537159
2024-06-12,361.298298952255,468.49,199.35,68.48,98.33,84.59,75.27,120.62502519543006
2024-06-13,362.02484356617475,471.02,197.6,68.47,98.79,85.83,75.39,120.63813233714423
2024-06-14,362.2441777892449,473.47,194.46,68.21,98.87,86.55,75.4,120.70366804571502
2024-06-17,365.12979366151114,479.27,196.1,68.25,98.41,85.69,75.33,120.71677518742918
2024-06-18,366.0551099150881,479.41,196.44,68.46,98.87,86.48,75.43,120.75609661257165
2024-06-20,365.0612517168017,475.72,195.61,68.42,98.54,85.9,75.4,120.76920375428584
2024-06-21,365.7734189723991,474.44,196.05,68.5,98.56,85.9,75.43,120.80852517942833
2024-06-24,364.5837218267069,469.04,196.9,68.43,98.67,86.25,75.44,120.82163232114252
2024-06-25,365.99347856004164,474.41,196.25,68.52,98.63,86.4,75.45,120.84784660457085
2024-06-26,366.44735145955434,475.38,195.73,68.37,98.09,85.16,75.37,120.86095374628498
2024-06-27,367.0250078771159,476.61,197.72,68.45,98.28,85.5,75.43,120.87406088799915
2024-06-28,365.58086683321204,474.14,198.53,68.28,97.65,83.91,75.44,120.91338231314164
2024-07-01,366.33044480361934,476.92,196.87,68.26,97.07,82.46,75.37,121.54095225841573
2024-07-02,368.7992383024835,481.93,197.55,68.45,97.7,83.1,75.44,121.554121719057
2024-07-03,370.44280834768836,485.94,197.5,68.69,98.42,84.2,75.55,121.59363010098086
2024-07-05,372.5815124650889,491.01,196.56,68.9,98.93,84.89,75.69,121.63313848290468
2024-07-08,373.00787791614624,492.18,197.94,68.88,98.92,85.08,75.68,121.65947740418723
2024-07-09,373.3723516081792,492.6,197.08,68.8,98.74,84.7,75.66,121.65947740418723
2024-07-10,377.06522656330475,497.74,199.0,68.96,98.98,84.97,75.69,121.68581632546982
2024-07-11,373.819347645578,486.82,206.16,69.21,99.51,85.79,75.86,121.71215524675239
2024-07-12,376.17811135062095,489.68,208.56,69.39,99.87,86.16,75.98,121.77800254995881
2024-07-15,377.2096406676951,491.0,212.53,69.39,99.32,85.17,75.98,121.77800254995881
2024-07-16,379.4446208546892,491.19,219.78,69.66,99.9,86.37,76.0,121.79117201060008
2024-07-17,374.1288064407002,476.77,217.48,69.58,99.95,86.39,76.01,121.80434147124134
2024-07-18,371.2474012150063,474.51,213.27,69.44,99.52,85.73,75.98,121.83068039252393
2024-07-19,368.7854845782558,470.31,212.18,69.39,99.15,85.22,75.94,121.88335823508906
2024-07-22,372.58838932720266,477.31,215.56,69.64,99.09,84.98,75.95,121.90969715637164
2024-07-23,372.00385604752734,475.63,217.85,69.65,99.02,84.86,75.99,121.9228666170129
2024-07-24,363.5728230959742,458.57,213.17,69.43,98.42,83.94,76.02,121.9228666170129
2024-07-25,361.68168601467147,453.51,215.83,69.44,98.81,84.63,76.03,121.94920553829544
2024-07-26,365.7321577997161,458.17,219.41,69.66,99.36,85.29,76.13,121.98871392021931
2024-07-29,365.9453405252447,459.09,216.97,69.6,99.57,85.75,76.14,122.02822230214313
2024-07-30,364.0885877545112,452.78,217.79,69.64,99.65,86.08,76.17,122.02822230214313
2024-07-31,370.0095660345171,466.18,219.05,69.88,100.23,86.96,76.33,122.04139176278443
2024-08-01,364.76939710378014,454.89,211.93,69.73,100.56,87.71,76.46,122.67780594827448
2024-08-02,357.97505733531807,444.09,204.43,69.5,101.54,90.44,76.89,122.73074135537189
2024-08-05,347.5497343707548,430.85,197.86,69.07,101.29,90.92,76.87,122.74397520714626
2024-08-06,350.75435211579867,434.97,200.01,69.33,100.63,88.88,76.78,122.77044291069498
2024-08-07,348.40934213498326,430.26,197.64,69.46,100.17,88.26,76.73,122.77044291069498
2024-08-08,356.46214767027595,443.42,202.45,69.75,100.21,87.72,76.69,122.81014446601806
2024-08-09,358.0369490943425,445.74,202.03,69.74,100.73,88.58,76.71,122.84984602134112
2024-08-12,358.22262437141586,446.7,200.21,69.78,100.94,88.9,76.76,122.87631372488983
2024-08-13,364.11609520296645,457.78,203.5,70.11,101.65,89.52,76.88,122.8895475766642
2024-08-14,365.2645311759758,457.93,202.24,70.23,102.1,90.08,76.87,122.9160152802129
2024-08-15,371.5293525616731,469.5,207.49,70.29,101.78,89.35,76.68,122.92924913198726
2024-08-16,372.3614528774463,470.1,208.03,70.52,102.09,89.67,76.77,122.9821845390847
2024-08-19,375.9167905902954,476.28,210.58,70.63,102.32,90.08,76.75,122.99541839085903
2024-08-20,375.3047498621647,475.28,208.12,70.57,102.59,90.8,76.86,123.0086522426334
2024-08-21,376.5975999395644,477.49,210.83,70.73,102.82,90.85,76.94,123.04835379795645
2024-08-22,373.6405492306184,469.92,208.97,70.64,102.4,89.95,76.84,123.04835379795645
2024-08-23,377.615375532411,475.02,215.65,71.02,102.99,90.54,77.02,123.08805535327951
2024-08-26,376.7145065954995,470.41,215.72,70.88,102.86,90.31,76.98,123.11452305682822
2024-08-27,377.23027125403667,471.81,214.04,70.92,102.77,90.15,77.03,123.1277569086026
2024-08-28,375.03655223972555,466.46,212.59,70.89,102.56,90.04,77.02,123.14099076037695
2024-08-29,375.0709365502946,465.78,214.11,70.96,102.39,89.75,77.0,123.15422461215131
2024-08-30,378.65378171159904,471.33,215.35,70.97,102.1,88.79,77.01,123.20716001924872
2024-09-03,370.8622969366319,457.02,208.77,70.71,102.41,90.24,77.09,123.86031280341649
2024-09-04,370.09896524199695,455.83,208.42,70.97,103.05,91.41,77.26,123.86031280341649
2024-09-05,369.20497316719934,456.26,207.38,71.22,103.56,91.92,77.29,123.90020340335317
2024-09-06,362.98828981629885,444.03,203.44,71.13,103.51,91.92,77.43,123.95339086993542
2024-09-09,367.05251532557116,449.74,204.0,71.3,103.74,92.31,77.44,123.966687736581
2024-09-10,368.6479473359793,453.9,203.84,71.16,104.03,92.96,77.55,123.9932814698721
2024-09-11,372.43022149858473,463.76,204.43,71.27,104.07,92.88,77.48,123.9932814698721
2024-09-12,375.5729474846041,468.31,207.07,71.37,104.0,92.45,77.49,124.00657833651766
2024-09-13,377.53285318704513,470.41,212.17,71.57,104.32,92.7,77.61,124.0730626697455
2024-09-16,378.0898790182652,468.33,212.94,71.75,104.78,93.55,77.65,124.09965640303662
2024-09-17,378.24116998476944,468.58,214.7,71.77,104.79,93.1,77.6,124.09965640303662
2024-09-18,377.1202414602155,466.55,214.74,71.83,104.36,91.94,77.57,124.13954700297332
2024-09-19,383.5569843987585,478.34,219.16,72.04,104.45,91.64,77.63,124.16614073626444
2024-09-20,384.0971832360722,477.43,216.81,72.13,104.54,91.29,77.66,124.20603133620112
2024-09-23,385.05606375601354,478.7,216.02,72.0,104.39,91.09,77.66,124.24592193613779
2024-09-24,386.1529126960904,481.01,216.38,72.01,104.57,91.08,77.74,124.25921880278335
2024-09-25,385.3044069122574,481.45,213.74,71.93,103.95,90.32,77.67,124.25921880278335
2024-09-26,386.8289579547541,485.07,214.88,72.04,103.95,90.53,77.6,124.2725156694289
2024-09-27,386.2701858532056,482.38,216.33,72.22,104.37,91.0,77.72,124.32570313601117
2024-09-30,387.8154321587225,483.68,216.88,72.17,104.11,90.57,77.61,124.32570313601117
2024-10-01,384.3455263923161,476.94,213.94,72.13,104.61,91.22,77.65,124.95017585146671
2024-10-02,384.5041900754719,477.62,213.64,72.14,104.38,90.45,77.64,124.95017585146671
2024-10-03,383.80055113278115,477.26,212.21,71.97,103.7,89.6,77.53,124.95017585146671
2024-10-04,387.2911521622079,482.94,215.18,71.89,103.14,88.5,77.27,125.00360761364395
2024-10-07,383.78675429076765,477.77,213.49,71.58,102.61,87.83,77.17,125.01696555418826
2024-10-08,387.42222216133655,484.9,213.63,71.75,102.82,87.98,77.23,125.03032349473256
2024-10-09,390.1057079329709,488.72,214.11,71.71,102.61,87.48,77.16,125.05703937582118
2024-10-10,389.42276425330044,488.16,212.92,71.67,102.5,87.14,77.22,125.0837552569098
2024-10-11,391.75443055358954,488.93,217.25,71.86,102.48,86.78,77.29,125.12382907854271
2024-10-14,394.95529790073186,493.03,218.85,71.9,102.49,86.85,77.25,125.12382907854271
2024-10-15,391.88550055271827,486.44,219.03,71.88,102.99,87.91,77.29,125.15054495963132
2024-10-16,393.5894105413909,486.5,222.63,72.01,103.31,88.28,77.34,125.17726084071992
2024-10-17,393.6239026464248,486.84,222.02,71.9,102.55,86.88,77.27,125.17726084071992
2024-10-18,395.1415552679146,490.03,221.56,72.07,102.43,86.94,77.34,125.23069260289716
2024-10-21,394.4931036932781,490.97,218.07,71.78,101.38,85.42,77.22,125.25740848398578
2024-10-22,394.2792526420681,491.5,217.25,71.68,101.37,85.51,77.21,125.27076642453012
2024-10-23,390.678276876533,483.97,215.26,71.47,101.03,85.28,77.17,125.27076642453012
2024-10-24,391.5198842393592,487.9,215.74,71.67,101.34,85.82,77.21,125.31084024616305
2024-10-25,391.3888142402306,490.87,214.92,71.6,101.09,85.34,77.18,125.35091406779597
2024-10-28,392.59603791641575,490.95,218.43,71.78,101.01,85.11,77.14,125.35091406779597
2024-10-29,393.2306926490388,495.66,217.72,71.8,101.13,85.24,77.17,125.37762994888458
2024-10-30,392.044164235874,491.92,217.42,71.67,101.0,85.49,77.1,125.37762994888458
2024-10-31,384.3593232343297,479.5,213.81,71.47,100.8,85.63,77.12,125.4043458299732
2024-11-01,385.98045217092124,483.05,215.01,71.48,100.25,84.42,77.1,126.0257091355085
2024-11-04,385.14574322910175,481.64,216.1,71.68,100.99,85.73,77.15,126.03912611721142
2024-11-05,389.8090758296799,487.79,220.16,71.88,101.47,86.19,77.13,126.06596008061726
2024-11-06,399.5013573441949,501.04,232.92,72.0,100.41,83.82,77.04,126.06596008061726
2024-11-07,402.5849515342221,508.92,232.09,72.31,101.6,84.87,77.17,126.09279404402312
2024-11-08,404.33025204893556,509.52,233.8,72.43,101.95,85.95,77.11,126.15987895253771
2024-11-11,404.71656362531473,509.22,237.32,72.35,101.76,85.53,77.06,126.14646197083479
2024-11-12,403.4610510020823,508.3,233.15,72.06,100.84,84.25,76.98,126.15987895253771
2024-11-13,403.65420679027187,507.65,230.85,72.08,100.46,83.45,77.1,126.18671291594352
2024-11-14,401.0604004917255,504.12,227.73,71.92,100.43,83.94,76.98,126.18671291594352
2024-11-15,395.9210768416801,492.11,224.34,71.91,100.48,83.71,77.07,126.25379782445812
2024-11-18,397.54220577827164,495.53,224.78,72.05,100.66,83.86,77.12,126.26721480616104
2024-11-19,398.9977726107006,498.94,226.45,72.16,100.88,84.29,77.12,126.28063178786397
2024-11-20,399.1357410308361,498.65,226.74,72.14,100.64,84.02,77.09,126.3074657512698
2024-11-21,401.2742515429355,500.44,230.19,72.17,100.52,83.95,77.07,126.3074657512698
2024-11-22,402.52286574516114,501.24,234.44,72.15,100.61,84.0,77.06,126.34771669637857
2024-11-25,403.88875310450203,502.04,238.0,72.42,101.86,86.18,77.21,126.36113367808149
2024-11-26,405.9927715115675,504.73,236.26,72.29,101.6,85.84,77.21,126.37455065978438
2024-11-27,404.7648525723621,500.76,236.58,72.5,101.97,86.44,77.26,126.40138462319021
2024-11-29,407.2758778188272,505.16,237.48,72.65,102.6,87.33,77.35,126.45505255000191
2024-12-02,408.00711044554515,510.66,237.37,72.62,102.77,87.54,77.34,126.98860431968366
2024-12-03,408.2002662337348,512.22,235.68,72.62,102.4,86.78,77.35,127.00207505314285
2024-12-04,410.7319867432201,518.56,236.52,72.8,102.9,87.72,77.44,127.01554578660203
2024-12-05,410.0559414845564,517.12,233.76,72.73,102.87,87.89,77.44,127.0290165200612
2024-12-06,410.8354630583217,521.75,234.6,72.85,103.1,88.02,77.51,127.09637018735711
2024-12-09,408.71764780924264,517.69,233.42,72.76,102.84,87.21,77.49,127.10984092081632
2024-12-10,407.4483383439965,515.92,232.41,72.8,102.68,86.8,77.48,127.13678238773467
2024-12-11,410.5940183230847,525.16,233.46,72.81,102.4,85.98,77.46,127.13678238773467
2024-12-12,408.4831014950123,521.77,230.42,72.61,101.83,84.94,77.42,127.15025312119386
2024-12-13,408.4003204429311,525.76,228.84,72.4,101.26,84.07,77.38,127.21760678848977
2024-12-16,410.1456209576445,533.33,230.19,72.54,101.39,84.32,77.39,127.23107752194893
2024-12-17,408.45550781098535,530.98,227.55,72.39,101.4,84.53,77.4,127.23107752194893
2024-12-18,396.2797947340323,511.83,217.48,71.64,100.14,83.47,77.26,127.75906830817485
2024-12-19,396.1625215769172,509.55,216.51,71.57,99.6,82.21,77.35,127.77259207956347
2024-12-20,402.2714514118851,514.0,218.54,72.02,99.99,82.67,77.35,127.79963962234066
2024-12-23,404.6802210505681,519.01,218.04,71.83,99.7,81.91,77.31,127.82668716511787
2024-12-24,409.1793597435103,526.04,219.99,72.06,100.01,82.26,77.35,127.8672584792837
2024-12-26,409.20704675085153,525.69,222.25,72.24,100.1,82.21,77.36,127.88078225067233
2024-12-27,404.9017171092975,518.7,219.01,71.99,99.68,81.54,77.38,127.92135356483814
2024-12-30,400.27798688331995,511.8,217.32,72.09,100.11,82.2,77.5,127.92135356483814
2024-12-31,398.8244189979079,507.45,217.6,72.08,99.86,81.76,77.54,127.96192487900397
2025-01-02,397.84153023729584,506.46,217.77,72.26,99.87,81.98,77.52,127.98897242178117
2025-01-03,402.8182698068736,514.75,221.01,72.37,99.64,81.72,77.52,128.01601996455838
2025-01-06,405.1370566716977,520.66,221.1,72.5,99.38,81.35,77.54,128.01601996455838
2025-01-07,400.5617787085672,511.37,219.33,72.26,98.93,80.44,77.5,128.0430675073356
2025-01-08,401.1432058627321,511.46,218.34,72.35,99.08,80.54,77.54,128.0701150501128
2025-01-10,395.0174554884954,503.44,213.53,71.97,98.51,80.01,77.4,128.12421013566723
2025-01-13,395.63349140183675,501.82,213.94,71.95,98.23,79.98,77.42,128.15125767844444
2025-01-14,396.17338804498974,501.35,216.38,72.05,98.35,79.85,77.44,128.16478144983304
2025-01-15,403.3858534573679,512.88,220.63,72.68,99.52,81.22,77.61,128.17830522122168
2025-01-16,402.60369549997944,509.29,221.07,72.76,99.72,81.48,77.66,128.17830522122168
2025-01-17,406.6459985717922,517.88,222.03,72.83,99.8,81.62,77.64,128.2324003067761
2025-01-21,410.36990105918125,520.92,226.29,73.02,100.38,82.35,77.67,128.2459240781647
2025-01-22,412.6748444203348,527.58,224.82,72.92,100.07,81.92,77.65,128.27297162094192
2025-01-23,414.9313355186412,528.7,225.84,73.01,99.93,81.29,77.65,128.28649539233052
2025-01-24,413.7200289474644,525.72,225.21,73.09,100.12,81.65,77.7,128.32706670649634
2025-01-27,407.8642268948041,510.41,223.05,73.15,100.81,82.62,77.81,128.32706670649634
2025-01-28,411.37355507529907,517.95,223.3,73.12,100.67,82.56,77.83,128.36763802066216
2025-01-29,409.52544733527503,516.98,222.79,73.07,100.54,82.39,77.78,128.36763802066216
2025-01-30,411.72656441889916,519.18,225.05,73.21,100.77,82.7,77.83,128.3946855634394
2025-01-31,409.5323690871104,518.43,223.03,73.06,100.44,82.16,77.84,128.42173310621658
2025-02-03,406.77751185666267,514.28,220.42,72.97,100.6,82.83,77.78,128.94022909174723
2025-02-04,409.5046820797693,520.59,223.48,73.2,100.79,83.08,77.86,128.96738011914073
2025-02-05,411.16590252024025,522.96,225.91,73.4,101.5,84.45,77.91,128.96738011914073
2025-02-06,412.5987051501465,525.69,225.17,73.28,101.31,84.42,77.88,128.99453114653423
2025-02-07,408.8194286480749,519.06,222.56,73.05,100.87,83.87,77.79,129.02168217392773
2025-02-10,411.59505113402855,525.34,223.57,73.2,100.9,83.62,77.83,129.04883320132123
2025-02-11,411.9065299666169,524.09,222.27,73.17,100.67,83.08,77.81,129.04883320132123
2025-02-12,410.58447536607537,524.4,220.22,73.02,100.13,81.95,77.71,129.06240871501797
2025-02-13,414.91749201497055,531.94,222.7,73.35,100.91,83.32,77.81,129.0895597424115
2025-02-14,414.89672675946457,534.17,222.53,73.43,101.3,83.76,77.92,129.1438617971985
2025-02-18,416.1149550824766,535.38,223.75,73.37,100.89,82.77,77.85,129.171012824592
2025-02-19,417.0978438430887,535.53,222.98,73.42,100.94,82.87,77.91,129.171012824592
2025-02-20,415.3604841324294,533.26,220.85,73.47,101.19,83.18,77.92,129.1981638519855
2025-02-21,408.25184499758063,522.19,214.49,73.33,101.55,84.19,78.05,129.25246590677247
2025-02-24,406.3968155057214,516.03,212.94,73.42,101.81,84.43,78.11,129.26604142046924
2025-02-25,404.37566396981504,509.53,212.13,73.61,102.59,85.89,78.21,129.26604142046924
2025-02-26,404.5833165248739,510.76,212.4,73.71,102.8,86.4,78.24,129.26604142046924
2025-02-27,398.1253220625429,496.57,209.16,73.57,102.37,85.79,78.27,129.3067679615595
2025-02-28,404.33413345880325,504.41,211.38,73.77,102.82,86.84,78.41,129.333918988953
2025-03-03,397.25318133129565,493.38,205.6,73.62,103.15,87.24,78.46,129.7863800000548
2025-03-04,392.5463900832945,491.89,203.28,73.61,102.81,86.17,78.47,129.80000014697472
2025-03-05,396.768658702825,498.3,205.3,73.65,102.48,85.48,78.38,129.80000014697472
2025-03-06,389.7223153344939,484.59,202.16,73.37,102.16,85.2,78.43,129.84086058773454
2025-03-07,391.90958891444734,488.16,202.82,73.49,102.0,84.93,78.42,129.88172102849435
2025-03-10,381.47158714682126,469.24,197.71,73.21,102.35,85.81,78.57,129.88172102849435
2025-03-11,378.3014248062558,468.11,197.7,72.95,101.68,85.2,78.52,129.9089613223342
2025-03-12,380.3087328384916,473.4,198.04,73.04,101.38,84.69,78.46,129.9089613223342
2025-03-13,375.23508874321976,464.88,195.09,72.63,101.7,85.43,78.52,129.949821763094
2025-03-14,382.987450798751,476.12,199.8,72.96,101.65,84.98,78.46,129.99068220385382
2025-03-17,385.94303883242236,479.2,202.32,73.14,101.86,85.41,78.43,130.00430235077377
2025-03-18,381.7692224757389,471.03,200.57,73.01,102.1,85.49,78.43,130.01792249769372
2025-03-19,385.9291953287517,477.34,203.69,73.49,102.7,85.93,78.55,130.03154264461364
2025-03-20,384.8147932832691,475.72,202.39,73.39,102.55,85.99,78.57,130.03154264461364
2025-03-21,386.11298722088395,477.29,201.14,73.28,102.41,85.48,78.61,130.07240308537345
2025-03-24,393.0280706595044,487.76,206.14,73.49,101.97,84.61,78.51,130.09964337921332
2025-03-25,393.97229892019953,490.54,205.0,73.45,102.07,84.6,78.54,130.11326352613327
2025-03-26,389.2650433264398,481.52,202.92,73.16,101.66,84.04,78.52,130.14050381997313
2025-03-27,388.2375008074481,478.77,201.95,73.02,101.54,83.79,78.56,130.15412396689308
2025-03-28,380.41290338242266,466.17,197.84,72.89,102.15,84.95,78.7,130.19498440765287
2025-03-31,382.9678739701861,466.15,196.89,72.97,102.35,85.79,78.76,130.19498440765287
2025-04-01,384.05095932804227,469.91,196.91,73.14,102.71,86.54,78.78,130.69351174924572
2025-04-02,386.48095852836076,473.34,200.02,73.29,102.95,86.48,78.73,130.70718118881786
2025-04-03,367.4367076527223,448.0,187.18,72.38,102.94,86.88,79.02,130.73452006796214
2025-04-04,345.92774330247505,420.17,178.83,71.35,102.82,87.82,78.97,130.77552838667853
2025-04-07,345.3098292201083,421.19,177.21,70.73,100.82,85.17,78.98,130.7891978262507
2025-04-08,339.9013452856853,413.6,172.55,70.41,99.54,83.57,78.94,130.7891978262507
2025-04-09,375.59456211093413,463.25,187.21,72.3,101.21,84.06,78.89,130.81653670539498
2025-04-10,359.13999609734924,443.54,179.35,71.12,99.49,81.74,78.88,130.81653670539498
2025-04-11,365.5482511313319,451.71,181.96,71.33,99.47,82.19,78.74,130.88488390325568
2025-04-14,369.0891071089388,454.78,184.1,71.68,100.08,82.77,78.91,130.89855334282782
2025-04-15,368.061564589947,455.28,184.33,71.88,100.62,83.06,78.91,130.91222278239994
2025-04-16,359.8759387123029,441.55,182.56,71.87,101.05,83.53,79.01,130.9258922219721
2025-04-17,360.38970997179877,441.48,184.05,72.29,100.91,82.79,79.04,130.98056998026064
2025-04-21,351.8152842221037,430.55,180.36,71.86,99.82,81.34,78.99,130.98056998026064
2025-04-22,360.9659669250171,441.85,185.03,72.14,100.06,81.8,79.02,130.9942394198328
2025-04-23,366.56190794060757,451.87,187.78,72.5,100.51,82.59,78.97,131.03524773854923
2025-04-24,374.2754196879041,464.59,191.54,73.15,101.54,83.46,79.06,131.03524773854923
2025-04-25,376.97619022768663,469.77,191.59,73.22,102.08,84.08,79.13,131.08992549683782
2025-04-28,377.1219901797056,469.62,192.4,73.25,102.31,84.61,79.24,131.08992549683782
2025-04-29,379.49644654115974,472.72,193.54,73.45,102.55,85.32,79.29,131.10359493640996
2025-04-30,379.64918934803694,472.66,192.33,73.06,102.07,84.63,79.4,131.1446032551264
2025-05-01,382.3430170329613,478.83,193.52,73.15,101.71,84.2,79.23,131.61617294843012
2025-05-02,388.01532945199034,485.94,197.87,73.38,101.46,83.28,79.08,131.6573244355427
2025-05-05,385.7936158974135,483.06,196.35,73.35,101.32,82.82,79.07,131.67104159791353
2025-05-06,382.565188388419,478.56,194.21,73.29,101.52,83.09,79.14,131.67104159791353
2025-05-07,384.17593071548725,480.44,194.85,73.36,101.73,83.45,79.16,131.6847587602844
2025-05-08,386.8489298358375,485.4,198.56,73.34,101.22,82.52,79.0,131.725910247397
2025-05-09,386.3559871409157,485.09,198.2,73.39,101.18,82.64,79.04,131.76706173450958
2025-05-12,399.1238972248746,504.85,205.17,74.12,101.16,81.87,78.9,131.76706173450958
2025-05-13,401.7621820709346,512.54,205.92,74.25,101.24,81.54,78.88,131.79449605925132
2025-05-14,402.27595333043047,515.61,204.09,73.97,100.73,81.0,78.82,131.80821322162217
2025-05-15,404.2407812552594,516.18,205.42,74.12,101.45,81.71,78.97,131.80821322162217
2025-05-16,406.8026946978808,518.43,207.12,74.2,101.64,81.93,78.95,131.84936470873475
2025-05-19,407.24703740879625,518.92,206.25,74.16,101.65,81.69,78.98,131.8630818711056
2025-05-20,405.87929500175983,517.2,206.36,74.12,101.41,81.1,78.99,131.89051619584734
2025-05-21,399.0405829665779,510.01,200.57,73.63,100.28,79.72,78.94,131.9042333582182
2025-05-22,399.1933257734551,510.96,200.56,73.78,100.79,80.13,78.99,131.93166768295995
2025-05-23,396.4717266690984,506.23,199.93,73.76,100.86,80.27,79.04,131.97281917007254
2025-05-27,404.71289538560694,518.14,205.0,74.21,101.78,81.39,79.07,131.9865363324434
2025-05-28,402.37315329844324,515.84,202.84,74.16,101.53,81.03,79.01,132.02768781955598
2025-05-29,403.9630670609374,516.86,203.44,74.27,101.98,81.78,79.1,132.02768781955598
2025-05-30,403.511781495164,516.04,202.4,74.34,102.28,81.91,79.19,132.06883930666856
2025-06-02,405.7820950337472,520.12,203.03,74.33,101.99,81.15,79.13,132.58731649481373
2025-06-03,408.09406570147877,524.18,206.31,74.47,102.04,81.0,79.11,132.60108464813612
2025-06-04,407.98298002375,525.64,205.73,74.61,102.78,82.32,79.25,132.61485280145854
2025-06-05,406.01120924406297,521.69,205.82,74.45,102.47,82.37,79.17,132.62862095478093
2025-06-06,410.1838650137526,526.79,209.14,74.44,101.85,81.33,79.03,132.66992541474815
2025-06-09,410.5518363212294,527.56,210.58,74.48,102.15,81.41,79.09,132.68369356807057
2025-06-10,412.8776926986769,531.05,211.72,74.65,102.4,81.83,79.09,132.69746172139298
2025-06-11,411.7043502276661,529.26,210.85,74.64,102.72,82.08,79.21,132.72499802803785
2025-06-12,413.3428639741665,530.51,210.01,74.72,103.29,83.06,79.28,132.73876618136023
2025-06-13,408.7189226387035,523.85,206.17,74.49,102.68,82.26,79.22,132.7938387946499
2025-06-16,412.6069213592129,531.13,208.6,74.64,102.49,81.43,79.21,132.7938387946499
2025-06-17,409.0799510913222,525.95,206.41,74.56,102.85,82.42,79.25,132.8076069479723
2025-06-18,409.0174653975997,525.86,207.49,74.67,102.92,82.57,79.29,132.83514325461712
2025-06-20,409.28206939909336,523.72,207.06,74.91,103.01,82.41,79.35,132.87644771458434
2025-06-23,413.3209913756727,529.1,209.59,75.05,103.27,82.68,79.45,132.90398402122918
2025-06-24,417.88915140435563,537.19,212.27,75.25,103.75,83.28,79.52,132.9177521745516
2025-06-25,418.1259157960862,538.57,209.79,75.24,103.63,83.38,79.53,132.93152032787398
2025-06-26,421.39883532883147,543.6,213.2,75.45,104.01,83.8,79.63,132.9452884811964
2025-06-27,423.48793290292423,545.46,213.26,75.41,103.84,83.27,79.6,133.00036109448604
2025-06-30,425.5143575497942,549.0,213.57,75.71,104.41,84.09,79.66,133.00036109448604
2025-07-01,425.37508437818803,544.37,215.77,75.61,104.53,84.3,79.57,133.51965315653206
2025-07-02,427.3040178049336,548.16,218.76,75.75,104.52,83.76,79.56,133.51965315653206
2025-07-03,430.6744285578033,553.55,220.79,75.8,104.27,83.18,79.48,133.57492363284646
2025-07-07,427.4641819522808,549.38,217.47,75.54,103.65,82.39,79.46,133.60255887100365
2025-07-08,427.2274175605502,549.69,218.98,75.44,103.35,82.28,79.47,133.63019410916084
2025-07-09,429.790043918104,553.58,221.35,75.65,103.94,83.14,79.53,133.61637649008225
2025-07-10,431.00172051107774,552.79,222.49,75.57,103.96,83.2,79.53,133.64401172823946
2025-07-11,429.4906065991507,551.54,219.42,75.48,103.33,82.05,79.52,133.6992822045539
2025-07-14,430.30535465304683,553.54,220.9,75.54,103.3,81.88,79.53,133.6992822045539
2025-07-15,428.46694878784524,554.05,216.57,75.31,102.93,81.3,79.44,133.7130998236325
2025-07-16,429.901462455389,554.62,218.75,75.51,103.09,81.42,79.55,133.7545526808683
2025-07-17,432.5337253987459,559.11,221.62,75.58,103.34,81.4,79.53,133.76837029994692
2025-07-18,432.21339710405164,558.57,220.04,75.69,103.53,81.52,79.59,133.80982315718273
2025-07-21,433.0351088165282,561.47,219.15,75.79,103.93,82.25,79.64,133.8236407762613
2025-07-22,433.09778174375094,558.56,220.97,75.92,104.18,82.75,79.7,133.85127601441852
2025-07-23,436.78155713273446,561.11,224.35,75.96,104.02,82.29,79.63,133.8650936334971
2025-07-24,436.92779396292104,562.3,221.25,75.87,103.87,82.15,79.56,133.8789112525757
2025-07-25,438.77316348670297,563.66,222.07,75.91,104.2,82.66,79.61,133.9065464907329
2025-07-28,438.661744949418,565.42,221.82,75.87,103.99,82.13,79.6,133.9341817288901
2025-07-29,437.5057776250867,564.54,220.4,75.92,104.68,83.51,79.67,133.9341817288901
2025-07-30,436.9556485972423,565.3,219.28,75.76,104.29,83.08,79.58,133.96181696704733
2025-07-31,435.3122251722894,562.3,217.13,75.81,104.32,83.13,79.58,133.97563458612592
2025-08-01,428.18143878605275,551.22,212.71,75.81,105.24,84.31,79.98,134.53177164584912
2025-08-04,434.68549590006154,561.4,217.47,76.07,105.42,84.54,80.0,134.54564090065796
2025-08-05,432.4849797886838,557.58,218.58,76.03,105.5,84.8,79.97,134.5595101554668
2025-08-06,435.7996812729111,564.6,218.29,76.11,105.47,84.31,80.0,134.57337941027566
2025-08-07,435.43060736815465,566.51,217.58,76.03,105.37,84.17,79.96,134.57337941027566
2025-08-08,438.82887275534557,571.8,218.05,76.04,105.03,83.8,79.94,134.64272568431994
2025-08-11,437.958415432807,570.1,218.01,76.04,105.19,83.9,79.94,134.6565949391288
2025-08-12,442.6240666816142,577.27,224.48,76.21,105.29,83.48,80.0,134.6565949391288
2025-08-13,444.1351805935413,577.56,228.84,76.41,105.85,84.17,80.11,134.6843334487465
2025-08-14,444.1769625450232,577.11,225.89,76.21,105.48,83.55,80.02,134.69820270355535
2025-08-15,443.1393774165572,574.57,224.79,76.27,105.35,82.95,79.99,134.73981046798193
2025-08-18,443.0418861964328,574.34,225.62,76.21,105.15,82.71,79.99,134.78141823240847
2025-08-19,440.6394239862261,566.55,223.88,76.19,105.32,83.19,80.03,134.78141823240847
2025-08-20,439.46952934473427,563.19,223.09,76.16,105.37,83.37,80.06,134.80915674202615
2025-08-21,437.707723723916,560.58,223.65,76.02,104.96,82.96,79.99,134.80915674202615
2025-08-22,444.4276542539144,569.23,232.42,76.64,105.79,83.57,80.16,134.86463376126153
2025-08-25,442.47086619284744,567.59,229.97,76.49,105.51,83.33,80.12,134.89237227087926
2025-08-26,444.32319937520964,569.87,231.87,76.66,105.59,83.29,80.19,134.89237227087926
2025-08-27,445.33292986935453,570.74,233.51,76.75,105.62,83.19,80.25,134.9062415256881
2025-08-28,446.9136803670847,574.31,233.79,76.79,105.79,83.74,80.22,134.92011078049697
2025-08-29,444.2465991308263,567.67,232.75,76.65,105.4,83.14,80.29,134.98945705454125
2025-09-02,440.95278862234,562.91,231.5,76.56,105.05,82.52,80.25,135.50279700893026
2025-09-03,443.34828717396636,567.34,231.27,76.77,105.68,83.43,80.31,135.51671757570742
2025-09-04,447.0529535386909,572.47,234.16,76.98,106.4,84.07,80.37,135.5445587092618
2025-09-05,445.7577130427533,573.3,235.33,77.02,107.09,85.35,80.48,135.57239984281614
2025-09-08,446.851007439862,576.1,235.8,77.02,107.47,86.48,80.53,135.61416154314762
2025-09-09,447.8816289097477,577.73,234.41,76.94,107.28,85.99,80.46,135.61416154314762
2025-09-10,449.17686940568524,577.92,234.0,76.99,107.59,86.48,80.47,135.62808210992478
2025-09-11,452.90939040473097,581.28,238.32,77.18,108.1,87.06,80.5,135.6559232434791
2025-09-12,452.7561899159641,583.85,235.89,77.11,107.9,86.69,80.49,135.6976849438106
2025-09-15,455.1725794433315,588.84,236.89,77.33,108.24,86.89,80.52,135.6976849438106
2025-09-16,454.5458501711036,588.35,236.5,77.27,108.14,87.07,80.56,135.72552607736492
2025-09-17,453.98179382609857,587.17,237.1,77.19,107.95,86.85,80.52,135.7394466441421
2025-09-18,456.09874603451254,592.47,243.01,77.36,107.73,85.95,80.49,135.76728777769642
2025-09-19,459.6370603448754,596.48,241.16,77.39,107.64,85.79,80.52,135.82297004480506
2025-09-22,461.8087829568784,600.01,242.56,77.45,107.4,85.48,80.48,135.82297004480506
2025-09-23,459.2948918304442,596.02,242.02,77.39,107.61,86.08,80.51,135.8508111783594
2025-09-24,457.83543837093094,593.93,239.79,77.29,107.18,85.75,80.47,135.86473174513657
2025-09-25,455.7195800061821,591.37,237.5,77.07,106.99,85.75,80.4,135.86473174513657
2025-09-26,458.331233565311,593.8,239.54,77.22,107.13,85.67,80.45,135.90649344546804
2025-09-29,459.623094283062,596.55,239.81,77.36,107.49,86.38,80.48,135.9204140122452
2025-09-30,461.3479029170321,598.18,240.15,77.33,107.38,86.13,80.52,135.9204140122452
2025-10-01,462.92606790196027,601.05,240.68,77.47,107.81,86.35,80.61,136.43080184873327
2025-10-02,463.4567782508742,603.53,242.2,77.44,107.99,86.6,80.63,136.44477182639545
2025-10-03,463.4497952199673,600.98,243.99,77.36,107.85,86.44,80.6,136.5006517370441
2025-10-06,465.1117565757766,605.5,244.97,77.38,107.5,85.75,80.59,136.5006517370441
2025-10-07,463.3869479418065,602.31,242.34,77.29,107.71,86.24,80.62,136.52859169236845
2025-10-08,466.1522281808841,609.21,244.88,77.17,107.57,86.31,80.61,136.5425616700306
2025-10-09,464.7975201849723,608.48,243.3,76.95,107.36,86.24,80.6,136.5565316476928
2025-10-10,452.23504758370785,587.35,236.01,76.5,107.66,87.64,80.74,136.62638153600363
2025-10-13,459.1761803050291,599.82,242.58,76.98,108.03,87.59,80.9,136.61241155834148
2025-10-14,458.61753783248827,595.82,246.05,77.07,108.38,87.87,80.84,136.62638153600363
2025-10-15,460.6495998263559,600.03,248.46,77.32,108.38,87.68,80.8,136.65432149132795
2025-10-16,457.51421894921975,597.81,243.23,77.04,108.69,88.33,80.91,136.6682914689901
2025-10-17,460.1119064465352,601.73,241.59,77.24,108.48,88.2,80.89,136.69623142431445
2025-10-20,464.8952826176671,609.31,246.31,77.39,108.81,88.54,80.91,136.7102014019766
2025-10-21,464.8882995867603,609.15,245.14,77.28,108.83,88.97,80.93,136.73814135730095
2025-10-22,462.4721708930207,603.29,241.52,77.2,108.94,89.03,80.93,136.75211133496313
2025-10-23,465.2165020393781,608.36,244.58,77.38,108.8,88.42,80.87,136.7660813126253
2025-10-24,469.0152708526565,614.85,247.57,77.59,108.98,88.46,80.92,136.80799124561182
2025-10-27,474.55281436171856,625.8,248.43,77.78,109.17,88.76,80.9,136.82196122327395
2025-10-28,475.8097599249357,630.62,247.1,77.7,109.18,88.99,80.91,136.83593120093613
2025-10-29,476.04019994485884,633.46,244.99,77.46,108.56,88.09,80.75,136.8499011785983
2025-10-30,470.8029267647875,623.77,243.02,77.32,107.98,87.58,80.76,136.86387115626047
2025-10-31,472.3461765951819,626.78,244.39,77.32,107.54,87.32,80.79,136.90578108924697
2025-11-03,473.23302152034074,629.78,243.61,77.08,107.25,87.1,80.79,137.43329862175256
2025-11-04,467.6256477022109,617.0,239.4,77.09,107.4,87.29,80.82,137.43329862175256
2025-11-05,469.2457108725797,621.01,242.85,77.16,107.08,86.34,80.76,137.46133765034008
2025-11-06,464.2109455888044,609.44,238.55,77.19,107.64,87.12,80.86,137.47535716463383
2025-11-07,464.67182562865065,607.52,239.8,77.26,107.43,86.93,80.9,137.51741570751514
2025-11-10,471.9202117098694,620.96,242.21,77.52,107.49,86.91,80.88,137.53143522180892
2025-11-11,473.0025815004176,619.31,242.41,77.61,107.91,87.31,80.95,137.54545473610267
2025-11-12,473.26095364396775,618.82,241.82,77.45,107.81,87.47,80.92,137.55947425039642
2025-11-13,465.41202690476746,606.19,235.02,77.14,107.27,86.75,80.87,137.57349376469017
2025-11-14,465.3352135647931,606.64,235.7,77.15,106.98,86.25,80.9,137.60153279327773
2025-11-17,460.998751371694,601.46,231.02,77.03,107.05,86.47,80.89,137.61555230757145
2025-11-18,457.13015224934804,594.14,231.72,77.05,107.1,86.44,80.94,137.61555230757145
2025-11-19,458.889876037852,597.69,231.69,77.09,107.11,86.26,80.93,137.643591336159
2025-11-20,451.8998621001834,583.54,227.4,77.04,107.25,86.6,81.0,137.67163036474653
2025-11-21,456.396934004138,587.92,233.84,77.3,107.63,86.87,81.1,137.69966939333403
2025-11-24,463.11460973644284,602.96,238.11,77.51,108.06,87.36,81.1,137.7136889076278
2025-11-25,467.4720210222622,606.67,243.3,77.78,108.36,87.58,81.15,137.7417279362153
2025-11-26,470.698181301186,612.03,245.45,77.86,108.73,87.97,81.14,137.7557474505091
2025-11-28,473.2679366748744,617.0,246.89,77.9,108.55,87.56,81.14,137.79780599339037
2025-12-01,471.11018012468503,614.92,243.78,77.75,107.96,86.47,81.07,138.2645240359383
2025-12-02,471.9830589880303,619.74,243.34,77.9,108.03,86.5,81.12,141.20392852414005
2025-12-03,473.6170882202126,621.25,247.76,77.97,108.28,86.75,81.17,141.21799266044724
2025-12-04,473.95925673464393,620.67,249.94,78.03,108.08,86.28,81.11,141.2461209330616
2025-12-05,474.86006772161613,623.2,248.9,78.03,107.97,85.88,81.08,141.28831334198316
2025-12-08,473.43552941663677,622.01,248.99,77.83,107.75,85.6,81.06,141.28831334198316
2025-12-09,473.0305136240445,622.77,249.51,77.75,107.61,85.69,81.03,141.30237747829034
2025-12-10,476.16589450118056,625.33,252.91,78.01,108.11,86.02,81.16,141.30237747829034
2025-12-11,477.26921338444896,623.3,255.87,78.0,107.95,85.9,81.17,138.41922953531738
2025-12-12,472.14366869888573,611.39,251.95,77.85,107.3,85.07,81.18,138.4754860805461
2025-12-15,471.4244165154893,608.32,250.05,77.89,107.43,85.13,81.23,141.38676229613344
2025-12-16,470.1395388286452,609.52,248.86,77.94,107.67,85.6,81.27,141.40082643244062
2025-12-17,464.96511292673466,598.22,246.22,77.84,107.56,85.52,81.28,138.51767848946764
2025-12-18,468.47757747283583,606.89,247.68,78.05,107.96,85.93,81.34,138.51767848946764
2025-12-19,474.115235299402,614.8,249.75,78.02,107.69,85.61,81.32,139.02827133244548
2025-12-22,477.0707515676651,617.75,252.53,78.08,107.67,85.42,81.28,139.02827133244548
2025-12-23,479.24886900707247,620.64,251.04,78.14,107.78,85.56,81.25,139.04238158022105
2025-12-24,480.93673493278686,622.46,251.66,78.29,108.2,86.08,81.29,139.07060207577214
2025-12-26,480.8877097814175,622.42,250.38,78.25,108.19,85.8,81.35,141.58222617981914
2025-12-29,479.1718294834922,619.41,248.84,78.28,108.33,86.12,81.39,139.14115331464984
2025-12-30,478.5905312601135,617.97,247.0,78.36,108.21,85.91,81.41,139.1552635624254
2025-12-31,475.0397095823659,612.86,245.14,78.28,107.75,85.23,81.38,141.6386671709213
2026-01-02,478.4644665851637,613.12,248.78,80.67,110.16,87.03,82.86,141.68099791424794
2026-01-05,481.6511014241679,617.99,252.73,80.88,110.47,87.46,82.89,141.69510816202353
2026-01-06,484.5155709827452,623.42,256.08,80.9,110.47,87.28,82.9,141.7092184097991
2026-01-07,482.95376973198057,624.02,255.48,80.88,110.55,87.79,82.89,141.72332865757463
2026-01-08,482.90474458061124,620.47,258.27,80.94,110.24,87.35,82.86,141.7374389053502
2026-01-09,486.0983830126682,626.65,260.23,81.0,110.64,87.93,82.83,141.76565940090126
2026-01-12,486.86177465541857,627.17,261.5,81.04,110.51,87.67,82.83,141.79387989645232
2026-01-13,485.8882752210855,626.24,261.35,81.04,110.75,87.82,82.85,141.80799014422786
2026-01-14,483.50004999009553,619.55,263.19,81.04,111.03,88.33,82.87,141.82210039200342
2026-01-15,484.8167254840138,621.78,265.51,81.04,110.89,88.31,82.81,141.83621063977895
2026-01-16,484.41051708695386,621.26,265.76,81.09,110.57,87.8,82.79,141.89265163088118
2026-01-20,474.5494580686729,608.06,262.58,80.88,109.9,86.65,82.8,141.89265163088118
2026-01-21,480.0262678359284,616.28,267.79,81.12,110.56,87.31,82.84,141.89265163088118
2026-01-22,482.5335541488153,620.76,269.79,81.18,110.77,87.69,82.81,141.92087212643224
2026-01-23,482.7086439751342,622.72,264.81,81.14,110.84,87.93,82.84,141.96320286975885
2026-01-26,485.1599015435989,625.46,263.98,81.18,110.93,88.35,82.87,141.97731311753438
2026-01-27,487.0928932261597,631.13,264.73,81.17,110.81,87.8,82.89,141.97731311753438
2026-01-28,487.04386807479034,633.22,263.3,81.04,110.65,87.6,82.89,142.00553361308548
2026-01-29,486.07737223351,629.43,263.37,81.03,110.68,87.62,82.92,142.019643860861
2026-01-30,484.6276284715895,621.87,259.65,81.12,110.57,87.13,82.99,142.04786435641208
2026-02-02,487.03686448173767,626.14,262.18,80.77,110.06,86.55,82.7,142.06089658125757
2026-02-03,482.91875176671687,616.52,262.78,80.72,110.11,86.76,82.69,142.08920402303923
2026-02-04,480.5795516870963,605.75,260.52,80.62,109.97,86.54,82.73,142.10335774393005
2026-02-05,474.577472440884,597.03,255.83,80.53,110.5,87.48,82.86,142.10335774393005
2026-02-06,483.68214340946747,609.65,265.02,80.81,110.56,87.54,82.86,142.14581890660256
2026-02-09,486.01433989603544,614.32,266.88,80.92,110.56,87.52,82.88,142.17412634838422
2026-02-10,484.73268236738096,611.47,266.16,80.84,110.82,88.53,82.93,142.188280069275
2026-02-11,484.6206248785369,613.11,264.95,80.83,110.7,88.06,82.85,142.188280069275
2026-02-12,477.13378390514015,600.64,259.54,80.79,111.22,89.23,82.93,142.2165875110567
2026-02-13,477.4699563716725,601.92,262.96,80.85,111.59,89.72,83.06,142.27320239462
2026-02-17,478.24035160747576,601.3,263.04,80.81,111.7,89.87,83.03,142.27320239462
2026-02-18,480.6495876176239,605.79,263.99,80.91,111.59,89.53,82.98,142.3015098364017
2026-02-19,479.381937275075,603.47,264.6,80.94,111.68,89.62,82.98,142.3156635572925
2026-02-20,482.8487158361895,608.81,264.61,81.0,111.59,89.41,82.99,142.34397099907417
2026-02-23,477.918186327049,601.41,260.49,80.87,111.71,89.74,83.06,142.37227844085584
2026-02-24,481.39196848121617,607.87,263.33,80.81,111.68,89.9,83.06,142.37227844085584
2026-02-25,485.4540524518149,616.68,264.58,80.92,111.65,89.91,83.04,142.38643216174665
2026-02-26,482.7576691265036,609.24,265.99,80.85,111.72,90.27,83.07,142.41473960352832
2026-02-27,480.4394798260413,607.29,261.41,80.72,111.68,90.82,83.18,142.44304704530998
2026-03-02,480.71261995509883,608.09,263.81,80.28,110.92,89.61,82.81,142.4605976592146
2026-03-03,476.47544615818117,601.58,259.24,80.12,110.87,89.43,82.8,142.48898191856094
2026-03-04,479.83717082350427,610.75,261.76,80.4,110.97,89.15,82.75,142.48898191856094
2026-03-05,477.16179827735124,608.91,256.76,80.08,110.53,88.79,82.69,142.5031740482341
2026-03-06,470.9075896812397,599.75,250.89,79.69,110.16,88.46,82.73,142.55994256692674
2026-03-09,475.0327059893132,607.76,253.62,80.17,110.82,89.23,82.77,142.57413469659988
2026-03-10,474.2693143465627,607.77,253.36,80.04,110.06,88.28,82.72,142.57413469659988
2026-03-11,473.6740089370785,607.69,252.85,79.86,109.16,87.14,82.64,142.6025189559462
2026-03-12,466.48131887189754,597.26,247.41,79.35,108.57,86.97,82.5,142.6167110856194
2026-03-13,463.8409642910084,593.72,246.59,79.2,108.17,86.54,82.55,142.6592874746389
2026-03-16,468.56138600856616,600.38,248.92,79.45,108.69,87.21,82.65,142.6592874746389
2026-03-17,469.79401838585136,603.31,250.05,79.81,109.3,87.45,82.66,142.6876717339852
2026-03-18,463.23865528847125,594.9,246.02,79.4,108.71,86.955,82.51,142.70186386365836
2026-03-19,462.097069620872,593.02,247.63,79.66,109.19,87.49,82.49,142.70186386365836
2026-03-20,455.4905795938476,582.06,242.22,78.92,107.85,85.83,82.31,142.74444025267786
2026-03-23,460.27324121407986,588.0,247.45,79.44,108.56,86.385,82.43,142.74444025267786
2026-03-24,458.7281816598197,583.98,248.78,79.17,108.34,86.01,82.31,142.78701664169733
2026-03-25,461.2845529223228,587.82,251.82,79.42,108.73,86.84,82.4,142.78701664169733
2026-03-26,453.04657629892694,573.79,247.44,78.92,107.88,86.11,82.22,142.80120877137048
2026-03-27,445.32127852762653,562.58,243.1,78.72,107.62,85.64,82.39,142.84378516038996
2026-03-30,443.8324029571577,558.28,239.61,78.81,108.31,86.78,82.5,142.8579772900631
2026-03-31,456.7336502352294,577.18,248.0,79.56,108.99,86.69,82.57,142.8579772900631
2026-04-01,460.17491924244496,584.31,249.56,79.37,108.66,86.26,82.32,142.89017781307854
2026-04-02,460.58927612290563,584.98,251.29,79.56,109.12,86.79,82.36,142.94711184149293
2026-04-06,462.7664054948175,588.5,252.36,79.7,108.95,86.65,82.28,142.96134534859652
2026-04-07,462.97007243606095,588.59,252.91,79.72,109.07,86.64,82.34,142.97557885570015
2026-04-08,474.7616860342549,606.09,260.47,80.19,109.49,86.92,82.42,142.97557885570015
2026-04-09,477.50065524407955,610.19,261.96,80.28,109.49,86.7,82.44,142.98981236280372
2026-04-10,477.18462033525367,611.07,261.3,79.96,109.2,86.49,82.41,143.04674639121814
2026-04-13,481.8478909899295,617.39,265.07,80.26,109.62,86.75,82.47,143.06097989832176
2026-04-14,487.71911729611793,628.6,268.72,80.5,109.98,87.21,82.53,143.06097989832176
2026-04-15,491.56772018582035,637.4,269.39,80.46,109.94,86.83,82.51,143.08944691252896
2026-04-16,492.77567583733276,640.47,269.95,80.35,109.43,86.28,82.48,143.08944691252896
2026-04-17,498.7311781192079,648.85,275.78,80.65,110.04,87.07,82.64,143.13214743383975
2026-04-20,497.7339124069128,646.79,277.35,80.58,110.03,87.05,82.6,143.14638094094335
2026-04-21,494.4752413470188,644.33,274.51,80.37,109.61,86.57,82.48,143.17484795515057
2026-04-22,499.4826389024163,655.11,276.48,80.5,109.82,86.74,82.52,143.18908146225417
2026-04-23,497.5442914616173,651.42,275.52,80.37,109.52,86.55,82.48,143.20331496935776
2026-04-24,501.3999173492937,663.88,276.65,80.48,109.6,86.71,82.57,143.2460154906686
2026-04-27,502.2637461000844,664.23,277.14,80.51,109.29,86.28,82.55,143.2460154906686
2026-04-28,499.81974280516397,657.55,273.91,80.4,109.34,86.37,82.5,143.2744825048758
2026-04-29,499.742489827451,661.57,272.08,80.13,108.73,85.7,82.39,143.28871601197937
2026-04-30,504.7147723929788,667.74,277.97,80.38,108.85,85.62,82.48,143.28871601197937
2026-05-01,506.1123489897868,674.15,279.28,80.06,108.6,85.61,82.25,143.34268947091624
2026-05-04,504.2582775246747,672.88,277.88,79.8,108.25,84.96,82.15,143.35696520933584
2026-05-05,508.3035243576466,681.61,282.56,79.92,108.65,85.43,82.19,143.3712409477554
2026-05-06,515.3686603193996,695.77,286.8,80.16,109.19,86.08,82.3,143.38551668617495
2026-05-07,513.78848577527,694.94,282.26,79.86,108.74,85.65,82.23,143.39979242459455
2026-05-08,518.0303765515113,711.23,284.17,80.14,109.2,86.08,82.3,143.44261963985326
2026-05-11,519.210240211128,713.29,285.33,79.98,108.93,85.56,82.22,143.45689537827283
2026-05-12,518.4236644380502,707.24,282.57,79.87,108.56,84.99,82.16,143.4711711166924
2026-05-13,521.3241626012748,714.71,282.67,79.91,108.62,84.8,82.19,143.485446855112
2026-05-14,525.4396394139857,719.79,284.45,79.85,108.55,84.92,82.16,143.49972259353157
2026-05-15,519.1189412374671,708.93,277.6,79.46,107.86,83.66,82.06,143.54254980879028
2026-05-18,518.7537453428238,705.88,275.97,79.54,107.66,83.56,82.1,143.55682554720985
2026-05-19,515.2984303396604,701.53,273.0,79.35,107.12,83.02,82.04,143.57110128562942
2026-05-20,520.5797248160403,713.15,279.87,79.86,107.95,83.91,82.15,143.585377024049
2026-05-21,521.6121055182049,714.51,282.49,79.9,108.17,84.22,82.14,143.585377024049
2026-05-22,523.6628209265865,717.54,285.12,79.91,108.37,84.68,82.12,143.65675571614685
2026-05-26,527.1392049236719,730.28,290.51,80.18,108.78,85.1,82.21,143.67103145456645
2026-05-27,527.047905950011,729.45,290.37,80.13,108.93,85.3,82.22,143.685307192986
2026-05-28,529.9554271112096,735.6,292.03,80.23,109.26,85.74,82.26,143.685307192986
2026-05-29,531.2757507303045,738.31,290.43,80.31,109.36,85.76,82.3,143.71385866982513
2026-06-01,532.7224883129298,742.74,288.98,79.84,108.93,85.47,82.01,143.75596067757215
2026-06-02,533.4458571042426,746.16,291.66,79.9,108.92,85.65,82.01,143.75596067757215
2026-06-03,529.7025991841488,744.21,287.67,79.68,108.62,85.31,81.97,143.7702790003488
2026-06-04,531.704153606713,740.61,292.01,79.83,108.85,85.5,82.03,143.78459732312547
2026-06-05,517.9812155656938,705.06,281.65,79.43,108.17,85.06,81.86,143.82755229145542
2026-06-08,519.1540562273367,716.07,284.11,79.54,108.06,84.62,81.9,143.84187061423205
2026-06-09,517.6300656669982,707.83,285.02,79.62,108.41,85.12,81.94,143.8561889370087
2026-06-10,509.46934202131547,693.69,282.05,79.47,108.16,84.88,81.94,143.87050725978537
2026-06-11,518.1286985231459,717.12,290.41,79.94,109.08,85.98,82.09,143.884825582562
2026-06-12,520.9308747147359,721.34,292.95,79.94,109.01,85.77,82.07,143.91346222811532
2026-06-15,530.1169560646094,744.0,294.64,80.04,108.99,85.72,82.11,143.9420988736686
2026-06-16,526.9566069763501,729.86,292.08,80.03,109.12,86.19,82.125,143.95641719644524
2026-06-17,520.376057874797,722.51,289.88,79.73,108.77,86.33,81.88,143.9707355192219
2026-06-18,525.772189604847,740.62,295.59,80.01,109.07,86.75,81.99,144.02800881032854
2026-06-22,524.1175780324505,737.95,298.18,79.94,108.78,86.09,81.91,144.04232713310518
2026-06-23,516.5063647994265,713.65,295.32,79.87,108.91,86.2,81.97,144.05664545588184
2026-06-24,516.2669741889521,710.62,296.69,79.85,109.41,87.38,82.07,144.0709637786585
2026-06-25,517.0133096216074,716.38,298.91,79.88,109.5,87.35,82.09,144.08528210143515
2026-06-26,513.274591558022,706.52,299.83,79.83,109.5,87.36,82.19,144.11391874698847
2026-06-29,521.7307128280146,724.08,298.97,80.01,109.7,87.45,82.17,144.14255539254174
2026-06-30,525.7933123057711,736.4,300.45,79.97,109.07,86.42,82.11,144.14255539254174
2026-07-01,525.082181374656,725.17,299.32,79.59,108.46,85.52,81.84,144.17944655117577
2026-07-02,524.3921731444651,712.6,297.58,79.71,108.64,85.51,81.94,144.23688856175394
2026-07-06,528.9687583447109,722.82,298.9,79.87,108.67,85.45,81.98,144.23688856175394
2026-07-07,526.4551569347298,709.43,296.19,79.76,107.88,84.55,81.86,144.26560956704301
2026-07-08,524.8287089635654,711.44,293.48,79.66,107.67,84.36,81.84,144.27997006968755
2026-07-09,529.2715170579578,723.28,297.24,79.75,107.71,84.49,81.91,144.2943305723321
2026-07-10,531.5527687577727,725.51,295.99,79.71,107.46,84.47,81.88,144.3230515776212
2026-07-13,527.4831283797079,711.74,293.48,79.52,106.96,83.97,81.79,144.35177258291026
2026-07-14,529.3560078616547,719.69,294.51,79.68,107.21,84.08,81.93,144.35177258291026
