source_id,decision_date,target_name,evaluation_horizon,evidence_text,reference_state,partition,point_in_time_certified
daily-2018-01-10,2018-01-10,current US broad-equity market-stress state,current evidence snapshot,"As of 2018-01-10, SPY returned +1.3% over five trading days and +4.0% over twenty. Trailing twenty-day SPY annualized volatility was 7.0%. Over twenty days QQQ returned +4.3% and IWM returned +2.7%; breadth was 1.00. The HYG-minus-LQD twenty-day return was +0.7%. The TLT-minus-SHY twenty-day return was -1.8%.",Risk-on,calibration,True
daily-2018-01-29,2018-01-29,current US broad-equity market-stress state,current evidence snapshot,"As of 2018-01-29, SPY returned +0.7% over five trading days and +6.3% over twenty. Trailing twenty-day SPY annualized volatility was 7.7%. Over twenty days QQQ returned +8.5% and IWM returned +3.2%; breadth was 1.00. The HYG-minus-LQD twenty-day return was +1.3%. The TLT-minus-SHY twenty-day return was -2.8%.",Risk-on,calibration,True
daily-2018-02-09,2018-02-09,current US broad-equity market-stress state,current evidence snapshot,"As of 2018-02-09, SPY returned -5.0% over five trading days and -5.2% over twenty. Trailing twenty-day SPY annualized volatility was 24.6%. Over twenty days QQQ returned -4.4% and IWM returned -6.8%; breadth was 0.00. The HYG-minus-LQD twenty-day return was -0.0%. The TLT-minus-SHY twenty-day return was -4.9%.",Risk-off,calibration,True
daily-2018-02-12,2018-02-12,current US broad-equity market-stress state,current evidence snapshot,"As of 2018-02-12, SPY returned +0.5% over five trading days and -4.5% over twenty. Trailing twenty-day SPY annualized volatility was 25.1%. Over twenty days QQQ returned -3.4% and IWM returned -6.3%; breadth was 0.00. The HYG-minus-LQD twenty-day return was +0.8%. The TLT-minus-SHY twenty-day return was -4.6%.",Risk-off,calibration,True
daily-2018-03-05,2018-03-05,current US broad-equity market-stress state,current evidence snapshot,"As of 2018-03-05, SPY returned -2.1% over five trading days and -1.2% over twenty. Trailing twenty-day SPY annualized volatility was 26.5%. Over twenty days QQQ returned +2.0% and IWM returned -0.1%; breadth was 0.33. The HYG-minus-LQD twenty-day return was +1.6%. The TLT-minus-SHY twenty-day return was -1.1%.",Risk-off,calibration,True
daily-2018-03-08,2018-03-08,current US broad-equity market-stress state,current evidence snapshot,"As of 2018-03-08, SPY returned +2.4% over five trading days and +2.4% over twenty. Trailing twenty-day SPY annualized volatility was 20.7%. Over twenty days QQQ returned +6.0% and IWM returned +4.4%; breadth was 1.00. The HYG-minus-LQD twenty-day return was +1.3%. The TLT-minus-SHY twenty-day return was +0.1%.",Mixed,calibration,True
daily-2018-03-22,2018-03-22,current US broad-equity market-stress state,current evidence snapshot,"As of 2018-03-22, SPY returned -3.3% over five trading days and -1.6% over twenty. Trailing twenty-day SPY annualized volatility was 17.2%. Over twenty days QQQ returned -1.1% and IWM returned +1.2%; breadth was 0.33. The HYG-minus-LQD twenty-day return was -0.2%. The TLT-minus-SHY twenty-day return was +2.8%.",Risk-off,calibration,True
daily-2018-04-03,2018-04-03,current US broad-equity market-stress state,current evidence snapshot,"As of 2018-04-03, SPY returned -1.7% over five trading days and -3.4% over twenty. Trailing twenty-day SPY annualized volatility was 21.6%. Over twenty days QQQ returned -6.1% and IWM returned -2.0%; breadth was 0.00. The HYG-minus-LQD twenty-day return was -0.9%. The TLT-minus-SHY twenty-day return was +2.6%.",Risk-off,calibration,True
daily-2018-04-06,2018-04-06,current US broad-equity market-stress state,current evidence snapshot,"As of 2018-04-06, SPY returned -1.4% over five trading days and -4.4% over twenty. Trailing twenty-day SPY annualized volatility was 23.4%. Over twenty days QQQ returned -7.6% and IWM returned -3.6%; breadth was 0.00. The HYG-minus-LQD twenty-day return was -0.9%. The TLT-minus-SHY twenty-day return was +2.1%.",Risk-off,calibration,True
daily-2018-04-19,2018-04-19,current US broad-equity market-stress state,current evidence snapshot,"As of 2018-04-19, SPY returned +1.1% over five trading days and -0.6% over twenty. Trailing twenty-day SPY annualized volatility was 23.7%. Over twenty days QQQ returned -1.2% and IWM returned -0.3%; breadth was 0.00. The HYG-minus-LQD twenty-day return was +0.6%. The TLT-minus-SHY twenty-day return was +0.5%.",Risk-off,calibration,True
daily-2018-04-30,2018-04-30,current US broad-equity market-stress state,current evidence snapshot,"As of 2018-04-30, SPY returned -0.8% over five trading days and +2.7% over twenty. Trailing twenty-day SPY annualized volatility was 15.4%. Over twenty days QQQ returned +3.5% and IWM returned +3.4%; breadth was 1.00. The HYG-minus-LQD twenty-day return was +2.4%. The TLT-minus-SHY twenty-day return was -2.0%.",Risk-on,calibration,True
daily-2018-05-07,2018-05-07,current US broad-equity market-stress state,current evidence snapshot,"As of 2018-05-07, SPY returned +0.9% over five trading days and +2.3% over twenty. Trailing twenty-day SPY annualized volatility was 12.6%. Over twenty days QQQ returned +5.4% and IWM returned +4.3%; breadth was 1.00. The HYG-minus-LQD twenty-day return was +2.2%. The TLT-minus-SHY twenty-day return was -1.6%.",Risk-on,calibration,True
daily-2018-05-09,2018-05-09,current US broad-equity market-stress state,current evidence snapshot,"As of 2018-05-09, SPY returned +2.4% over five trading days and +2.2% over twenty. Trailing twenty-day SPY annualized volatility was 11.5%. Over twenty days QQQ returned +4.7% and IWM returned +3.3%; breadth was 1.00. The HYG-minus-LQD twenty-day return was +2.0%. The TLT-minus-SHY twenty-day return was -2.5%.",Risk-on,calibration,True
daily-2018-05-21,2018-05-21,current US broad-equity market-stress state,current evidence snapshot,"As of 2018-05-21, SPY returned +0.1% over five trading days and +2.5% over twenty. Trailing twenty-day SPY annualized volatility was 10.6%. Over twenty days QQQ returned +4.0% and IWM returned +4.9%; breadth was 1.00. The HYG-minus-LQD twenty-day return was +0.9%. The TLT-minus-SHY twenty-day return was -0.8%.",Risk-on,calibration,True
daily-2018-05-25,2018-05-25,current US broad-equity market-stress state,current evidence snapshot,"As of 2018-05-25, SPY returned +0.3% over five trading days and +2.1% over twenty. Trailing twenty-day SPY annualized volatility was 9.0%. Over twenty days QQQ returned +4.7% and IWM returned +4.6%; breadth was 1.00. The HYG-minus-LQD twenty-day return was -0.2%. The TLT-minus-SHY twenty-day return was +0.6%.",Mixed,calibration,True
daily-2018-05-29,2018-05-29,current US broad-equity market-stress state,current evidence snapshot,"As of 2018-05-29, SPY returned -1.5% over five trading days and +1.7% over twenty. Trailing twenty-day SPY annualized volatility was 9.5%. Over twenty days QQQ returned +5.0% and IWM returned +5.4%; breadth was 1.00. The HYG-minus-LQD twenty-day return was -1.1%. The TLT-minus-SHY twenty-day return was +2.3%.",Mixed,calibration,True
daily-2018-05-31,2018-05-31,current US broad-equity market-stress state,current evidence snapshot,"As of 2018-05-31, SPY returned -0.9% over five trading days and +2.9% over twenty. Trailing twenty-day SPY annualized volatility was 10.4%. Over twenty days QQQ returned +5.1% and IWM returned +5.2%; breadth was 1.00. The HYG-minus-LQD twenty-day return was -0.9%. The TLT-minus-SHY twenty-day return was +2.1%.",Mixed,calibration,True
daily-2018-06-05,2018-06-05,current US broad-equity market-stress state,current evidence snapshot,"As of 2018-06-05, SPY returned +2.3% over five trading days and +3.1% over twenty. Trailing twenty-day SPY annualized volatility was 10.0%. Over twenty days QQQ returned +5.2% and IWM returned +5.5%; breadth was 1.00. The HYG-minus-LQD twenty-day return was -0.1%. The TLT-minus-SHY twenty-day return was +0.8%.",Mixed,calibration,True
daily-2018-06-06,2018-06-06,current US broad-equity market-stress state,current evidence snapshot,"As of 2018-06-06, SPY returned +1.8% over five trading days and +3.9% over twenty. Trailing twenty-day SPY annualized volatility was 10.3%. Over twenty days QQQ returned +5.9% and IWM returned +5.8%; breadth was 1.00. The HYG-minus-LQD twenty-day return was +0.7%. The TLT-minus-SHY twenty-day return was +0.1%.",Risk-on,calibration,True
daily-2018-06-07,2018-06-07,current US broad-equity market-stress state,current evidence snapshot,"As of 2018-06-07, SPY returned +2.4% over five trading days and +2.9% over twenty. Trailing twenty-day SPY annualized volatility was 9.9%. Over twenty days QQQ returned +3.9% and IWM returned +4.6%; breadth was 1.00. The HYG-minus-LQD twenty-day return was +0.2%. The TLT-minus-SHY twenty-day return was +1.5%.",Mixed,calibration,True
daily-2018-06-19,2018-06-19,current US broad-equity market-stress state,current evidence snapshot,"As of 2018-06-19, SPY returned -0.7% over five trading days and +1.3% over twenty. Trailing twenty-day SPY annualized volatility was 8.9%. Over twenty days QQQ returned +4.7% and IWM returned +3.5%; breadth was 1.00. The HYG-minus-LQD twenty-day return was +0.5%. The TLT-minus-SHY twenty-day return was +3.1%.",Mixed,calibration,True
daily-2018-06-25,2018-06-25,current US broad-equity market-stress state,current evidence snapshot,"As of 2018-06-25, SPY returned -2.0% over five trading days and +0.1% over twenty. Trailing twenty-day SPY annualized volatility was 10.4%. Over twenty days QQQ returned +1.2% and IWM returned +2.1%; breadth was 1.00. The HYG-minus-LQD twenty-day return was +1.6%. The TLT-minus-SHY twenty-day return was +1.1%.",Mixed,calibration,True
daily-2018-06-28,2018-06-28,current US broad-equity market-stress state,current evidence snapshot,"As of 2018-06-28, SPY returned -1.2% over five trading days and +0.5% over twenty. Trailing twenty-day SPY annualized volatility was 8.4%. Over twenty days QQQ returned +0.9% and IWM returned +0.7%; breadth was 1.00. The HYG-minus-LQD twenty-day return was +0.9%. The TLT-minus-SHY twenty-day return was +0.9%.",Mixed,calibration,True
daily-2018-07-24,2018-07-24,current US broad-equity market-stress state,current evidence snapshot,"As of 2018-07-24, SPY returned +0.4% over five trading days and +3.9% over twenty. Trailing twenty-day SPY annualized volatility was 7.5%. Over twenty days QQQ returned +5.2% and IWM returned +1.5%; breadth was 1.00. The HYG-minus-LQD twenty-day return was -0.9%. The TLT-minus-SHY twenty-day return was -0.7%.",Mixed,calibration,True
daily-2018-07-26,2018-07-26,current US broad-equity market-stress state,current evidence snapshot,"As of 2018-07-26, SPY returned +1.2% over five trading days and +5.0% over twenty. Trailing twenty-day SPY annualized volatility was 7.5%. Over twenty days QQQ returned +6.1% and IWM returned +3.4%; breadth was 1.00. The HYG-minus-LQD twenty-day return was -0.0%. The TLT-minus-SHY twenty-day return was -2.0%.",Risk-on,calibration,True
daily-2018-08-01,2018-08-01,current US broad-equity market-stress state,current evidence snapshot,"As of 2018-08-01, SPY returned -1.1% over five trading days and +3.7% over twenty. Trailing twenty-day SPY annualized volatility was 8.4%. Over twenty days QQQ returned +3.7% and IWM returned +0.5%; breadth was 1.00. The HYG-minus-LQD twenty-day return was +1.1%. The TLT-minus-SHY twenty-day return was -2.6%.",Risk-on,calibration,True
daily-2018-08-07,2018-08-07,current US broad-equity market-stress state,current evidence snapshot,"As of 2018-08-07, SPY returned +1.6% over five trading days and +2.4% over twenty. Trailing twenty-day SPY annualized volatility was 7.4%. Over twenty days QQQ returned +2.5% and IWM returned -0.5%; breadth was 0.67. The HYG-minus-LQD twenty-day return was +0.8%. The TLT-minus-SHY twenty-day return was -2.5%.",Mixed,calibration,True
daily-2018-08-08,2018-08-08,current US broad-equity market-stress state,current evidence snapshot,"As of 2018-08-08, SPY returned +1.6% over five trading days and +3.1% over twenty. Trailing twenty-day SPY annualized volatility was 6.8%. Over twenty days QQQ returned +3.2% and IWM returned +0.3%; breadth was 1.00. The HYG-minus-LQD twenty-day return was +1.3%. The TLT-minus-SHY twenty-day return was -2.8%.",Risk-on,calibration,True
daily-2018-08-10,2018-08-10,current US broad-equity market-stress state,current evidence snapshot,"As of 2018-08-10, SPY returned -0.2% over five trading days and +1.3% over twenty. Trailing twenty-day SPY annualized volatility was 6.9%. Over twenty days QQQ returned +0.5% and IWM returned +0.1%; breadth was 1.00. The HYG-minus-LQD twenty-day return was +0.8%. The TLT-minus-SHY twenty-day return was -1.6%.",Risk-on,calibration,True
daily-2018-08-14,2018-08-14,current US broad-equity market-stress state,current evidence snapshot,"As of 2018-08-14, SPY returned -0.6% over five trading days and +1.2% over twenty. Trailing twenty-day SPY annualized volatility was 7.3%. Over twenty days QQQ returned +0.6% and IWM returned +0.4%; breadth was 1.00. The HYG-minus-LQD twenty-day return was +0.5%. The TLT-minus-SHY twenty-day return was -1.5%.",Mixed,calibration,True
daily-2018-08-15,2018-08-15,current US broad-equity market-stress state,current evidence snapshot,"As of 2018-08-15, SPY returned -1.3% over five trading days and +0.2% over twenty. Trailing twenty-day SPY annualized volatility was 7.8%. Over twenty days QQQ returned -0.4% and IWM returned -1.1%; breadth was 0.33. The HYG-minus-LQD twenty-day return was +0.1%. The TLT-minus-SHY twenty-day return was -0.6%.",Risk-off,calibration,True
daily-2018-08-21,2018-08-21,current US broad-equity market-stress state,current evidence snapshot,"As of 2018-08-21, SPY returned +0.9% over five trading days and +1.7% over twenty. Trailing twenty-day SPY annualized volatility was 8.1%. Over twenty days QQQ returned +0.0% and IWM returned +2.3%; breadth was 1.00. The HYG-minus-LQD twenty-day return was -0.1%. The TLT-minus-SHY twenty-day return was +1.4%.",Mixed,calibration,True
daily-2018-08-22,2018-08-22,current US broad-equity market-stress state,current evidence snapshot,"As of 2018-08-22, SPY returned +1.6% over five trading days and +0.7% over twenty. Trailing twenty-day SPY annualized volatility was 7.4%. Over twenty days QQQ returned -1.0% and IWM returned +2.2%; breadth was 0.67. The HYG-minus-LQD twenty-day return was -0.1%. The TLT-minus-SHY twenty-day return was +1.9%.",Mixed,calibration,True
daily-2018-08-24,2018-08-24,current US broad-equity market-stress state,current evidence snapshot,"As of 2018-08-24, SPY returned +0.9% over five trading days and +2.2% over twenty. Trailing twenty-day SPY annualized volatility was 7.1%. Over twenty days QQQ returned +2.7% and IWM returned +3.8%; breadth was 1.00. The HYG-minus-LQD twenty-day return was +0.1%. The TLT-minus-SHY twenty-day return was +2.3%.",Mixed,calibration,True
daily-2018-08-27,2018-08-27,current US broad-equity market-stress state,current evidence snapshot,"As of 2018-08-27, SPY returned +1.4% over five trading days and +3.5% over twenty. Trailing twenty-day SPY annualized volatility was 7.0%. Over twenty days QQQ returned +5.3% and IWM returned +4.7%; breadth was 1.00. The HYG-minus-LQD twenty-day return was +0.1%. The TLT-minus-SHY twenty-day return was +2.1%.",Risk-on,calibration,True
daily-2018-09-06,2018-09-06,current US broad-equity market-stress state,current evidence snapshot,"As of 2018-09-06, SPY returned -1.1% over five trading days and +1.0% over twenty. Trailing twenty-day SPY annualized volatility was 7.3%. Over twenty days QQQ returned -0.1% and IWM returned +1.8%; breadth was 0.67. The HYG-minus-LQD twenty-day return was -0.3%. The TLT-minus-SHY twenty-day return was +1.1%.",Mixed,calibration,True
daily-2018-09-17,2018-09-17,current US broad-equity market-stress state,current evidence snapshot,"As of 2018-09-17, SPY returned +0.5% over five trading days and +1.5% over twenty. Trailing twenty-day SPY annualized volatility was 5.7%. Over twenty days QQQ returned +0.8% and IWM returned +0.7%; breadth was 1.00. The HYG-minus-LQD twenty-day return was +1.2%. The TLT-minus-SHY twenty-day return was -1.7%.",Risk-on,calibration,True
daily-2018-09-20,2018-09-20,current US broad-equity market-stress state,current evidence snapshot,"As of 2018-09-20, SPY returned +0.9% over five trading days and +2.6% over twenty. Trailing twenty-day SPY annualized volatility was 6.3%. Over twenty days QQQ returned +2.0% and IWM returned +0.0%; breadth was 1.00. The HYG-minus-LQD twenty-day return was +0.9%. The TLT-minus-SHY twenty-day return was -3.5%.",Risk-on,calibration,True
daily-2018-09-24,2018-09-24,current US broad-equity market-stress state,current evidence snapshot,"As of 2018-09-24, SPY returned +1.6% over five trading days and +2.2% over twenty. Trailing twenty-day SPY annualized volatility was 6.3%. Over twenty days QQQ returned +1.0% and IWM returned -1.0%; breadth was 0.67. The HYG-minus-LQD twenty-day return was +1.5%. The TLT-minus-SHY twenty-day return was -4.1%.",Risk-on,calibration,True
daily-2018-10-02,2018-10-02,current US broad-equity market-stress state,current evidence snapshot,"As of 2018-10-02, SPY returned +0.3% over five trading days and +1.6% over twenty. Trailing twenty-day SPY annualized volatility was 5.7%. Over twenty days QQQ returned +0.1% and IWM returned -4.2%; breadth was 0.67. The HYG-minus-LQD twenty-day return was +0.9%. The TLT-minus-SHY twenty-day return was -2.3%.",Mixed,calibration,True
daily-2018-10-05,2018-10-05,current US broad-equity market-stress state,current evidence snapshot,"As of 2018-10-05, SPY returned -0.9% over five trading days and +1.1% over twenty. Trailing twenty-day SPY annualized volatility was 6.5%. Over twenty days QQQ returned -0.3% and IWM returned -4.7%; breadth was 0.33. The HYG-minus-LQD twenty-day return was +1.2%. The TLT-minus-SHY twenty-day return was -4.8%.",Mixed,calibration,True
daily-2018-10-22,2018-10-22,current US broad-equity market-stress state,current evidence snapshot,"As of 2018-10-22, SPY returned +0.2% over five trading days and -5.5% over twenty. Trailing twenty-day SPY annualized volatility was 17.4%. Over twenty days QQQ returned -5.4% and IWM returned -9.6%; breadth was 0.00. The HYG-minus-LQD twenty-day return was +0.3%. The TLT-minus-SHY twenty-day return was -2.6%.",Risk-off,calibration,True
daily-2018-10-25,2018-10-25,current US broad-equity market-stress state,current evidence snapshot,"As of 2018-10-25, SPY returned -2.3% over five trading days and -7.1% over twenty. Trailing twenty-day SPY annualized volatility was 21.4%. Over twenty days QQQ returned -8.0% and IWM returned -11.3%; breadth was 0.00. The HYG-minus-LQD twenty-day return was +0.1%. The TLT-minus-SHY twenty-day return was -2.8%.",Risk-off,calibration,True
daily-2018-10-26,2018-10-26,current US broad-equity market-stress state,current evidence snapshot,"As of 2018-10-26, SPY returned -4.0% over five trading days and -8.7% over twenty. Trailing twenty-day SPY annualized volatility was 21.9%. Over twenty days QQQ returned -10.3% and IWM returned -12.5%; breadth was 0.00. The HYG-minus-LQD twenty-day return was -0.7%. The TLT-minus-SHY twenty-day return was -1.9%.",Risk-off,calibration,True
daily-2018-11-01,2018-11-01,current US broad-equity market-stress state,current evidence snapshot,"As of 2018-11-01, SPY returned +1.2% over five trading days and -5.6% over twenty. Trailing twenty-day SPY annualized volatility was 23.8%. Over twenty days QQQ returned -5.7% and IWM returned -6.3%; breadth was 0.00. The HYG-minus-LQD twenty-day return was -0.4%. The TLT-minus-SHY twenty-day return was -0.6%.",Risk-off,calibration,True
daily-2018-11-02,2018-11-02,current US broad-equity market-stress state,current evidence snapshot,"As of 2018-11-02, SPY returned +2.5% over five trading days and -5.6% over twenty. Trailing twenty-day SPY annualized volatility was 23.8%. Over twenty days QQQ returned -6.0% and IWM returned -5.1%; breadth was 0.00. The HYG-minus-LQD twenty-day return was -0.0%. The TLT-minus-SHY twenty-day return was -0.8%.",Risk-off,calibration,True
daily-2018-11-05,2018-11-05,current US broad-equity market-stress state,current evidence snapshot,"As of 2018-11-05, SPY returned +3.7% over five trading days and -5.0% over twenty. Trailing twenty-day SPY annualized volatility was 24.0%. Over twenty days QQQ returned -5.6% and IWM returned -4.9%; breadth was 0.00. The HYG-minus-LQD twenty-day return was +0.0%. The TLT-minus-SHY twenty-day return was -0.2%.",Risk-off,calibration,True
daily-2018-11-08,2018-11-08,current US broad-equity market-stress state,current evidence snapshot,"As of 2018-11-08, SPY returned +2.6% over five trading days and +2.9% over twenty. Trailing twenty-day SPY annualized volatility was 21.5%. Over twenty days QQQ returned +2.9% and IWM returned +2.2%; breadth was 1.00. The HYG-minus-LQD twenty-day return was +1.4%. The TLT-minus-SHY twenty-day return was -1.9%.",Mixed,calibration,True
daily-2018-11-23,2018-11-23,current US broad-equity market-stress state,current evidence snapshot,"As of 2018-11-23, SPY returned -3.6% over five trading days and -2.5% over twenty. Trailing twenty-day SPY annualized volatility was 18.8%. Over twenty days QQQ returned -6.9% and IWM returned -0.7%; breadth was 0.00. The HYG-minus-LQD twenty-day return was -1.1%. The TLT-minus-SHY twenty-day return was +0.7%.",Risk-off,calibration,True
daily-2018-12-14,2018-12-14,current US broad-equity market-stress state,current evidence snapshot,"As of 2018-12-14, SPY returned -1.2% over five trading days and -3.5% over twenty. Trailing twenty-day SPY annualized volatility was 21.9%. Over twenty days QQQ returned -2.6% and IWM returned -5.9%; breadth was 0.00. The HYG-minus-LQD twenty-day return was -1.2%. The TLT-minus-SHY twenty-day return was +3.6%.",Risk-off,calibration,True
daily-2018-12-26,2018-12-26,current US broad-equity market-stress state,current evidence snapshot,"As of 2018-12-26, SPY returned -2.4% over five trading days and -6.9% over twenty. Trailing twenty-day SPY annualized volatility was 29.6%. Over twenty days QQQ returned -6.1% and IWM returned -11.6%; breadth was 0.00. The HYG-minus-LQD twenty-day return was -2.5%. The TLT-minus-SHY twenty-day return was +4.4%.",Risk-off,calibration,True
daily-2018-12-31,2018-12-31,current US broad-equity market-stress state,current evidence snapshot,"As of 2018-12-31, SPY returned +3.9% over five trading days and -7.6% over twenty. Trailing twenty-day SPY annualized volatility was 28.7%. Over twenty days QQQ returned -8.0% and IWM returned -11.5%; breadth was 0.00. The HYG-minus-LQD twenty-day return was -4.1%. The TLT-minus-SHY twenty-day return was +5.5%.",Risk-off,calibration,True
daily-2019-01-08,2019-01-08,current US broad-equity market-stress state,current evidence snapshot,"As of 2019-01-08, SPY returned +2.6% over five trading days and -1.4% over twenty. Trailing twenty-day SPY annualized volatility was 29.7%. Over twenty days QQQ returned -0.9% and IWM returned -1.3%; breadth was 0.00. The HYG-minus-LQD twenty-day return was -0.1%. The TLT-minus-SHY twenty-day return was +2.4%.",Risk-off,calibration,True
daily-2019-01-14,2019-01-14,current US broad-equity market-stress state,current evidence snapshot,"As of 2019-01-14, SPY returned +1.2% over five trading days and -1.8% over twenty. Trailing twenty-day SPY annualized volatility was 29.7%. Over twenty days QQQ returned -3.3% and IWM returned -0.0%; breadth was 0.00. The HYG-minus-LQD twenty-day return was -0.2%. The TLT-minus-SHY twenty-day return was +1.7%.",Risk-off,calibration,True
daily-2019-01-24,2019-01-24,current US broad-equity market-stress state,current evidence snapshot,"As of 2019-01-24, SPY returned +1.0% over five trading days and +12.5% over twenty. Trailing twenty-day SPY annualized volatility was 24.1%. Over twenty days QQQ returned +13.7% and IWM returned +15.6%; breadth was 1.00. The HYG-minus-LQD twenty-day return was +3.2%. The TLT-minus-SHY twenty-day return was -0.4%.",Risk-on,calibration,True
daily-2019-01-31,2019-01-31,current US broad-equity market-stress state,current evidence snapshot,"As of 2019-01-31, SPY returned +2.4% over five trading days and +7.8% over twenty. Trailing twenty-day SPY annualized volatility was 18.6%. Over twenty days QQQ returned +8.6% and IWM returned +10.6%; breadth was 1.00. The HYG-minus-LQD twenty-day return was +2.0%. The TLT-minus-SHY twenty-day return was -0.4%.",Risk-on,calibration,True
daily-2019-02-12,2019-02-12,current US broad-equity market-stress state,current evidence snapshot,"As of 2019-02-12, SPY returned +0.3% over five trading days and +6.5% over twenty. Trailing twenty-day SPY annualized volatility was 12.0%. Over twenty days QQQ returned +7.3% and IWM returned +7.5%; breadth was 1.00. The HYG-minus-LQD twenty-day return was -0.4%. The TLT-minus-SHY twenty-day return was +0.9%.",Risk-on,calibration,True
daily-2019-02-15,2019-02-15,current US broad-equity market-stress state,current evidence snapshot,"As of 2019-02-15, SPY returned +2.5% over five trading days and +5.5% over twenty. Trailing twenty-day SPY annualized volatility was 11.9%. Over twenty days QQQ returned +5.1% and IWM returned +7.1%; breadth was 1.00. The HYG-minus-LQD twenty-day return was -0.5%. The TLT-minus-SHY twenty-day return was +1.5%.",Mixed,calibration,True
daily-2019-02-19,2019-02-19,current US broad-equity market-stress state,current evidence snapshot,"As of 2019-02-19, SPY returned +2.7% over five trading days and +4.3% over twenty. Trailing twenty-day SPY annualized volatility was 11.3%. Over twenty days QQQ returned +4.3% and IWM returned +6.3%; breadth was 1.00. The HYG-minus-LQD twenty-day return was -0.6%. The TLT-minus-SHY twenty-day return was +2.1%.",Mixed,calibration,True
daily-2019-02-26,2019-02-26,current US broad-equity market-stress state,current evidence snapshot,"As of 2019-02-26, SPY returned +0.5% over five trading days and +5.9% over twenty. Trailing twenty-day SPY annualized volatility was 9.2%. Over twenty days QQQ returned +6.5% and IWM returned +7.2%; breadth was 1.00. The HYG-minus-LQD twenty-day return was +0.6%. The TLT-minus-SHY twenty-day return was +1.0%.",Risk-on,calibration,True
daily-2019-03-01,2019-03-01,current US broad-equity market-stress state,current evidence snapshot,"As of 2019-03-01, SPY returned +0.4% over five trading days and +3.9% over twenty. Trailing twenty-day SPY annualized volatility was 8.0%. Over twenty days QQQ returned +3.7% and IWM returned +6.2%; breadth was 1.00. The HYG-minus-LQD twenty-day return was +1.9%. The TLT-minus-SHY twenty-day return was -2.3%.",Risk-on,calibration,True
daily-2019-03-06,2019-03-06,current US broad-equity market-stress state,current evidence snapshot,"As of 2019-03-06, SPY returned -0.7% over five trading days and +1.5% over twenty. Trailing twenty-day SPY annualized volatility was 8.4%. Over twenty days QQQ returned +1.5% and IWM returned +1.3%; breadth was 1.00. The HYG-minus-LQD twenty-day return was +0.6%. The TLT-minus-SHY twenty-day return was -0.6%.",Mixed,calibration,True
daily-2019-03-14,2019-03-14,current US broad-equity market-stress state,current evidence snapshot,"As of 2019-03-14, SPY returned +2.2% over five trading days and +2.3% over twenty. Trailing twenty-day SPY annualized volatility was 8.8%. Over twenty days QQQ returned +3.3% and IWM returned +0.6%; breadth was 1.00. The HYG-minus-LQD twenty-day return was +0.4%. The TLT-minus-SHY twenty-day return was -0.3%.",Mixed,calibration,True
daily-2019-03-15,2019-03-15,current US broad-equity market-stress state,current evidence snapshot,"As of 2019-03-15, SPY returned +3.5% over five trading days and +3.5% over twenty. Trailing twenty-day SPY annualized volatility was 9.3%. Over twenty days QQQ returned +4.2% and IWM returned +0.6%; breadth was 1.00. The HYG-minus-LQD twenty-day return was +0.2%. The TLT-minus-SHY twenty-day return was -0.1%.",Risk-on,calibration,True
daily-2019-03-18,2019-03-18,current US broad-equity market-stress state,current evidence snapshot,"As of 2019-03-18, SPY returned +2.4% over five trading days and +2.8% over twenty. Trailing twenty-day SPY annualized volatility was 8.7%. Over twenty days QQQ returned +4.0% and IWM returned -0.3%; breadth was 0.67. The HYG-minus-LQD twenty-day return was +0.1%. The TLT-minus-SHY twenty-day return was -0.4%.",Mixed,calibration,True
daily-2019-03-21,2019-03-21,current US broad-equity market-stress state,current evidence snapshot,"As of 2019-03-21, SPY returned +2.1% over five trading days and +3.5% over twenty. Trailing twenty-day SPY annualized volatility was 9.4%. Over twenty days QQQ returned +6.6% and IWM returned -0.7%; breadth was 0.67. The HYG-minus-LQD twenty-day return was -0.7%. The TLT-minus-SHY twenty-day return was +1.5%.",Mixed,calibration,True
daily-2019-03-22,2019-03-22,current US broad-equity market-stress state,current evidence snapshot,"As of 2019-03-22, SPY returned -0.7% over five trading days and +1.0% over twenty. Trailing twenty-day SPY annualized volatility was 11.6%. Over twenty days QQQ returned +3.5% and IWM returned -5.1%; breadth was 0.67. The HYG-minus-LQD twenty-day return was -1.4%. The TLT-minus-SHY twenty-day return was +2.4%.",Risk-off,calibration,True
daily-2019-04-03,2019-04-03,current US broad-equity market-stress state,current evidence snapshot,"As of 2019-04-03, SPY returned +2.5% over five trading days and +4.2% over twenty. Trailing twenty-day SPY annualized volatility was 12.1%. Over twenty days QQQ returned +6.1% and IWM returned +1.7%; breadth was 1.00. The HYG-minus-LQD twenty-day return was -0.8%. The TLT-minus-SHY twenty-day return was +2.4%.",Mixed,calibration,True
daily-2019-04-04,2019-04-04,current US broad-equity market-stress state,current evidence snapshot,"As of 2019-04-04, SPY returned +2.3% over five trading days and +5.4% over twenty. Trailing twenty-day SPY annualized volatility was 11.5%. Over twenty days QQQ returned +7.4% and IWM returned +3.1%; breadth was 1.00. The HYG-minus-LQD twenty-day return was -0.5%. The TLT-minus-SHY twenty-day return was +2.1%.",Mixed,calibration,True
daily-2019-04-10,2019-04-10,current US broad-equity market-stress state,current evidence snapshot,"As of 2019-04-10, SPY returned +0.6% over five trading days and +3.4% over twenty. Trailing twenty-day SPY annualized volatility was 10.7%. Over twenty days QQQ returned +5.0% and IWM returned +1.8%; breadth was 1.00. The HYG-minus-LQD twenty-day return was -0.9%. The TLT-minus-SHY twenty-day return was +1.8%.",Mixed,calibration,True
daily-2019-04-12,2019-04-12,current US broad-equity market-stress state,current evidence snapshot,"As of 2019-04-12, SPY returned +0.6% over five trading days and +3.1% over twenty. Trailing twenty-day SPY annualized volatility was 10.5%. Over twenty days QQQ returned +4.4% and IWM returned +2.2%; breadth was 1.00. The HYG-minus-LQD twenty-day return was -0.3%. The TLT-minus-SHY twenty-day return was +0.7%.",Mixed,calibration,True
daily-2019-04-24,2019-04-24,current US broad-equity market-stress state,current evidence snapshot,"As of 2019-04-24, SPY returned +0.7% over five trading days and +4.0% over twenty. Trailing twenty-day SPY annualized volatility was 6.8%. Over twenty days QQQ returned +6.0% and IWM returned +4.1%; breadth was 1.00. The HYG-minus-LQD twenty-day return was +0.6%. The TLT-minus-SHY twenty-day return was -1.0%.",Risk-on,calibration,True
daily-2019-04-25,2019-04-25,current US broad-equity market-stress state,current evidence snapshot,"As of 2019-04-25, SPY returned +0.9% over five trading days and +4.5% over twenty. Trailing twenty-day SPY annualized volatility was 6.3%. Over twenty days QQQ returned +7.1% and IWM returned +3.6%; breadth was 1.00. The HYG-minus-LQD twenty-day return was +0.7%. The TLT-minus-SHY twenty-day return was -1.9%.",Risk-on,calibration,True
daily-2019-04-29,2019-04-29,current US broad-equity market-stress state,current evidence snapshot,"As of 2019-04-29, SPY returned +1.2% over five trading days and +4.0% over twenty. Trailing twenty-day SPY annualized volatility was 6.2%. Over twenty days QQQ returned +6.3% and IWM returned +3.9%; breadth was 1.00. The HYG-minus-LQD twenty-day return was +0.6%. The TLT-minus-SHY twenty-day return was -2.6%.",Risk-on,calibration,True
daily-2019-05-06,2019-05-06,current US broad-equity market-stress state,current evidence snapshot,"As of 2019-05-06, SPY returned -0.3% over five trading days and +1.5% over twenty. Trailing twenty-day SPY annualized volatility was 6.8%. Over twenty days QQQ returned +2.9% and IWM returned +2.1%; breadth was 1.00. The HYG-minus-LQD twenty-day return was -0.1%. The TLT-minus-SHY twenty-day return was -0.0%.",Mixed,calibration,True
daily-2019-05-15,2019-05-15,current US broad-equity market-stress state,current evidence snapshot,"As of 2019-05-15, SPY returned -0.9% over five trading days and -1.7% over twenty. Trailing twenty-day SPY annualized volatility was 13.0%. Over twenty days QQQ returned -1.8% and IWM returned -2.1%; breadth was 0.00. The HYG-minus-LQD twenty-day return was -2.0%. The TLT-minus-SHY twenty-day return was +2.8%.",Risk-off,calibration,True
daily-2019-05-17,2019-05-17,current US broad-equity market-stress state,current evidence snapshot,"As of 2019-05-17, SPY returned -0.7% over five trading days and -1.4% over twenty. Trailing twenty-day SPY annualized volatility was 13.6%. Over twenty days QQQ returned -2.3% and IWM returned -1.8%; breadth was 0.00. The HYG-minus-LQD twenty-day return was -1.3%. The TLT-minus-SHY twenty-day return was +2.2%.",Risk-off,calibration,True
daily-2019-05-22,2019-05-22,current US broad-equity market-stress state,current evidence snapshot,"As of 2019-05-22, SPY returned +0.2% over five trading days and -2.3% over twenty. Trailing twenty-day SPY annualized volatility was 13.7%. Over twenty days QQQ returned -4.6% and IWM returned -3.5%; breadth was 0.00. The HYG-minus-LQD twenty-day return was -0.4%. The TLT-minus-SHY twenty-day return was +2.0%.",Risk-off,calibration,True
daily-2019-05-24,2019-05-24,current US broad-equity market-stress state,current evidence snapshot,"As of 2019-05-24, SPY returned -1.0% over five trading days and -3.6% over twenty. Trailing twenty-day SPY annualized volatility was 14.2%. Over twenty days QQQ returned -6.6% and IWM returned -4.7%; breadth was 0.00. The HYG-minus-LQD twenty-day return was -1.5%. The TLT-minus-SHY twenty-day return was +3.1%.",Risk-off,calibration,True
daily-2019-06-03,2019-06-03,current US broad-equity market-stress state,current evidence snapshot,"As of 2019-06-03, SPY returned -2.9% over five trading days and -6.6% over twenty. Trailing twenty-day SPY annualized volatility was 14.2%. Over twenty days QQQ returned -11.0% and IWM returned -8.8%; breadth was 0.00. The HYG-minus-LQD twenty-day return was -3.7%. The TLT-minus-SHY twenty-day return was +6.3%.",Risk-off,calibration,True
daily-2019-06-07,2019-06-07,current US broad-equity market-stress state,current evidence snapshot,"As of 2019-06-07, SPY returned +4.4% over five trading days and +0.3% over twenty. Trailing twenty-day SPY annualized volatility was 16.8%. Over twenty days QQQ returned -2.0% and IWM returned -3.4%; breadth was 0.33. The HYG-minus-LQD twenty-day return was -2.1%. The TLT-minus-SHY twenty-day return was +4.8%.",Risk-off,calibration,True
daily-2019-06-12,2019-06-12,current US broad-equity market-stress state,current evidence snapshot,"As of 2019-06-12, SPY returned +1.9% over five trading days and +1.7% over twenty. Trailing twenty-day SPY annualized volatility was 13.8%. Over twenty days QQQ returned +1.0% and IWM returned -1.4%; breadth was 0.67. The HYG-minus-LQD twenty-day return was -1.2%. The TLT-minus-SHY twenty-day return was +3.8%.",Risk-off,calibration,True
daily-2019-06-13,2019-06-13,current US broad-equity market-stress state,current evidence snapshot,"As of 2019-06-13, SPY returned +1.7% over five trading days and +1.6% over twenty. Trailing twenty-day SPY annualized volatility was 13.8%. Over twenty days QQQ returned +0.2% and IWM returned -0.7%; breadth was 0.67. The HYG-minus-LQD twenty-day return was -1.0%. The TLT-minus-SHY twenty-day return was +3.5%.",Risk-off,calibration,True
daily-2019-06-18,2019-06-18,current US broad-equity market-stress state,current evidence snapshot,"As of 2019-06-18, SPY returned +1.2% over five trading days and +2.9% over twenty. Trailing twenty-day SPY annualized volatility was 13.3%. Over twenty days QQQ returned +3.6% and IWM returned +1.8%; breadth was 1.00. The HYG-minus-LQD twenty-day return was -1.9%. The TLT-minus-SHY twenty-day return was +4.8%.",Risk-off,calibration,True
daily-2019-06-19,2019-06-19,current US broad-equity market-stress state,current evidence snapshot,"As of 2019-06-19, SPY returned +1.6% over five trading days and +2.3% over twenty. Trailing twenty-day SPY annualized volatility was 13.0%. Over twenty days QQQ returned +2.9% and IWM returned +0.8%; breadth was 1.00. The HYG-minus-LQD twenty-day return was -2.3%. The TLT-minus-SHY twenty-day return was +4.8%.",Risk-off,calibration,True
daily-2019-06-20,2019-06-20,current US broad-equity market-stress state,current evidence snapshot,"As of 2019-06-20, SPY returned +2.2% over five trading days and +3.6% over twenty. Trailing twenty-day SPY annualized volatility was 13.3%. Over twenty days QQQ returned +4.3% and IWM returned +2.2%; breadth was 1.00. The HYG-minus-LQD twenty-day return was -2.3%. The TLT-minus-SHY twenty-day return was +4.5%.",Risk-off,calibration,True
daily-2019-06-24,2019-06-24,current US broad-equity market-stress state,current evidence snapshot,"As of 2019-06-24, SPY returned +2.5% over five trading days and +4.9% over twenty. Trailing twenty-day SPY annualized volatility was 12.3%. Over twenty days QQQ returned +5.8% and IWM returned +1.2%; breadth was 1.00. The HYG-minus-LQD twenty-day return was -1.4%. The TLT-minus-SHY twenty-day return was +3.0%.",Mixed,calibration,True
daily-2019-06-25,2019-06-25,current US broad-equity market-stress state,current evidence snapshot,"As of 2019-06-25, SPY returned +0.5% over five trading days and +4.8% over twenty. Trailing twenty-day SPY annualized volatility was 12.4%. Over twenty days QQQ returned +4.4% and IWM returned +1.4%; breadth was 1.00. The HYG-minus-LQD twenty-day return was -1.4%. The TLT-minus-SHY twenty-day return was +2.5%.",Mixed,calibration,True
daily-2019-06-28,2019-06-28,current US broad-equity market-stress state,current evidence snapshot,"As of 2019-06-28, SPY returned -0.3% over five trading days and +7.5% over twenty. Trailing twenty-day SPY annualized volatility was 10.4%. Over twenty days QQQ returned +7.6% and IWM returned +6.9%; breadth was 1.00. The HYG-minus-LQD twenty-day return was -0.1%. The TLT-minus-SHY twenty-day return was +0.5%.",Risk-on,calibration,True
daily-2019-07-02,2019-07-02,current US broad-equity market-stress state,current evidence snapshot,"As of 2019-07-02, SPY returned +1.9% over five trading days and +6.8% over twenty. Trailing twenty-day SPY annualized volatility was 8.0%. Over twenty days QQQ returned +8.9% and IWM returned +3.7%; breadth was 1.00. The HYG-minus-LQD twenty-day return was -1.2%. The TLT-minus-SHY twenty-day return was +1.6%.",Risk-on,calibration,True
daily-2019-07-03,2019-07-03,current US broad-equity market-stress state,current evidence snapshot,"As of 2019-07-03, SPY returned +2.9% over five trading days and +6.7% over twenty. Trailing twenty-day SPY annualized volatility was 7.9%. Over twenty days QQQ returned +8.9% and IWM returned +4.4%; breadth was 1.00. The HYG-minus-LQD twenty-day return was -1.4%. The TLT-minus-SHY twenty-day return was +3.0%.",Risk-on,calibration,True
daily-2019-07-09,2019-07-09,current US broad-equity market-stress state,current evidence snapshot,"As of 2019-07-09, SPY returned +0.6% over five trading days and +3.9% over twenty. Trailing twenty-day SPY annualized volatility was 7.9%. Over twenty days QQQ returned +4.3% and IWM returned +2.8%; breadth was 1.00. The HYG-minus-LQD twenty-day return was -1.2%. The TLT-minus-SHY twenty-day return was +1.7%.",Mixed,calibration,True
daily-2019-07-12,2019-07-12,current US broad-equity market-stress state,current evidence snapshot,"As of 2019-07-12, SPY returned +0.8% over five trading days and +4.9% over twenty. Trailing twenty-day SPY annualized volatility was 7.8%. Over twenty days QQQ returned +5.7% and IWM returned +2.4%; breadth was 1.00. The HYG-minus-LQD twenty-day return was -0.3%. The TLT-minus-SHY twenty-day return was -0.6%.",Risk-on,calibration,True
daily-2019-07-15,2019-07-15,current US broad-equity market-stress state,current evidence snapshot,"As of 2019-07-15, SPY returned +1.3% over five trading days and +5.1% over twenty. Trailing twenty-day SPY annualized volatility was 7.7%. Over twenty days QQQ returned +6.5% and IWM returned +2.7%; breadth was 1.00. The HYG-minus-LQD twenty-day return was -0.3%. The TLT-minus-SHY twenty-day return was -0.3%.",Risk-on,calibration,True
daily-2019-07-16,2019-07-16,current US broad-equity market-stress state,current evidence snapshot,"As of 2019-07-16, SPY returned +0.9% over five trading days and +4.6% over twenty. Trailing twenty-day SPY annualized volatility was 8.0%. Over twenty days QQQ returned +5.4% and IWM returned +2.0%; breadth was 1.00. The HYG-minus-LQD twenty-day return was -0.1%. The TLT-minus-SHY twenty-day return was -0.8%.",Risk-on,calibration,True
daily-2019-07-19,2019-07-19,current US broad-equity market-stress state,current evidence snapshot,"As of 2019-07-19, SPY returned -1.1% over five trading days and +1.5% over twenty. Trailing twenty-day SPY annualized volatility was 7.8%. Over twenty days QQQ returned +1.4% and IWM returned -0.9%; breadth was 0.67. The HYG-minus-LQD twenty-day return was -0.8%. The TLT-minus-SHY twenty-day return was -0.7%.",Risk-off,calibration,True
daily-2019-07-22,2019-07-22,current US broad-equity market-stress state,current evidence snapshot,"As of 2019-07-22, SPY returned -1.0% over five trading days and +1.3% over twenty. Trailing twenty-day SPY annualized volatility was 7.7%. Over twenty days QQQ returned +2.3% and IWM returned -0.2%; breadth was 0.67. The HYG-minus-LQD twenty-day return was -0.8%. The TLT-minus-SHY twenty-day return was +0.5%.",Risk-off,calibration,True
daily-2019-07-24,2019-07-24,current US broad-equity market-stress state,current evidence snapshot,"As of 2019-07-24, SPY returned +1.2% over five trading days and +3.7% over twenty. Trailing twenty-day SPY annualized volatility was 7.0%. Over twenty days QQQ returned +5.5% and IWM returned +4.1%; breadth was 1.00. The HYG-minus-LQD twenty-day return was -0.5%. The TLT-minus-SHY twenty-day return was -0.5%.",Mixed,calibration,True
daily-2019-07-25,2019-07-25,current US broad-equity market-stress state,current evidence snapshot,"As of 2019-07-25, SPY returned +0.4% over five trading days and +3.3% over twenty. Trailing twenty-day SPY annualized volatility was 7.3%. Over twenty days QQQ returned +4.0% and IWM returned +3.0%; breadth was 1.00. The HYG-minus-LQD twenty-day return was -0.5%. The TLT-minus-SHY twenty-day return was -0.4%.",Mixed,calibration,True
daily-2019-08-01,2019-08-01,current US broad-equity market-stress state,current evidence snapshot,"As of 2019-08-01, SPY returned -1.7% over five trading days and -1.3% over twenty. Trailing twenty-day SPY annualized volatility was 8.2%. Over twenty days QQQ returned -0.7% and IWM returned -1.2%; breadth was 0.00. The HYG-minus-LQD twenty-day return was -0.8%. The TLT-minus-SHY twenty-day return was +0.8%.",Risk-off,calibration,True
daily-2019-09-09,2019-09-09,current US broad-equity market-stress state,current evidence snapshot,"As of 2019-09-09, SPY returned +2.0% over five trading days and +2.3% over twenty. Trailing twenty-day SPY annualized volatility was 20.0%. Over twenty days QQQ returned +2.5% and IWM returned +0.9%; breadth was 1.00. The HYG-minus-LQD twenty-day return was +0.3%. The TLT-minus-SHY twenty-day return was +2.3%.",Risk-off,calibration,True
daily-2019-09-16,2019-09-16,current US broad-equity market-stress state,current evidence snapshot,"As of 2019-09-16, SPY returned +0.7% over five trading days and +3.9% over twenty. Trailing twenty-day SPY annualized volatility was 14.6%. Over twenty days QQQ returned +3.3% and IWM returned +6.3%; breadth was 1.00. The HYG-minus-LQD twenty-day return was +3.7%. The TLT-minus-SHY twenty-day return was -4.8%.",Risk-on,calibration,True
daily-2019-09-17,2019-09-17,current US broad-equity market-stress state,current evidence snapshot,"As of 2019-09-17, SPY returned +1.0% over five trading days and +3.0% over twenty. Trailing twenty-day SPY annualized volatility was 14.1%. Over twenty days QQQ returned +2.2% and IWM returned +4.9%; breadth was 1.00. The HYG-minus-LQD twenty-day return was +2.9%. The TLT-minus-SHY twenty-day return was -3.0%.",Risk-on,calibration,True
daily-2019-09-18,2019-09-18,current US broad-equity market-stress state,current evidence snapshot,"As of 2019-09-18, SPY returned +0.3% over five trading days and +3.8% over twenty. Trailing twenty-day SPY annualized volatility was 13.7%. Over twenty days QQQ returned +3.0% and IWM returned +5.0%; breadth was 1.00. The HYG-minus-LQD twenty-day return was +3.1%. The TLT-minus-SHY twenty-day return was -3.5%.",Risk-on,calibration,True
daily-2019-09-20,2019-09-20,current US broad-equity market-stress state,current evidence snapshot,"As of 2019-09-20, SPY returned -0.0% over five trading days and +3.0% over twenty. Trailing twenty-day SPY annualized volatility was 13.5%. Over twenty days QQQ returned +1.5% and IWM returned +3.6%; breadth was 1.00. The HYG-minus-LQD twenty-day return was +1.4%. The TLT-minus-SHY twenty-day return was -0.9%.",Mixed,calibration,True
daily-2019-09-24,2019-09-24,current US broad-equity market-stress state,current evidence snapshot,"As of 2019-09-24, SPY returned -0.7% over five trading days and +3.8% over twenty. Trailing twenty-day SPY annualized volatility was 9.2%. Over twenty days QQQ returned +1.9% and IWM returned +4.1%; breadth was 1.00. The HYG-minus-LQD twenty-day return was +1.3%. The TLT-minus-SHY twenty-day return was -1.0%.",Risk-on,calibration,True
daily-2019-09-30,2019-09-30,current US broad-equity market-stress state,current evidence snapshot,"As of 2019-09-30, SPY returned -0.5% over five trading days and +2.5% over twenty. Trailing twenty-day SPY annualized volatility was 8.4%. Over twenty days QQQ returned +0.9% and IWM returned +2.1%; breadth was 1.00. The HYG-minus-LQD twenty-day return was +1.2%. The TLT-minus-SHY twenty-day return was -2.5%.",Risk-on,calibration,True
daily-2019-10-09,2019-10-09,current US broad-equity market-stress state,current evidence snapshot,"As of 2019-10-09, SPY returned +1.0% over five trading days and -2.1% over twenty. Trailing twenty-day SPY annualized volatility was 12.4%. Over twenty days QQQ returned -2.5% and IWM returned -6.0%; breadth was 0.00. The HYG-minus-LQD twenty-day return was -2.2%. The TLT-minus-SHY twenty-day return was +2.4%.",Risk-off,calibration,True
daily-2019-10-25,2019-10-25,current US broad-equity market-stress state,current evidence snapshot,"As of 2019-10-25, SPY returned +1.2% over five trading days and +2.1% over twenty. Trailing twenty-day SPY annualized volatility was 13.4%. Over twenty days QQQ returned +4.6% and IWM returned +2.5%; breadth was 1.00. The HYG-minus-LQD twenty-day return was +0.4%. The TLT-minus-SHY twenty-day return was -2.9%.",Mixed,calibration,True
daily-2019-11-06,2019-11-06,current US broad-equity market-stress state,current evidence snapshot,"As of 2019-11-06, SPY returned +0.9% over five trading days and +5.5% over twenty. Trailing twenty-day SPY annualized volatility was 7.0%. Over twenty days QQQ returned +6.7% and IWM returned +7.6%; breadth was 1.00. The HYG-minus-LQD twenty-day return was +1.3%. The TLT-minus-SHY twenty-day return was -4.1%.",Risk-on,calibration,True
daily-2019-11-08,2019-11-08,current US broad-equity market-stress state,current evidence snapshot,"As of 2019-11-08, SPY returned +0.9% over five trading days and +4.3% over twenty. Trailing twenty-day SPY annualized volatility was 6.2%. Over twenty days QQQ returned +5.3% and IWM returned +5.9%; breadth was 1.00. The HYG-minus-LQD twenty-day return was +0.9%. The TLT-minus-SHY twenty-day return was -3.7%.",Risk-on,calibration,True
daily-2019-11-13,2019-11-13,current US broad-equity market-stress state,current evidence snapshot,"As of 2019-11-13, SPY returned +0.7% over five trading days and +3.6% over twenty. Trailing twenty-day SPY annualized volatility was 5.5%. Over twenty days QQQ returned +4.4% and IWM returned +4.4%; breadth was 1.00. The HYG-minus-LQD twenty-day return was +0.4%. The TLT-minus-SHY twenty-day return was -2.3%.",Risk-on,calibration,True
daily-2019-11-18,2019-11-18,current US broad-equity market-stress state,current evidence snapshot,"As of 2019-11-18, SPY returned +1.2% over five trading days and +4.0% over twenty. Trailing twenty-day SPY annualized volatility was 5.2%. Over twenty days QQQ returned +5.0% and IWM returned +2.9%; breadth was 1.00. The HYG-minus-LQD twenty-day return was -0.3%. The TLT-minus-SHY twenty-day return was -0.3%.",Risk-on,calibration,True
daily-2019-11-19,2019-11-19,current US broad-equity market-stress state,current evidence snapshot,"As of 2019-11-19, SPY returned +1.0% over five trading days and +4.3% over twenty. Trailing twenty-day SPY annualized volatility was 4.9%. Over twenty days QQQ returned +6.0% and IWM returned +3.2%; breadth was 1.00. The HYG-minus-LQD twenty-day return was -0.7%. The TLT-minus-SHY twenty-day return was -0.0%.",Risk-on,calibration,True
daily-2019-11-22,2019-11-22,current US broad-equity market-stress state,current evidence snapshot,"As of 2019-11-22, SPY returned -0.3% over five trading days and +3.1% over twenty. Trailing twenty-day SPY annualized volatility was 5.3%. Over twenty days QQQ returned +3.2% and IWM returned +2.1%; breadth was 1.00. The HYG-minus-LQD twenty-day return was -0.9%. The TLT-minus-SHY twenty-day return was +1.0%.",Mixed,calibration,True
daily-2019-11-25,2019-11-25,current US broad-equity market-stress state,current evidence snapshot,"As of 2019-11-25, SPY returned +0.4% over five trading days and +3.3% over twenty. Trailing twenty-day SPY annualized volatility was 5.5%. Over twenty days QQQ returned +3.4% and IWM returned +3.4%; breadth was 1.00. The HYG-minus-LQD twenty-day return was -1.3%. The TLT-minus-SHY twenty-day return was +2.2%.",Mixed,calibration,True
daily-2019-11-27,2019-11-27,current US broad-equity market-stress state,current evidence snapshot,"As of 2019-11-27, SPY returned +1.5% over five trading days and +3.7% over twenty. Trailing twenty-day SPY annualized volatility was 5.5%. Over twenty days QQQ returned +4.6% and IWM returned +4.1%; breadth was 1.00. The HYG-minus-LQD twenty-day return was -0.9%. The TLT-minus-SHY twenty-day return was +1.1%.",Mixed,calibration,True
daily-2019-11-29,2019-11-29,current US broad-equity market-stress state,current evidence snapshot,"As of 2019-11-29, SPY returned +1.3% over five trading days and +3.6% over twenty. Trailing twenty-day SPY annualized volatility was 5.6%. Over twenty days QQQ returned +4.1% and IWM returned +4.0%; breadth was 1.00. The HYG-minus-LQD twenty-day return was +0.1%. The TLT-minus-SHY twenty-day return was -0.4%.",Risk-on,calibration,True
daily-2019-12-02,2019-12-02,current US broad-equity market-stress state,current evidence snapshot,"As of 2019-12-02, SPY returned +0.2% over five trading days and +1.8% over twenty. Trailing twenty-day SPY annualized volatility was 6.0%. Over twenty days QQQ returned +2.1% and IWM returned +1.3%; breadth was 1.00. The HYG-minus-LQD twenty-day return was +0.1%. The TLT-minus-SHY twenty-day return was -1.4%.",Mixed,calibration,True
daily-2019-12-06,2019-12-06,current US broad-equity market-stress state,current evidence snapshot,"As of 2019-12-06, SPY returned +0.2% over five trading days and +2.1% over twenty. Trailing twenty-day SPY annualized volatility was 7.3%. Over twenty days QQQ returned +2.3% and IWM returned +2.6%; breadth was 1.00. The HYG-minus-LQD twenty-day return was -1.1%. The TLT-minus-SHY twenty-day return was +2.1%.",Mixed,calibration,True
daily-2019-12-12,2019-12-12,current US broad-equity market-stress state,current evidence snapshot,"As of 2019-12-12, SPY returned +1.6% over five trading days and +2.6% over twenty. Trailing twenty-day SPY annualized volatility was 7.9%. Over twenty days QQQ returned +2.4% and IWM returned +3.6%; breadth was 1.00. The HYG-minus-LQD twenty-day return was -0.1%. The TLT-minus-SHY twenty-day return was +0.8%.",Mixed,calibration,True
daily-2019-12-13,2019-12-13,current US broad-equity market-stress state,current evidence snapshot,"As of 2019-12-13, SPY returned +0.8% over five trading days and +2.5% over twenty. Trailing twenty-day SPY annualized volatility was 7.9%. Over twenty days QQQ returned +2.9% and IWM returned +3.3%; breadth was 1.00. The HYG-minus-LQD twenty-day return was -0.0%. The TLT-minus-SHY twenty-day return was +0.9%.",Mixed,calibration,True
daily-2019-12-16,2019-12-16,current US broad-equity market-stress state,current evidence snapshot,"As of 2019-12-16, SPY returned +1.8% over five trading days and +2.5% over twenty. Trailing twenty-day SPY annualized volatility was 7.8%. Over twenty days QQQ returned +3.1% and IWM returned +3.5%; breadth was 1.00. The HYG-minus-LQD twenty-day return was +0.1%. The TLT-minus-SHY twenty-day return was +0.2%.",Mixed,calibration,True
daily-2020-01-10,2020-01-10,current US broad-equity market-stress state,current evidence snapshot,"As of 2020-01-10, SPY returned +1.0% over five trading days and +4.7% over twenty. Trailing twenty-day SPY annualized volatility was 7.8%. Over twenty days QQQ returned +6.8% and IWM returned +1.8%; breadth was 1.00. The HYG-minus-LQD twenty-day return was +0.9%. The TLT-minus-SHY twenty-day return was -1.0%.",Risk-on,calibration,True
daily-2020-01-17,2020-01-17,current US broad-equity market-stress state,current evidence snapshot,"As of 2020-01-17, SPY returned +2.0% over five trading days and +5.0% over twenty. Trailing twenty-day SPY annualized volatility was 7.8%. Over twenty days QQQ returned +6.8% and IWM returned +2.4%; breadth was 1.00. The HYG-minus-LQD twenty-day return was -0.6%. The TLT-minus-SHY twenty-day return was +1.0%.",Risk-on,calibration,True
daily-2020-01-24,2020-01-24,current US broad-equity market-stress state,current evidence snapshot,"As of 2020-01-24, SPY returned -0.6% over five trading days and +2.3% over twenty. Trailing twenty-day SPY annualized volatility was 8.2%. Over twenty days QQQ returned +5.1% and IWM returned -0.8%; breadth was 0.67. The HYG-minus-LQD twenty-day return was -1.9%. The TLT-minus-SHY twenty-day return was +3.4%.",Risk-off,calibration,True
daily-2020-01-30,2020-01-30,current US broad-equity market-stress state,current evidence snapshot,"As of 2020-01-30, SPY returned -1.3% over five trading days and +1.8% over twenty. Trailing twenty-day SPY annualized volatility was 10.5%. Over twenty days QQQ returned +4.7% and IWM returned -1.1%; breadth was 0.67. The HYG-minus-LQD twenty-day return was -2.2%. The TLT-minus-SHY twenty-day return was +6.3%.",Risk-off,calibration,True
daily-2020-02-03,2020-02-03,current US broad-equity market-stress state,current evidence snapshot,"As of 2020-02-03, SPY returned +0.2% over five trading days and +0.5% over twenty. Trailing twenty-day SPY annualized volatility was 12.0%. Over twenty days QQQ returned +3.8% and IWM returned -1.7%; breadth was 0.67. The HYG-minus-LQD twenty-day return was -2.6%. The TLT-minus-SHY twenty-day return was +4.4%.",Risk-off,calibration,True
daily-2020-02-21,2020-02-21,current US broad-equity market-stress state,current evidence snapshot,"As of 2020-02-21, SPY returned -1.1% over five trading days and +0.5% over twenty. Trailing twenty-day SPY annualized volatility was 14.1%. Over twenty days QQQ returned +2.5% and IWM returned -0.3%; breadth was 0.67. The HYG-minus-LQD twenty-day return was -1.0%. The TLT-minus-SHY twenty-day return was +4.8%.",Risk-off,calibration,True
daily-2020-02-27,2020-02-27,current US broad-equity market-stress state,current evidence snapshot,"As of 2020-02-27, SPY returned -11.7% over five trading days and -8.9% over twenty. Trailing twenty-day SPY annualized volatility was 24.9%. Over twenty days QQQ returned -7.3% and IWM returned -9.1%; breadth was 0.00. The HYG-minus-LQD twenty-day return was -2.3%. The TLT-minus-SHY twenty-day return was +4.6%.",Risk-off,calibration,True
daily-2020-02-28,2020-02-28,current US broad-equity market-stress state,current evidence snapshot,"As of 2020-02-28, SPY returned -11.2% over five trading days and -9.6% over twenty. Trailing twenty-day SPY annualized volatility was 24.7%. Over twenty days QQQ returned -7.5% and IWM returned -10.1%; breadth was 0.00. The HYG-minus-LQD twenty-day return was -3.0%. The TLT-minus-SHY twenty-day return was +6.6%.",Risk-off,calibration,True
daily-2020-03-02,2020-03-02,current US broad-equity market-stress state,current evidence snapshot,"As of 2020-03-02, SPY returned -4.2% over five trading days and -4.0% over twenty. Trailing twenty-day SPY annualized volatility was 29.4%. Over twenty days QQQ returned -1.2% and IWM returned -5.9%; breadth was 0.00. The HYG-minus-LQD twenty-day return was -1.6%. The TLT-minus-SHY twenty-day return was +5.0%.",Risk-off,calibration,True
daily-2020-03-17,2020-03-17,current US broad-equity market-stress state,current evidence snapshot,"As of 2020-03-17, SPY returned -11.9% over five trading days and -24.5% over twenty. Trailing twenty-day SPY annualized volatility was 71.8%. Over twenty days QQQ returned -22.4% and IWM returned -35.0%; breadth was 0.00. The HYG-minus-LQD twenty-day return was -2.0%. The TLT-minus-SHY twenty-day return was +3.6%.",Risk-off,calibration,True
daily-2020-03-18,2020-03-18,current US broad-equity market-stress state,current evidence snapshot,"As of 2020-03-18, SPY returned -14.1% over five trading days and -30.3% over twenty. Trailing twenty-day SPY annualized volatility was 74.5%. Over twenty days QQQ returned -25.5% and IWM returned -40.1%; breadth was 0.00. The HYG-minus-LQD twenty-day return was -2.1%. The TLT-minus-SHY twenty-day return was -2.2%.",Risk-off,calibration,True
daily-2020-03-27,2020-03-27,current US broad-equity market-stress state,current evidence snapshot,"As of 2020-03-27, SPY returned +10.7% over five trading days and -13.2% over twenty. Trailing twenty-day SPY annualized volatility was 87.0%. Over twenty days QQQ returned -9.8% and IWM returned -23.2%; breadth was 0.00. The HYG-minus-LQD twenty-day return was -2.9%. The TLT-minus-SHY twenty-day return was +6.9%.",Risk-off,calibration,True
daily-2020-04-07,2020-04-07,current US broad-equity market-stress state,current evidence snapshot,"As of 2020-04-07, SPY returned +3.0% over five trading days and -6.9% over twenty. Trailing twenty-day SPY annualized volatility was 84.1%. Over twenty days QQQ returned -3.6% and IWM returned -15.7%; breadth was 0.00. The HYG-minus-LQD twenty-day return was -5.2%. The TLT-minus-SHY twenty-day return was +2.1%.",Risk-off,calibration,True
daily-2020-04-14,2020-04-14,current US broad-equity market-stress state,current evidence snapshot,"As of 2020-04-14, SPY returned +7.2% over five trading days and +19.2% over twenty. Trailing twenty-day SPY annualized volatility was 64.7%. Over twenty days QQQ returned +25.4% and IWM returned +16.8%; breadth was 1.00. The HYG-minus-LQD twenty-day return was -3.4%. The TLT-minus-SHY twenty-day return was -0.3%.",Risk-off,calibration,True
daily-2020-04-20,2020-04-20,current US broad-equity market-stress state,current evidence snapshot,"As of 2020-04-20, SPY returned +2.2% over five trading days and +22.8% over twenty. Trailing twenty-day SPY annualized volatility was 54.8%. Over twenty days QQQ returned +24.9% and IWM returned +19.7%; breadth was 1.00. The HYG-minus-LQD twenty-day return was -6.8%. The TLT-minus-SHY twenty-day return was +5.9%.",Risk-off,calibration,True
daily-2020-05-01,2020-05-01,current US broad-equity market-stress state,current evidence snapshot,"As of 2020-05-01, SPY returned -0.0% over five trading days and +12.3% over twenty. Trailing twenty-day SPY annualized volatility was 38.5%. Over twenty days QQQ returned +14.4% and IWM returned +16.3%; breadth was 1.00. The HYG-minus-LQD twenty-day return was -0.5%. The TLT-minus-SHY twenty-day return was -0.0%.",Risk-off,calibration,True
daily-2020-05-05,2020-05-05,current US broad-equity market-stress state,current evidence snapshot,"As of 2020-05-05, SPY returned +0.2% over five trading days and +8.1% over twenty. Trailing twenty-day SPY annualized volatility was 30.2%. Over twenty days QQQ returned +10.8% and IWM returned +12.4%; breadth was 1.00. The HYG-minus-LQD twenty-day return was +1.4%. The TLT-minus-SHY twenty-day return was -1.2%.",Mixed,calibration,True
daily-2020-05-08,2020-05-08,current US broad-equity market-stress state,current evidence snapshot,"As of 2020-05-08, SPY returned +3.4% over five trading days and +5.1% over twenty. Trailing twenty-day SPY annualized volatility was 28.6%. Over twenty days QQQ returned +11.9% and IWM returned +7.0%; breadth was 1.00. The HYG-minus-LQD twenty-day return was +0.9%. The TLT-minus-SHY twenty-day return was -0.8%.",Risk-off,calibration,True
daily-2020-05-12,2020-05-12,current US broad-equity market-stress state,current evidence snapshot,"As of 2020-05-12, SPY returned +0.1% over five trading days and +1.0% over twenty. Trailing twenty-day SPY annualized volatility was 27.7%. Over twenty days QQQ returned +4.8% and IWM returned +3.3%; breadth was 1.00. The HYG-minus-LQD twenty-day return was -0.1%. The TLT-minus-SHY twenty-day return was +0.4%.",Risk-off,calibration,True
daily-2020-05-28,2020-05-28,current US broad-equity market-stress state,current evidence snapshot,"As of 2020-05-28, SPY returned +2.0% over five trading days and +3.4% over twenty. Trailing twenty-day SPY annualized volatility was 22.7%. Over twenty days QQQ returned +5.0% and IWM returned +3.2%; breadth was 1.00. The HYG-minus-LQD twenty-day return was +1.7%. The TLT-minus-SHY twenty-day return was -3.7%.",Mixed,calibration,True
daily-2020-06-03,2020-06-03,current US broad-equity market-stress state,current evidence snapshot,"As of 2020-06-03, SPY returned +2.8% over five trading days and +9.1% over twenty. Trailing twenty-day SPY annualized volatility was 19.8%. Over twenty days QQQ returned +8.7% and IWM returned +14.3%; breadth was 1.00. The HYG-minus-LQD twenty-day return was +3.3%. The TLT-minus-SHY twenty-day return was -3.8%.",Risk-on,calibration,True
daily-2020-06-11,2020-06-11,current US broad-equity market-stress state,current evidence snapshot,"As of 2020-06-11, SPY returned -3.4% over five trading days and +6.8% over twenty. Trailing twenty-day SPY annualized volatility was 28.5%. Over twenty days QQQ returned +6.7% and IWM returned +10.2%; breadth was 1.00. The HYG-minus-LQD twenty-day return was -0.0%. The TLT-minus-SHY twenty-day return was -0.8%.",Risk-off,calibration,True
daily-2020-07-02,2020-07-02,current US broad-equity market-stress state,current evidence snapshot,"As of 2020-07-02, SPY returned +1.6% over five trading days and +1.2% over twenty. Trailing twenty-day SPY annualized volatility was 29.6%. Over twenty days QQQ returned +7.5% and IWM returned -1.2%; breadth was 0.67. The HYG-minus-LQD twenty-day return was -4.3%. The TLT-minus-SHY twenty-day return was +4.1%.",Risk-off,calibration,True
daily-2020-07-08,2020-07-08,current US broad-equity market-stress state,current evidence snapshot,"As of 2020-07-08, SPY returned +2.3% over five trading days and -0.6% over twenty. Trailing twenty-day SPY annualized volatility was 28.5%. Over twenty days QQQ returned +7.0% and IWM returned -5.3%; breadth was 0.33. The HYG-minus-LQD twenty-day return was -3.8%. The TLT-minus-SHY twenty-day return was +3.8%.",Risk-off,calibration,True
daily-2020-07-23,2020-07-23,current US broad-equity market-stress state,current evidence snapshot,"As of 2020-07-23, SPY returned +0.6% over five trading days and +6.2% over twenty. Trailing twenty-day SPY annualized volatility was 16.5%. Over twenty days QQQ returned +5.9% and IWM returned +7.2%; breadth was 1.00. The HYG-minus-LQD twenty-day return was -0.7%. The TLT-minus-SHY twenty-day return was +4.2%.",Mixed,calibration,True
daily-2020-07-27,2020-07-27,current US broad-equity market-stress state,current evidence snapshot,"As of 2020-07-27, SPY returned -0.3% over five trading days and +7.7% over twenty. Trailing twenty-day SPY annualized volatility was 13.7%. Over twenty days QQQ returned +8.3% and IWM returned +7.9%; breadth was 1.00. The HYG-minus-LQD twenty-day return was +1.3%. The TLT-minus-SHY twenty-day return was +2.4%.",Risk-on,calibration,True
daily-2020-07-30,2020-07-30,current US broad-equity market-stress state,current evidence snapshot,"As of 2020-07-30, SPY returned +0.3% over five trading days and +4.3% over twenty. Trailing twenty-day SPY annualized volatility was 13.3%. Over twenty days QQQ returned +4.2% and IWM returned +4.9%; breadth was 1.00. The HYG-minus-LQD twenty-day return was +2.0%. The TLT-minus-SHY twenty-day return was +4.6%.",Risk-on,calibration,True
daily-2020-08-05,2020-08-05,current US broad-equity market-stress state,current evidence snapshot,"As of 2020-08-05, SPY returned +2.2% over five trading days and +5.0% over twenty. Trailing twenty-day SPY annualized volatility was 11.7%. Over twenty days QQQ returned +4.3% and IWM returned +8.3%; breadth was 1.00. The HYG-minus-LQD twenty-day return was +1.2%. The TLT-minus-SHY twenty-day return was +3.4%.",Risk-on,calibration,True
daily-2020-08-11,2020-08-11,current US broad-equity market-stress state,current evidence snapshot,"As of 2020-08-11, SPY returned +0.9% over five trading days and +4.4% over twenty. Trailing twenty-day SPY annualized volatility was 10.4%. Over twenty days QQQ returned +1.9% and IWM returned +10.6%; breadth was 1.00. The HYG-minus-LQD twenty-day return was +1.3%. The TLT-minus-SHY twenty-day return was +0.1%.",Risk-on,calibration,True
daily-2020-08-18,2020-08-18,current US broad-equity market-stress state,current evidence snapshot,"As of 2020-08-18, SPY returned +1.7% over five trading days and +4.2% over twenty. Trailing twenty-day SPY annualized volatility was 10.6%. Over twenty days QQQ returned +5.3% and IWM returned +5.7%; breadth was 1.00. The HYG-minus-LQD twenty-day return was +1.8%. The TLT-minus-SHY twenty-day return was -1.4%.",Risk-on,calibration,True
daily-2020-08-19,2020-08-19,current US broad-equity market-stress state,current evidence snapshot,"As of 2020-08-19, SPY returned -0.1% over five trading days and +3.2% over twenty. Trailing twenty-day SPY annualized volatility was 10.7%. Over twenty days QQQ returned +4.2% and IWM returned +5.6%; breadth was 1.00. The HYG-minus-LQD twenty-day return was +1.9%. The TLT-minus-SHY twenty-day return was -2.3%.",Risk-on,calibration,True
daily-2020-08-20,2020-08-20,current US broad-equity market-stress state,current evidence snapshot,"As of 2020-08-20, SPY returned +0.4% over five trading days and +4.8% over twenty. Trailing twenty-day SPY annualized volatility was 9.5%. Over twenty days QQQ returned +8.5% and IWM returned +5.0%; breadth was 1.00. The HYG-minus-LQD twenty-day return was +2.1%. The TLT-minus-SHY twenty-day return was -2.6%.",Risk-on,calibration,True
daily-2020-08-26,2020-08-26,current US broad-equity market-stress state,current evidence snapshot,"As of 2020-08-26, SPY returned +3.1% over five trading days and +7.0% over twenty. Trailing twenty-day SPY annualized volatility was 8.3%. Over twenty days QQQ returned +12.4% and IWM returned +4.1%; breadth was 1.00. The HYG-minus-LQD twenty-day return was +2.3%. The TLT-minus-SHY twenty-day return was -3.4%.",Risk-on,calibration,True
daily-2020-08-27,2020-08-27,current US broad-equity market-stress state,current evidence snapshot,"As of 2020-08-27, SPY returned +3.0% over five trading days and +7.5% over twenty. Trailing twenty-day SPY annualized volatility was 8.0%. Over twenty days QQQ returned +11.5% and IWM returned +4.8%; breadth was 1.00. The HYG-minus-LQD twenty-day return was +2.6%. The TLT-minus-SHY twenty-day return was -5.6%.",Risk-on,calibration,True
daily-2020-09-03,2020-09-03,current US broad-equity market-stress state,current evidence snapshot,"As of 2020-09-03, SPY returned -0.8% over five trading days and +3.4% over twenty. Trailing twenty-day SPY annualized volatility was 16.2%. Over twenty days QQQ returned +4.6% and IWM returned +0.1%; breadth was 1.00. The HYG-minus-LQD twenty-day return was +1.4%. The TLT-minus-SHY twenty-day return was -2.9%.",Mixed,calibration,True
daily-2020-09-04,2020-09-04,current US broad-equity market-stress state,current evidence snapshot,"As of 2020-09-04, SPY returned -2.3% over five trading days and +2.3% over twenty. Trailing twenty-day SPY annualized volatility was 16.6%. Over twenty days QQQ returned +4.5% and IWM returned -2.2%; breadth was 0.67. The HYG-minus-LQD twenty-day return was +2.1%. The TLT-minus-SHY twenty-day return was -4.0%.",Mixed,calibration,True
daily-2020-09-25,2020-09-25,current US broad-equity market-stress state,current evidence snapshot,"As of 2020-09-25, SPY returned -0.6% over five trading days and -4.8% over twenty. Trailing twenty-day SPY annualized volatility was 23.6%. Over twenty days QQQ returned -6.6% and IWM returned -5.7%; breadth was 0.00. The HYG-minus-LQD twenty-day return was -2.1%. The TLT-minus-SHY twenty-day return was +2.5%.",Risk-off,calibration,True
daily-2020-10-05,2020-10-05,current US broad-equity market-stress state,current evidence snapshot,"As of 2020-10-05, SPY returned +1.6% over five trading days and +0.1% over twenty. Trailing twenty-day SPY annualized volatility was 21.7%. Over twenty days QQQ returned -1.1% and IWM returned +3.2%; breadth was 0.67. The HYG-minus-LQD twenty-day return was +0.6%. The TLT-minus-SHY twenty-day return was -1.9%.",Risk-off,calibration,True
daily-2020-10-12,2020-10-12,current US broad-equity market-stress state,current evidence snapshot,"As of 2020-10-12, SPY returned +3.7% over five trading days and +5.0% over twenty. Trailing twenty-day SPY annualized volatility was 19.3%. Over twenty days QQQ returned +7.2% and IWM returned +7.4%; breadth was 1.00. The HYG-minus-LQD twenty-day return was +1.4%. The TLT-minus-SHY twenty-day return was -2.2%.",Mixed,calibration,True
daily-2020-10-16,2020-10-16,current US broad-equity market-stress state,current evidence snapshot,"As of 2020-10-16, SPY returned +0.2% over five trading days and +5.0% over twenty. Trailing twenty-day SPY annualized volatility was 19.0%. Over twenty days QQQ returned +8.3% and IWM returned +6.3%; breadth was 1.00. The HYG-minus-LQD twenty-day return was +0.9%. The TLT-minus-SHY twenty-day return was -1.2%.",Mixed,calibration,True
daily-2020-10-20,2020-10-20,current US broad-equity market-stress state,current evidence snapshot,"As of 2020-10-20, SPY returned -2.0% over five trading days and +3.9% over twenty. Trailing twenty-day SPY annualized volatility was 19.2%. Over twenty days QQQ returned +4.4% and IWM returned +8.2%; breadth was 1.00. The HYG-minus-LQD twenty-day return was +1.7%. The TLT-minus-SHY twenty-day return was -2.9%.",Mixed,calibration,True
daily-2020-10-22,2020-10-22,current US broad-equity market-stress state,current evidence snapshot,"As of 2020-10-22, SPY returned -0.8% over five trading days and +6.6% over twenty. Trailing twenty-day SPY annualized volatility was 16.8%. Over twenty days QQQ returned +7.1% and IWM returned +12.5%; breadth was 1.00. The HYG-minus-LQD twenty-day return was +2.3%. The TLT-minus-SHY twenty-day return was -4.7%.",Risk-on,calibration,True
daily-2020-10-23,2020-10-23,current US broad-equity market-stress state,current evidence snapshot,"As of 2020-10-23, SPY returned -0.5% over five trading days and +5.1% over twenty. Trailing twenty-day SPY annualized volatility was 16.0%. Over twenty days QQQ returned +4.9% and IWM returned +11.3%; breadth was 1.00. The HYG-minus-LQD twenty-day return was +2.2%. The TLT-minus-SHY twenty-day return was -4.2%.",Risk-on,calibration,True
daily-2020-11-11,2020-11-11,current US broad-equity market-stress state,current evidence snapshot,"As of 2020-11-11, SPY returned +3.8% over five trading days and +2.5% over twenty. Trailing twenty-day SPY annualized volatility was 21.5%. Over twenty days QQQ returned -0.8% and IWM returned +7.2%; breadth was 0.67. The HYG-minus-LQD twenty-day return was +1.8%. The TLT-minus-SHY twenty-day return was -3.8%.",Risk-off,calibration,True
daily-2020-11-16,2020-11-16,current US broad-equity market-stress state,current evidence snapshot,"As of 2020-11-16, SPY returned +2.2% over five trading days and +6.0% over twenty. Trailing twenty-day SPY annualized volatility was 21.7%. Over twenty days QQQ returned +3.3% and IWM returned +10.6%; breadth was 1.00. The HYG-minus-LQD twenty-day return was +1.3%. The TLT-minus-SHY twenty-day return was -1.7%.",Mixed,calibration,True
daily-2020-11-19,2020-11-19,current US broad-equity market-stress state,current evidence snapshot,"As of 2020-11-19, SPY returned +1.3% over five trading days and +3.9% over twenty. Trailing twenty-day SPY annualized volatility was 22.5%. Over twenty days QQQ returned +2.9% and IWM returned +9.4%; breadth was 1.00. The HYG-minus-LQD twenty-day return was -0.8%. The TLT-minus-SHY twenty-day return was +2.0%.",Risk-off,calibration,True
daily-2020-11-23,2020-11-23,current US broad-equity market-stress state,current evidence snapshot,"As of 2020-11-23, SPY returned -1.4% over five trading days and +5.3% over twenty. Trailing twenty-day SPY annualized volatility was 21.6%. Over twenty days QQQ returned +3.5% and IWM returned +13.4%; breadth was 1.00. The HYG-minus-LQD twenty-day return was +0.4%. The TLT-minus-SHY twenty-day return was +0.9%.",Mixed,calibration,True
daily-2020-11-24,2020-11-24,current US broad-equity market-stress state,current evidence snapshot,"As of 2020-11-24, SPY returned +0.6% over five trading days and +7.3% over twenty. Trailing twenty-day SPY annualized volatility was 21.9%. Over twenty days QQQ returned +4.2% and IWM returned +16.4%; breadth was 1.00. The HYG-minus-LQD twenty-day return was +1.3%. The TLT-minus-SHY twenty-day return was -0.8%.",Mixed,calibration,True
daily-2020-11-27,2020-11-27,current US broad-equity market-stress state,current evidence snapshot,"As of 2020-11-27, SPY returned +1.6% over five trading days and +10.2% over twenty. Trailing twenty-day SPY annualized volatility was 16.8%. Over twenty days QQQ returned +8.2% and IWM returned +18.9%; breadth was 1.00. The HYG-minus-LQD twenty-day return was +0.8%. The TLT-minus-SHY twenty-day return was +0.8%.",Risk-on,calibration,True
daily-2020-12-07,2020-12-07,current US broad-equity market-stress state,current evidence snapshot,"As of 2020-12-07, SPY returned +1.9% over five trading days and +5.4% over twenty. Trailing twenty-day SPY annualized volatility was 12.9%. Over twenty days QQQ returned +4.3% and IWM returned +15.2%; breadth was 1.00. The HYG-minus-LQD twenty-day return was +1.4%. The TLT-minus-SHY twenty-day return was -1.7%.",Risk-on,calibration,True
daily-2020-12-08,2020-12-08,current US broad-equity market-stress state,current evidence snapshot,"As of 2020-12-08, SPY returned +1.2% over five trading days and +4.4% over twenty. Trailing twenty-day SPY annualized volatility was 12.4%. Over twenty days QQQ returned +6.8% and IWM returned +12.4%; breadth was 1.00. The HYG-minus-LQD twenty-day return was -0.1%. The TLT-minus-SHY twenty-day return was +0.9%.",Mixed,calibration,True
daily-2020-12-09,2020-12-09,current US broad-equity market-stress state,current evidence snapshot,"As of 2020-12-09, SPY returned -0.0% over five trading days and +3.6% over twenty. Trailing twenty-day SPY annualized volatility was 13.0%. Over twenty days QQQ returned +6.3% and IWM returned +9.7%; breadth was 1.00. The HYG-minus-LQD twenty-day return was -0.0%. The TLT-minus-SHY twenty-day return was +1.1%.",Mixed,calibration,True
daily-2020-12-10,2020-12-10,current US broad-equity market-stress state,current evidence snapshot,"As of 2020-12-10, SPY returned +0.1% over five trading days and +2.8% over twenty. Trailing twenty-day SPY annualized volatility was 12.8%. Over twenty days QQQ returned +4.4% and IWM returned +10.8%; breadth was 1.00. The HYG-minus-LQD twenty-day return was -0.1%. The TLT-minus-SHY twenty-day return was +1.6%.",Mixed,calibration,True
daily-2020-12-14,2020-12-14,current US broad-equity market-stress state,current evidence snapshot,"As of 2020-12-14, SPY returned -1.2% over five trading days and +1.9% over twenty. Trailing twenty-day SPY annualized volatility was 11.5%. Over twenty days QQQ returned +4.5% and IWM returned +10.0%; breadth was 1.00. The HYG-minus-LQD twenty-day return was +0.6%. The TLT-minus-SHY twenty-day return was +0.1%.",Mixed,calibration,True
daily-2020-12-17,2020-12-17,current US broad-equity market-stress state,current evidence snapshot,"As of 2020-12-17, SPY returned +1.5% over five trading days and +4.5% over twenty. Trailing twenty-day SPY annualized volatility was 10.2%. Over twenty days QQQ returned +7.2% and IWM returned +11.9%; breadth was 1.00. The HYG-minus-LQD twenty-day return was +1.1%. The TLT-minus-SHY twenty-day return was -1.5%.",Risk-on,calibration,True
daily-2020-12-21,2020-12-21,current US broad-equity market-stress state,current evidence snapshot,"As of 2020-12-21, SPY returned +1.6% over five trading days and +4.4% over twenty. Trailing twenty-day SPY annualized volatility was 9.8%. Over twenty days QQQ returned +6.6% and IWM returned +10.3%; breadth was 1.00. The HYG-minus-LQD twenty-day return was +1.4%. The TLT-minus-SHY twenty-day return was -2.7%.",Risk-on,calibration,True
daily-2020-12-28,2020-12-28,current US broad-equity market-stress state,current evidence snapshot,"As of 2020-12-28, SPY returned +0.8% over five trading days and +3.2% over twenty. Trailing twenty-day SPY annualized volatility was 8.7%. Over twenty days QQQ returned +4.8% and IWM returned +7.9%; breadth was 1.00. The HYG-minus-LQD twenty-day return was +1.4%. The TLT-minus-SHY twenty-day return was -1.6%.",Risk-on,calibration,True
daily-2021-01-20,2021-01-20,current US broad-equity market-stress state,current evidence snapshot,"As of 2021-01-20, SPY returned +1.4% over five trading days and +4.0% over twenty. Trailing twenty-day SPY annualized volatility was 11.4%. Over twenty days QQQ returned +4.6% and IWM returned +9.8%; breadth was 1.00. The HYG-minus-LQD twenty-day return was +1.6%. The TLT-minus-SHY twenty-day return was -2.5%.",Risk-on,prompt_validation,True
daily-2021-02-16,2021-02-16,current US broad-equity market-stress state,current evidence snapshot,"As of 2021-02-16, SPY returned +0.5% over five trading days and +4.4% over twenty. Trailing twenty-day SPY annualized volatility was 15.7%. Over twenty days QQQ returned +7.6% and IWM returned +7.2%; breadth was 1.00. The HYG-minus-LQD twenty-day return was +2.6%. The TLT-minus-SHY twenty-day return was -4.5%.",Risk-on,prompt_validation,True
daily-2021-03-11,2021-03-11,current US broad-equity market-stress state,current evidence snapshot,"As of 2021-03-11, SPY returned +4.5% over five trading days and +0.8% over twenty. Trailing twenty-day SPY annualized volatility was 18.4%. Over twenty days QQQ returned -4.4% and IWM returned +2.3%; breadth was 0.67. The HYG-minus-LQD twenty-day return was +3.0%. The TLT-minus-SHY twenty-day return was -7.0%.",Mixed,prompt_validation,True
daily-2021-04-06,2021-04-06,current US broad-equity market-stress state,current evidence snapshot,"As of 2021-04-06, SPY returned +2.6% over five trading days and +7.1% over twenty. Trailing twenty-day SPY annualized volatility was 12.3%. Over twenty days QQQ returned +10.4% and IWM returned +2.7%; breadth was 1.00. The HYG-minus-LQD twenty-day return was -0.2%. The TLT-minus-SHY twenty-day return was +0.1%.",Risk-on,prompt_validation,True
daily-2021-04-16,2021-04-16,current US broad-equity market-stress state,current evidence snapshot,"As of 2021-04-16, SPY returned +1.4% over five trading days and +7.3% over twenty. Trailing twenty-day SPY annualized volatility was 9.9%. Over twenty days QQQ returned +9.7% and IWM returned -0.1%; breadth was 0.67. The HYG-minus-LQD twenty-day return was -0.1%. The TLT-minus-SHY twenty-day return was +4.1%.",Risk-on,prompt_validation,True
daily-2021-04-27,2021-04-27,current US broad-equity market-stress state,current evidence snapshot,"As of 2021-04-27, SPY returned +1.3% over five trading days and +5.5% over twenty. Trailing twenty-day SPY annualized volatility was 10.3%. Over twenty days QQQ returned +7.7% and IWM returned +6.5%; breadth was 1.00. The HYG-minus-LQD twenty-day return was -0.9%. The TLT-minus-SHY twenty-day return was +2.5%.",Mixed,prompt_validation,True
daily-2021-05-20,2021-05-20,current US broad-equity market-stress state,current evidence snapshot,"As of 2021-05-20, SPY returned +1.2% over five trading days and +0.7% over twenty. Trailing twenty-day SPY annualized volatility was 14.4%. Over twenty days QQQ returned -1.9% and IWM returned -1.0%; breadth was 0.33. The HYG-minus-LQD twenty-day return was +0.3%. The TLT-minus-SHY twenty-day return was -2.2%.",Risk-off,prompt_validation,True
daily-2021-06-02,2021-06-02,current US broad-equity market-stress state,current evidence snapshot,"As of 2021-06-02, SPY returned +0.5% over five trading days and +1.1% over twenty. Trailing twenty-day SPY annualized volatility was 13.8%. Over twenty days QQQ returned +1.0% and IWM returned +2.3%; breadth was 1.00. The HYG-minus-LQD twenty-day return was -0.0%. The TLT-minus-SHY twenty-day return was -0.6%.",Mixed,prompt_validation,True
daily-2021-06-03,2021-06-03,current US broad-equity market-stress state,current evidence snapshot,"As of 2021-06-03, SPY returned -0.1% over five trading days and +0.7% over twenty. Trailing twenty-day SPY annualized volatility was 13.9%. Over twenty days QQQ returned +0.3% and IWM returned +1.8%; breadth was 1.00. The HYG-minus-LQD twenty-day return was +0.1%. The TLT-minus-SHY twenty-day return was -1.1%.",Mixed,prompt_validation,True
daily-2021-06-07,2021-06-07,current US broad-equity market-stress state,current evidence snapshot,"As of 2021-06-07, SPY returned +0.5% over five trading days and +0.0% over twenty. Trailing twenty-day SPY annualized volatility was 13.7%. Over twenty days QQQ returned +0.7% and IWM returned +2.2%; breadth was 1.00. The HYG-minus-LQD twenty-day return was -0.1%. The TLT-minus-SHY twenty-day return was +0.3%.",Risk-off,prompt_validation,True
daily-2021-06-16,2021-06-16,current US broad-equity market-stress state,current evidence snapshot,"As of 2021-06-16, SPY returned +0.1% over five trading days and +2.4% over twenty. Trailing twenty-day SPY annualized volatility was 7.0%. Over twenty days QQQ returned +5.8% and IWM returned +4.8%; breadth was 1.00. The HYG-minus-LQD twenty-day return was -1.1%. The TLT-minus-SHY twenty-day return was +3.6%.",Mixed,prompt_validation,True
daily-2021-06-17,2021-06-17,current US broad-equity market-stress state,current evidence snapshot,"As of 2021-06-17, SPY returned -0.4% over five trading days and +2.7% over twenty. Trailing twenty-day SPY annualized volatility was 6.8%. Over twenty days QQQ returned +7.1% and IWM returned +4.5%; breadth was 1.00. The HYG-minus-LQD twenty-day return was -1.5%. The TLT-minus-SHY twenty-day return was +5.3%.",Mixed,prompt_validation,True
daily-2021-07-14,2021-07-14,current US broad-equity market-stress state,current evidence snapshot,"As of 2021-07-14, SPY returned +0.4% over five trading days and +3.5% over twenty. Trailing twenty-day SPY annualized volatility was 9.4%. Over twenty days QQQ returned +6.2% and IWM returned -5.0%; breadth was 0.67. The HYG-minus-LQD twenty-day return was -0.7%. The TLT-minus-SHY twenty-day return was +4.3%.",Mixed,prompt_validation,True
daily-2021-08-05,2021-08-05,current US broad-equity market-stress state,current evidence snapshot,"As of 2021-08-05, SPY returned +0.3% over five trading days and +2.5% over twenty. Trailing twenty-day SPY annualized volatility was 11.4%. Over twenty days QQQ returned +3.0% and IWM returned +0.1%; breadth was 1.00. The HYG-minus-LQD twenty-day return was -0.6%. The TLT-minus-SHY twenty-day return was +1.2%.",Mixed,prompt_validation,True
daily-2021-08-11,2021-08-11,current US broad-equity market-stress state,current evidence snapshot,"As of 2021-08-11, SPY returned +1.1% over five trading days and +1.7% over twenty. Trailing twenty-day SPY annualized volatility was 10.7%. Over twenty days QQQ returned +0.9% and IWM returned +2.2%; breadth was 1.00. The HYG-minus-LQD twenty-day return was -0.0%. The TLT-minus-SHY twenty-day return was -0.2%.",Mixed,prompt_validation,True
daily-2021-08-17,2021-08-17,current US broad-equity market-stress state,current evidence snapshot,"As of 2021-08-17, SPY returned +0.3% over five trading days and +3.0% over twenty. Trailing twenty-day SPY annualized volatility was 7.3%. Over twenty days QQQ returned +1.9% and IWM returned -0.9%; breadth was 0.67. The HYG-minus-LQD twenty-day return was +0.5%. The TLT-minus-SHY twenty-day return was -0.6%.",Mixed,prompt_validation,True
daily-2021-08-25,2021-08-25,current US broad-equity market-stress state,current evidence snapshot,"As of 2021-08-25, SPY returned +2.2% over five trading days and +2.3% over twenty. Trailing twenty-day SPY annualized volatility was 8.1%. Over twenty days QQQ returned +2.5% and IWM returned +0.8%; breadth was 1.00. The HYG-minus-LQD twenty-day return was +1.3%. The TLT-minus-SHY twenty-day return was -0.9%.",Risk-on,prompt_validation,True
daily-2021-09-03,2021-09-03,current US broad-equity market-stress state,current evidence snapshot,"As of 2021-09-03, SPY returned +0.6% over five trading days and +2.4% over twenty. Trailing twenty-day SPY annualized volatility was 7.8%. Over twenty days QQQ returned +3.7% and IWM returned +2.0%; breadth was 1.00. The HYG-minus-LQD twenty-day return was +0.6%. The TLT-minus-SHY twenty-day return was +0.4%.",Risk-on,prompt_validation,True
daily-2021-10-26,2021-10-26,current US broad-equity market-stress state,current evidence snapshot,"As of 2021-10-26, SPY returned +1.2% over five trading days and +5.1% over twenty. Trailing twenty-day SPY annualized volatility was 11.9%. Over twenty days QQQ returned +5.3% and IWM returned +3.0%; breadth was 1.00. The HYG-minus-LQD twenty-day return was +0.0%. The TLT-minus-SHY twenty-day return was +1.1%.",Mixed,prompt_validation,True
daily-2021-11-01,2021-11-01,current US broad-equity market-stress state,current evidence snapshot,"As of 2021-11-01, SPY returned +1.0% over five trading days and +7.3% over twenty. Trailing twenty-day SPY annualized volatility was 9.0%. Over twenty days QQQ returned +9.9% and IWM returned +6.2%; breadth was 1.00. The HYG-minus-LQD twenty-day return was -0.1%. The TLT-minus-SHY twenty-day return was +1.5%.",Risk-on,prompt_validation,True
daily-2021-11-02,2021-11-02,current US broad-equity market-stress state,current evidence snapshot,"As of 2021-11-02, SPY returned +1.3% over five trading days and +6.6% over twenty. Trailing twenty-day SPY annualized volatility was 8.6%. Over twenty days QQQ returned +8.9% and IWM returned +6.1%; breadth was 1.00. The HYG-minus-LQD twenty-day return was -0.6%. The TLT-minus-SHY twenty-day return was +2.8%.",Risk-on,prompt_validation,True
daily-2021-11-08,2021-11-08,current US broad-equity market-stress state,current evidence snapshot,"As of 2021-11-08, SPY returned +1.9% over five trading days and +7.9% over twenty. Trailing twenty-day SPY annualized volatility was 7.3%. Over twenty days QQQ returned +11.1% and IWM returned +10.1%; breadth was 1.00. The HYG-minus-LQD twenty-day return was -1.1%. The TLT-minus-SHY twenty-day return was +5.5%.",Risk-on,prompt_validation,True
daily-2021-11-09,2021-11-09,current US broad-equity market-stress state,current evidence snapshot,"As of 2021-11-09, SPY returned +1.2% over five trading days and +7.8% over twenty. Trailing twenty-day SPY annualized volatility was 7.4%. Over twenty days QQQ returned +10.7% and IWM returned +8.9%; breadth was 1.00. The HYG-minus-LQD twenty-day return was -0.8%. The TLT-minus-SHY twenty-day return was +5.1%.",Risk-on,prompt_validation,True
daily-2021-12-03,2021-12-03,current US broad-equity market-stress state,current evidence snapshot,"As of 2021-12-03, SPY returned -1.2% over five trading days and -2.9% over twenty. Trailing twenty-day SPY annualized volatility was 14.6%. Over twenty days QQQ returned -3.8% and IWM returned -10.0%; breadth was 0.00. The HYG-minus-LQD twenty-day return was -1.5%. The TLT-minus-SHY twenty-day return was +5.3%.",Risk-off,prompt_validation,True
daily-2021-12-17,2021-12-17,current US broad-equity market-stress state,current evidence snapshot,"As of 2021-12-17, SPY returned -1.6% over five trading days and -1.4% over twenty. Trailing twenty-day SPY annualized volatility was 18.8%. Over twenty days QQQ returned -4.2% and IWM returned -8.1%; breadth was 0.00. The HYG-minus-LQD twenty-day return was -0.3%. The TLT-minus-SHY twenty-day return was +3.1%.",Risk-off,prompt_validation,True
daily-2022-01-10,2022-01-10,current US broad-equity market-stress state,current evidence snapshot,"As of 2022-01-10, SPY returned -2.6% over five trading days and -0.4% over twenty. Trailing twenty-day SPY annualized volatility was 15.0%. Over twenty days QQQ returned -4.4% and IWM returned -1.8%; breadth was 0.00. The HYG-minus-LQD twenty-day return was +1.8%. The TLT-minus-SHY twenty-day return was -3.8%.",Risk-off,prompt_validation,True
daily-2022-02-01,2022-02-01,current US broad-equity market-stress state,current evidence snapshot,"As of 2022-02-01, SPY returned +4.3% over five trading days and -5.2% over twenty. Trailing twenty-day SPY annualized volatility was 18.7%. Over twenty days QQQ returned -9.0% and IWM returned -9.7%; breadth was 0.00. The HYG-minus-LQD twenty-day return was +0.2%. The TLT-minus-SHY twenty-day return was -1.1%.",Risk-off,prompt_validation,True
daily-2022-02-03,2022-02-03,current US broad-equity market-stress state,current evidence snapshot,"As of 2022-02-03, SPY returned +3.6% over five trading days and -4.7% over twenty. Trailing twenty-day SPY annualized volatility was 19.8%. Over twenty days QQQ returned -8.0% and IWM returned -9.1%; breadth was 0.00. The HYG-minus-LQD twenty-day return was +0.7%. The TLT-minus-SHY twenty-day return was -0.6%.",Risk-off,prompt_validation,True
daily-2022-02-04,2022-02-04,current US broad-equity market-stress state,current evidence snapshot,"As of 2022-02-04, SPY returned +1.5% over five trading days and -4.1% over twenty. Trailing twenty-day SPY annualized volatility was 19.9%. Over twenty days QQQ returned -6.8% and IWM returned -9.3%; breadth was 0.00. The HYG-minus-LQD twenty-day return was +1.2%. The TLT-minus-SHY twenty-day return was -2.2%.",Risk-off,prompt_validation,True
daily-2022-03-17,2022-03-17,current US broad-equity market-stress state,current evidence snapshot,"As of 2022-03-17, SPY returned +3.7% over five trading days and -1.2% over twenty. Trailing twenty-day SPY annualized volatility was 26.5%. Over twenty days QQQ returned -3.3% and IWM returned -0.7%; breadth was 0.00. The HYG-minus-LQD twenty-day return was +0.5%. The TLT-minus-SHY twenty-day return was -2.2%.",Risk-off,prompt_validation,True
daily-2022-03-29,2022-03-29,current US broad-equity market-stress state,current evidence snapshot,"As of 2022-03-29, SPY returned +2.7% over five trading days and +8.0% over twenty. Trailing twenty-day SPY annualized volatility was 23.3%. Over twenty days QQQ returned +8.8% and IWM returned +6.3%; breadth was 1.00. The HYG-minus-LQD twenty-day return was +2.9%. The TLT-minus-SHY twenty-day return was -5.8%.",Risk-on,prompt_validation,True
daily-2022-04-07,2022-04-07,current US broad-equity market-stress state,current evidence snapshot,"As of 2022-04-07, SPY returned -0.6% over five trading days and +6.1% over twenty. Trailing twenty-day SPY annualized volatility was 19.2%. Over twenty days QQQ returned +7.0% and IWM returned -0.0%; breadth was 0.67. The HYG-minus-LQD twenty-day return was +1.0%. The TLT-minus-SHY twenty-day return was -4.6%.",Mixed,prompt_validation,True
daily-2022-04-25,2022-04-25,current US broad-equity market-stress state,current evidence snapshot,"As of 2022-04-25, SPY returned -2.2% over five trading days and -5.3% over twenty. Trailing twenty-day SPY annualized volatility was 18.5%. Over twenty days QQQ returned -8.3% and IWM returned -6.0%; breadth was 0.00. The HYG-minus-LQD twenty-day return was +2.3%. The TLT-minus-SHY twenty-day return was -5.3%.",Risk-off,prompt_validation,True
daily-2022-05-13,2022-05-13,current US broad-equity market-stress state,current evidence snapshot,"As of 2022-05-13, SPY returned -2.3% over five trading days and -8.2% over twenty. Trailing twenty-day SPY annualized volatility was 32.4%. Over twenty days QQQ returned -10.8% and IWM returned -10.5%; breadth was 0.00. The HYG-minus-LQD twenty-day return was -0.9%. The TLT-minus-SHY twenty-day return was -3.8%.",Risk-off,prompt_validation,True
daily-2022-06-16,2022-06-16,current US broad-equity market-stress state,current evidence snapshot,"As of 2022-06-16, SPY returned -8.7% over five trading days and -6.4% over twenty. Trailing twenty-day SPY annualized volatility was 29.2%. Over twenty days QQQ returned -6.8% and IWM returned -6.8%; breadth was 0.00. The HYG-minus-LQD twenty-day return was -0.6%. The TLT-minus-SHY twenty-day return was -3.6%.",Risk-off,prompt_validation,True
daily-2022-06-22,2022-06-22,current US broad-equity market-stress state,current evidence snapshot,"As of 2022-06-22, SPY returned +1.0% over five trading days and -4.8% over twenty. Trailing twenty-day SPY annualized volatility was 30.1%. Over twenty days QQQ returned -4.2% and IWM returned -5.6%; breadth was 0.00. The HYG-minus-LQD twenty-day return was -0.9%. The TLT-minus-SHY twenty-day return was -2.1%.",Risk-off,prompt_validation,True
daily-2022-07-21,2022-07-21,current US broad-equity market-stress state,current evidence snapshot,"As of 2022-07-21, SPY returned +5.5% over five trading days and +6.5% over twenty. Trailing twenty-day SPY annualized volatility was 20.9%. Over twenty days QQQ returned +9.5% and IWM returned +8.7%; breadth was 1.00. The HYG-minus-LQD twenty-day return was +0.9%. The TLT-minus-SHY twenty-day return was +3.0%.",Mixed,prompt_validation,True
daily-2022-07-22,2022-07-22,current US broad-equity market-stress state,current evidence snapshot,"As of 2022-07-22, SPY returned +2.6% over five trading days and +4.5% over twenty. Trailing twenty-day SPY annualized volatility was 21.2%. Over twenty days QQQ returned +6.0% and IWM returned +5.7%; breadth was 1.00. The HYG-minus-LQD twenty-day return was +0.0%. The TLT-minus-SHY twenty-day return was +3.7%.",Mixed,prompt_validation,True
daily-2022-08-04,2022-08-04,current US broad-equity market-stress state,current evidence snapshot,"As of 2022-08-04, SPY returned +2.0% over five trading days and +6.5% over twenty. Trailing twenty-day SPY annualized volatility was 19.7%. Over twenty days QQQ returned +10.0% and IWM returned +7.8%; breadth was 1.00. The HYG-minus-LQD twenty-day return was +1.3%. The TLT-minus-SHY twenty-day return was +4.8%.",Risk-on,prompt_validation,True
daily-2022-08-08,2022-08-08,current US broad-equity market-stress state,current evidence snapshot,"As of 2022-08-08, SPY returned +0.5% over five trading days and +7.5% over twenty. Trailing twenty-day SPY annualized volatility was 19.0%. Over twenty days QQQ returned +11.0% and IWM returned +12.1%; breadth was 1.00. The HYG-minus-LQD twenty-day return was +2.5%. The TLT-minus-SHY twenty-day return was +3.5%.",Risk-on,prompt_validation,True
daily-2022-08-10,2022-08-10,current US broad-equity market-stress state,current evidence snapshot,"As of 2022-08-10, SPY returned +1.3% over five trading days and +10.9% over twenty. Trailing twenty-day SPY annualized volatility was 19.3%. Over twenty days QQQ returned +14.1% and IWM returned +14.2%; breadth was 1.00. The HYG-minus-LQD twenty-day return was +3.4%. The TLT-minus-SHY twenty-day return was +0.6%.",Risk-on,prompt_validation,True
daily-2022-08-16,2022-08-16,current US broad-equity market-stress state,current evidence snapshot,"As of 2022-08-16, SPY returned +4.5% over five trading days and +9.5% over twenty. Trailing twenty-day SPY annualized volatility was 16.5%. Over twenty days QQQ returned +11.4% and IWM returned +12.5%; breadth was 1.00. The HYG-minus-LQD twenty-day return was +1.5%. The TLT-minus-SHY twenty-day return was +1.4%.",Risk-on,prompt_validation,True
daily-2022-08-22,2022-08-22,current US broad-equity market-stress state,current evidence snapshot,"As of 2022-08-22, SPY returned -3.6% over five trading days and +4.5% over twenty. Trailing twenty-day SPY annualized volatility was 19.3%. Over twenty days QQQ returned +4.7% and IWM returned +5.7%; breadth was 1.00. The HYG-minus-LQD twenty-day return was +0.7%. The TLT-minus-SHY twenty-day return was -3.5%.",Mixed,prompt_validation,True
daily-2022-10-11,2022-10-11,current US broad-equity market-stress state,current evidence snapshot,"As of 2022-10-11, SPY returned -5.4% over five trading days and -8.2% over twenty. Trailing twenty-day SPY annualized volatility was 24.3%. Over twenty days QQQ returned -10.2% and IWM returned -7.5%; breadth was 0.00. The HYG-minus-LQD twenty-day return was +2.0%. The TLT-minus-SHY twenty-day return was -6.2%.",Risk-off,prompt_validation,True
daily-2022-12-30,2022-12-30,current US broad-equity market-stress state,current evidence snapshot,"As of 2022-12-30, SPY returned +0.5% over five trading days and -5.2% over twenty. Trailing twenty-day SPY annualized volatility was 18.2%. Over twenty days QQQ returned -9.1% and IWM returned -6.3%; breadth was 0.00. The HYG-minus-LQD twenty-day return was +0.7%. The TLT-minus-SHY twenty-day return was -5.5%.",Risk-off,prompt_validation,True
daily-2023-01-05,2023-01-05,current US broad-equity market-stress state,current evidence snapshot,"As of 2023-01-05, SPY returned +0.7% over five trading days and -2.8% over twenty. Trailing twenty-day SPY annualized volatility was 17.4%. Over twenty days QQQ returned -6.9% and IWM returned -3.1%; breadth was 0.00. The HYG-minus-LQD twenty-day return was +1.9%. The TLT-minus-SHY twenty-day return was -3.3%.",Risk-off,conformal,True
daily-2023-01-10,2023-01-10,current US broad-equity market-stress state,current evidence snapshot,"As of 2023-01-10, SPY returned +2.6% over five trading days and +0.3% over twenty. Trailing twenty-day SPY annualized volatility was 19.2%. Over twenty days QQQ returned -3.0% and IWM returned +1.5%; breadth was 0.67. The HYG-minus-LQD twenty-day return was +1.3%. The TLT-minus-SHY twenty-day return was -2.4%.",Risk-off,conformal,True
daily-2023-01-27,2023-01-27,current US broad-equity market-stress state,current evidence snapshot,"As of 2023-01-27, SPY returned +2.5% over five trading days and +7.7% over twenty. Trailing twenty-day SPY annualized volatility was 16.1%. Over twenty days QQQ returned +13.9% and IWM returned +11.2%; breadth was 1.00. The HYG-minus-LQD twenty-day return was -0.0%. The TLT-minus-SHY twenty-day return was +6.6%.",Risk-on,conformal,True
daily-2023-02-02,2023-02-02,current US broad-equity market-stress state,current evidence snapshot,"As of 2023-02-02, SPY returned +3.0% over five trading days and +8.6% over twenty. Trailing twenty-day SPY annualized volatility was 17.0%. Over twenty days QQQ returned +17.3% and IWM returned +13.0%; breadth was 1.00. The HYG-minus-LQD twenty-day return was -0.9%. The TLT-minus-SHY twenty-day return was +4.8%.",Mixed,conformal,True
daily-2023-02-06,2023-02-06,current US broad-equity market-stress state,current evidence snapshot,"As of 2023-02-06, SPY returned +2.3% over five trading days and +5.6% over twenty. Trailing twenty-day SPY annualized volatility was 15.7%. Over twenty days QQQ returned +12.9% and IWM returned +9.3%; breadth was 1.00. The HYG-minus-LQD twenty-day return was -0.3%. The TLT-minus-SHY twenty-day return was +1.1%.",Mixed,conformal,True
daily-2023-02-13,2023-02-13,current US broad-equity market-stress state,current evidence snapshot,"As of 2023-02-13, SPY returned +0.7% over five trading days and +3.6% over twenty. Trailing twenty-day SPY annualized volatility was 17.1%. Over twenty days QQQ returned +8.4% and IWM returned +3.0%; breadth was 1.00. The HYG-minus-LQD twenty-day return was +0.1%. The TLT-minus-SHY twenty-day return was -1.8%.",Mixed,conformal,True
daily-2023-02-14,2023-02-14,current US broad-equity market-stress state,current evidence snapshot,"As of 2023-02-14, SPY returned -0.6% over five trading days and +3.7% over twenty. Trailing twenty-day SPY annualized volatility was 17.1%. Over twenty days QQQ returned +9.0% and IWM returned +3.0%; breadth was 1.00. The HYG-minus-LQD twenty-day return was +0.3%. The TLT-minus-SHY twenty-day return was -1.1%.",Mixed,conformal,True
daily-2023-02-15,2023-02-15,current US broad-equity market-stress state,current evidence snapshot,"As of 2023-02-15, SPY returned +0.8% over five trading days and +5.7% over twenty. Trailing twenty-day SPY annualized volatility was 15.8%. Over twenty days QQQ returned +11.2% and IWM returned +5.8%; breadth was 1.00. The HYG-minus-LQD twenty-day return was +1.6%. The TLT-minus-SHY twenty-day return was -4.1%.",Risk-on,conformal,True
daily-2023-03-14,2023-03-14,current US broad-equity market-stress state,current evidence snapshot,"As of 2023-03-14, SPY returned -1.6% over five trading days and -5.1% over twenty. Trailing twenty-day SPY annualized volatility was 16.5%. Over twenty days QQQ returned -2.3% and IWM returned -8.3%; breadth was 0.00. The HYG-minus-LQD twenty-day return was -0.2%. The TLT-minus-SHY twenty-day return was -0.7%.",Risk-off,conformal,True
daily-2023-03-23,2023-03-23,current US broad-equity market-stress state,current evidence snapshot,"As of 2023-03-23, SPY returned +0.0% over five trading days and -1.1% over twenty. Trailing twenty-day SPY annualized volatility was 18.2%. Over twenty days QQQ returned +4.5% and IWM returned -9.7%; breadth was 0.33. The HYG-minus-LQD twenty-day return was -3.3%. The TLT-minus-SHY twenty-day return was +2.4%.",Risk-off,conformal,True
daily-2023-03-27,2023-03-27,current US broad-equity market-stress state,current evidence snapshot,"As of 2023-03-27, SPY returned +0.7% over five trading days and +0.5% over twenty. Trailing twenty-day SPY annualized volatility was 17.9%. Over twenty days QQQ returned +5.2% and IWM returned -7.3%; breadth was 0.67. The HYG-minus-LQD twenty-day return was -3.6%. The TLT-minus-SHY twenty-day return was +1.7%.",Risk-off,conformal,True
daily-2023-04-10,2023-04-10,current US broad-equity market-stress state,current evidence snapshot,"As of 2023-04-10, SPY returned +0.1% over five trading days and +7.0% over twenty. Trailing twenty-day SPY annualized volatility was 14.5%. Over twenty days QQQ returned +10.3% and IWM returned +0.1%; breadth was 1.00. The HYG-minus-LQD twenty-day return was -0.9%. The TLT-minus-SHY twenty-day return was +0.1%.",Mixed,conformal,True
daily-2023-04-17,2023-04-17,current US broad-equity market-stress state,current evidence snapshot,"As of 2023-04-17, SPY returned +1.1% over five trading days and +6.1% over twenty. Trailing twenty-day SPY annualized volatility was 12.4%. Over twenty days QQQ returned +4.6% and IWM returned +4.8%; breadth was 1.00. The HYG-minus-LQD twenty-day return was +1.8%. The TLT-minus-SHY twenty-day return was -2.3%.",Risk-on,conformal,True
daily-2023-05-01,2023-05-01,current US broad-equity market-stress state,current evidence snapshot,"As of 2023-05-01, SPY returned +0.7% over five trading days and +1.5% over twenty. Trailing twenty-day SPY annualized volatility was 11.7%. Over twenty days QQQ returned +0.4% and IWM returned -1.7%; breadth was 0.67. The HYG-minus-LQD twenty-day return was +0.8%. The TLT-minus-SHY twenty-day return was -2.6%.",Mixed,conformal,True
daily-2023-05-12,2023-05-12,current US broad-equity market-stress state,current evidence snapshot,"As of 2023-05-12, SPY returned -0.3% over five trading days and -0.2% over twenty. Trailing twenty-day SPY annualized volatility was 13.6%. Over twenty days QQQ returned +2.0% and IWM returned -2.1%; breadth was 0.33. The HYG-minus-LQD twenty-day return was -0.1%. The TLT-minus-SHY twenty-day return was -1.0%.",Risk-off,conformal,True
daily-2023-05-18,2023-05-18,current US broad-equity market-stress state,current evidence snapshot,"As of 2023-05-18, SPY returned +1.7% over five trading days and +1.8% over twenty. Trailing twenty-day SPY annualized volatility was 14.7%. Over twenty days QQQ returned +6.6% and IWM returned -0.1%; breadth was 0.67. The HYG-minus-LQD twenty-day return was +1.3%. The TLT-minus-SHY twenty-day return was -2.8%.",Mixed,conformal,True
daily-2023-05-19,2023-05-19,current US broad-equity market-stress state,current evidence snapshot,"As of 2023-05-19, SPY returned +1.7% over five trading days and +1.6% over twenty. Trailing twenty-day SPY annualized volatility was 14.7%. Over twenty days QQQ returned +6.3% and IWM returned -0.8%; breadth was 0.67. The HYG-minus-LQD twenty-day return was +1.2%. The TLT-minus-SHY twenty-day return was -2.9%.",Mixed,conformal,True
daily-2023-05-22,2023-05-22,current US broad-equity market-stress state,current evidence snapshot,"As of 2023-05-22, SPY returned +1.4% over five trading days and +1.5% over twenty. Trailing twenty-day SPY annualized volatility was 14.7%. Over twenty days QQQ returned +6.9% and IWM returned +0.5%; breadth was 1.00. The HYG-minus-LQD twenty-day return was +1.9%. The TLT-minus-SHY twenty-day return was -4.1%.",Mixed,conformal,True
daily-2023-06-30,2023-06-30,current US broad-equity market-stress state,current evidence snapshot,"As of 2023-06-30, SPY returned +2.3% over five trading days and +5.9% over twenty. Trailing twenty-day SPY annualized volatility was 10.3%. Over twenty days QQQ returned +5.1% and IWM returned +6.9%; breadth was 1.00. The HYG-minus-LQD twenty-day return was +0.7%. The TLT-minus-SHY twenty-day return was +0.5%.",Risk-on,conformal,True
daily-2023-07-11,2023-07-11,current US broad-equity market-stress state,current evidence snapshot,"As of 2023-07-11, SPY returned -0.3% over five trading days and +3.7% over twenty. Trailing twenty-day SPY annualized volatility was 10.0%. Over twenty days QQQ returned +4.0% and IWM returned +2.6%; breadth was 1.00. The HYG-minus-LQD twenty-day return was +0.2%. The TLT-minus-SHY twenty-day return was -1.7%.",Risk-on,conformal,True
daily-2023-07-20,2023-07-20,current US broad-equity market-stress state,current evidence snapshot,"As of 2023-07-20, SPY returned +0.6% over five trading days and +4.0% over twenty. Trailing twenty-day SPY annualized volatility was 9.3%. Over twenty days QQQ returned +4.1% and IWM returned +5.6%; breadth was 1.00. The HYG-minus-LQD twenty-day return was +1.3%. The TLT-minus-SHY twenty-day return was -1.6%.",Risk-on,conformal,True
daily-2023-08-23,2023-08-23,current US broad-equity market-stress state,current evidence snapshot,"As of 2023-08-23, SPY returned +0.8% over five trading days and -2.7% over twenty. Trailing twenty-day SPY annualized volatility was 11.1%. Over twenty days QQQ returned -2.2% and IWM returned -5.4%; breadth was 0.00. The HYG-minus-LQD twenty-day return was +1.8%. The TLT-minus-SHY twenty-day return was -5.6%.",Risk-off,conformal,True
daily-2023-08-29,2023-08-29,current US broad-equity market-stress state,current evidence snapshot,"As of 2023-08-29, SPY returned +2.5% over five trading days and -1.6% over twenty. Trailing twenty-day SPY annualized volatility was 13.1%. Over twenty days QQQ returned -2.1% and IWM returned -4.8%; breadth was 0.00. The HYG-minus-LQD twenty-day return was +1.1%. The TLT-minus-SHY twenty-day return was -2.3%.",Risk-off,conformal,True
daily-2023-09-27,2023-09-27,current US broad-equity market-stress state,current evidence snapshot,"As of 2023-09-27, SPY returned -2.9% over five trading days and -4.5% over twenty. Trailing twenty-day SPY annualized volatility was 10.4%. Over twenty days QQQ returned -5.1% and IWM returned -6.1%; breadth was 0.00. The HYG-minus-LQD twenty-day return was +1.4%. The TLT-minus-SHY twenty-day return was -7.8%.",Risk-off,conformal,True
daily-2023-10-17,2023-10-17,current US broad-equity market-stress state,current evidence snapshot,"As of 2023-10-17, SPY returned +0.3% over five trading days and -1.5% over twenty. Trailing twenty-day SPY annualized volatility was 12.9%. Over twenty days QQQ returned -0.5% and IWM returned -3.3%; breadth was 0.00. The HYG-minus-LQD twenty-day return was +1.5%. The TLT-minus-SHY twenty-day return was -7.9%.",Risk-off,conformal,True
daily-2023-10-26,2023-10-26,current US broad-equity market-stress state,current evidence snapshot,"As of 2023-10-26, SPY returned -3.3% over five trading days and -3.7% over twenty. Trailing twenty-day SPY annualized volatility was 13.5%. Over twenty days QQQ returned -4.0% and IWM returned -7.6%; breadth was 0.00. The HYG-minus-LQD twenty-day return was +0.6%. The TLT-minus-SHY twenty-day return was -4.5%.",Risk-off,conformal,True
daily-2023-11-02,2023-11-02,current US broad-equity market-stress state,current evidence snapshot,"As of 2023-11-02, SPY returned +4.4% over five trading days and +1.5% over twenty. Trailing twenty-day SPY annualized volatility was 15.8%. Over twenty days QQQ returned +1.3% and IWM returned -0.9%; breadth was 0.67. The HYG-minus-LQD twenty-day return was +0.6%. The TLT-minus-SHY twenty-day return was +1.3%.",Risk-off,conformal,True
daily-2023-11-10,2023-11-10,current US broad-equity market-stress state,current evidence snapshot,"As of 2023-11-10, SPY returned +1.4% over five trading days and +2.1% over twenty. Trailing twenty-day SPY annualized volatility was 16.2%. Over twenty days QQQ returned +3.6% and IWM returned -0.7%; breadth was 0.67. The HYG-minus-LQD twenty-day return was +1.2%. The TLT-minus-SHY twenty-day return was +0.4%.",Mixed,conformal,True
daily-2023-12-04,2023-12-04,current US broad-equity market-stress state,current evidence snapshot,"As of 2023-12-04, SPY returned +0.5% over five trading days and +5.1% over twenty. Trailing twenty-day SPY annualized volatility was 9.9%. Over twenty days QQQ returned +5.1% and IWM returned +7.1%; breadth was 1.00. The HYG-minus-LQD twenty-day return was -2.7%. The TLT-minus-SHY twenty-day return was +5.3%.",Mixed,conformal,True
daily-2024-01-05,2024-01-05,current US broad-equity market-stress state,current evidence snapshot,"As of 2024-01-05, SPY returned -1.8% over five trading days and +3.7% over twenty. Trailing twenty-day SPY annualized volatility was 9.9%. Over twenty days QQQ returned +3.3% and IWM returned +5.4%; breadth was 1.00. The HYG-minus-LQD twenty-day return was +0.5%. The TLT-minus-SHY twenty-day return was +0.1%.",Risk-on,conformal,True
daily-2024-01-22,2024-01-22,current US broad-equity market-stress state,current evidence snapshot,"As of 2024-01-22, SPY returned +1.4% over five trading days and +3.2% over twenty. Trailing twenty-day SPY annualized volatility was 9.7%. Over twenty days QQQ returned +4.7% and IWM returned +0.1%; breadth was 1.00. The HYG-minus-LQD twenty-day return was +1.0%. The TLT-minus-SHY twenty-day return was -5.2%.",Risk-on,conformal,True
daily-2024-02-06,2024-02-06,current US broad-equity market-stress state,current evidence snapshot,"As of 2024-02-06, SPY returned +0.6% over five trading days and +4.1% over twenty. Trailing twenty-day SPY annualized volatility was 11.0%. Over twenty days QQQ returned +5.6% and IWM returned -1.6%; breadth was 0.67. The HYG-minus-LQD twenty-day return was +0.4%. The TLT-minus-SHY twenty-day return was -2.1%.",Mixed,conformal,True
daily-2024-02-09,2024-02-09,current US broad-equity market-stress state,current evidence snapshot,"As of 2024-02-09, SPY returned +1.4% over five trading days and +5.2% over twenty. Trailing twenty-day SPY annualized volatility was 11.1%. Over twenty days QQQ returned +6.8% and IWM returned +3.0%; breadth was 1.00. The HYG-minus-LQD twenty-day return was +1.7%. The TLT-minus-SHY twenty-day return was -2.5%.",Risk-on,conformal,True
daily-2024-02-13,2024-02-13,current US broad-equity market-stress state,current evidence snapshot,"As of 2024-02-13, SPY returned +0.0% over five trading days and +4.0% over twenty. Trailing twenty-day SPY annualized volatility was 12.4%. Over twenty days QQQ returned +4.6% and IWM returned +2.0%; breadth was 1.00. The HYG-minus-LQD twenty-day return was +1.5%. The TLT-minus-SHY twenty-day return was -1.8%.",Risk-on,conformal,True
daily-2024-02-15,2024-02-15,current US broad-equity market-stress state,current evidence snapshot,"As of 2024-02-15, SPY returned +0.7% over five trading days and +5.4% over twenty. Trailing twenty-day SPY annualized volatility was 12.2%. Over twenty days QQQ returned +5.2% and IWM returned +7.3%; breadth was 1.00. The HYG-minus-LQD twenty-day return was +1.2%. The TLT-minus-SHY twenty-day return was -0.1%.",Risk-on,conformal,True
daily-2024-02-16,2024-02-16,current US broad-equity market-stress state,current evidence snapshot,"As of 2024-02-16, SPY returned -0.3% over five trading days and +3.5% over twenty. Trailing twenty-day SPY annualized volatility was 11.9%. Over twenty days QQQ returned +2.2% and IWM returned +4.8%; breadth was 1.00. The HYG-minus-LQD twenty-day return was +1.2%. The TLT-minus-SHY twenty-day return was -0.9%.",Risk-on,conformal,True
daily-2024-03-05,2024-03-05,current US broad-equity market-stress state,current evidence snapshot,"As of 2024-03-05, SPY returned +0.1% over five trading days and +3.0% over twenty. Trailing twenty-day SPY annualized volatility was 12.0%. Over twenty days QQQ returned +1.8% and IWM returned +6.1%; breadth was 1.00. The HYG-minus-LQD twenty-day return was +0.8%. The TLT-minus-SHY twenty-day return was +1.5%.",Mixed,conformal,True
daily-2024-03-25,2024-03-25,current US broad-equity market-stress state,current evidence snapshot,"As of 2024-03-25, SPY returned +1.3% over five trading days and +3.4% over twenty. Trailing twenty-day SPY annualized volatility was 9.1%. Over twenty days QQQ returned +2.0% and IWM returned +2.4%; breadth was 1.00. The HYG-minus-LQD twenty-day return was +0.3%. The TLT-minus-SHY twenty-day return was -0.2%.",Risk-on,conformal,True
daily-2024-03-26,2024-03-26,current US broad-equity market-stress state,current evidence snapshot,"As of 2024-03-26, SPY returned +0.6% over five trading days and +3.0% over twenty. Trailing twenty-day SPY annualized volatility was 9.2%. Over twenty days QQQ returned +1.4% and IWM returned +0.8%; breadth was 1.00. The HYG-minus-LQD twenty-day return was -0.1%. The TLT-minus-SHY twenty-day return was +0.8%.",Mixed,conformal,True
daily-2024-03-27,2024-03-27,current US broad-equity market-stress state,current evidence snapshot,"As of 2024-03-27, SPY returned +0.5% over five trading days and +4.0% over twenty. Trailing twenty-day SPY annualized volatility was 9.4%. Over twenty days QQQ returned +2.3% and IWM returned +3.9%; breadth was 1.00. The HYG-minus-LQD twenty-day return was -0.2%. The TLT-minus-SHY twenty-day return was +1.1%.",Mixed,conformal,True
daily-2024-03-28,2024-03-28,current US broad-equity market-stress state,current evidence snapshot,"As of 2024-03-28, SPY returned +0.2% over five trading days and +3.6% over twenty. Trailing twenty-day SPY annualized volatility was 9.4%. Over twenty days QQQ returned +1.3% and IWM returned +3.5%; breadth was 1.00. The HYG-minus-LQD twenty-day return was -0.5%. The TLT-minus-SHY twenty-day return was +0.5%.",Mixed,conformal,True
daily-2024-04-02,2024-04-02,current US broad-equity market-stress state,current evidence snapshot,"As of 2024-04-02, SPY returned -0.2% over five trading days and +1.9% over twenty. Trailing twenty-day SPY annualized volatility was 9.4%. Over twenty days QQQ returned -0.5% and IWM returned -0.3%; breadth was 0.33. The HYG-minus-LQD twenty-day return was +0.2%. The TLT-minus-SHY twenty-day return was -1.9%.",Risk-off,conformal,True
daily-2024-05-31,2024-05-31,current US broad-equity market-stress state,current evidence snapshot,"As of 2024-05-31, SPY returned +0.3% over five trading days and +4.4% over twenty. Trailing twenty-day SPY annualized volatility was 9.4%. Over twenty days QQQ returned +5.6% and IWM returned +2.9%; breadth was 1.00. The HYG-minus-LQD twenty-day return was -0.7%. The TLT-minus-SHY twenty-day return was +1.3%.",Mixed,conformal,True
daily-2024-06-07,2024-06-07,current US broad-equity market-stress state,current evidence snapshot,"As of 2024-06-07, SPY returned +1.3% over five trading days and +2.7% over twenty. Trailing twenty-day SPY annualized volatility was 8.8%. Over twenty days QQQ returned +5.0% and IWM returned -2.3%; breadth was 0.67. The HYG-minus-LQD twenty-day return was -0.4%. The TLT-minus-SHY twenty-day return was +1.1%.",Mixed,conformal,True
daily-2024-07-05,2024-07-05,current US broad-equity market-stress state,current evidence snapshot,"As of 2024-07-05, SPY returned +1.5% over five trading days and +4.4% over twenty. Trailing twenty-day SPY annualized volatility was 5.4%. Over twenty days QQQ returned +7.2% and IWM returned -1.8%; breadth was 0.67. The HYG-minus-LQD twenty-day return was +0.3%. The TLT-minus-SHY twenty-day return was -1.1%.",Risk-on,conformal,True
daily-2024-07-09,2024-07-09,current US broad-equity market-stress state,current evidence snapshot,"As of 2024-07-09, SPY returned +1.9% over five trading days and +4.8% over twenty. Trailing twenty-day SPY annualized volatility was 5.3%. Over twenty days QQQ returned +7.7% and IWM returned +0.4%; breadth was 1.00. The HYG-minus-LQD twenty-day return was -0.2%. The TLT-minus-SHY twenty-day return was +0.5%.",Risk-on,conformal,True
daily-2024-07-12,2024-07-12,current US broad-equity market-stress state,current evidence snapshot,"As of 2024-07-12, SPY returned +1.0% over five trading days and +4.1% over twenty. Trailing twenty-day SPY annualized volatility was 7.0%. Over twenty days QQQ returned +4.5% and IWM returned +4.6%; breadth was 1.00. The HYG-minus-LQD twenty-day return was -0.2%. The TLT-minus-SHY twenty-day return was +0.9%.",Risk-on,conformal,True
daily-2024-07-16,2024-07-16,current US broad-equity market-stress state,current evidence snapshot,"As of 2024-07-16, SPY returned +1.6% over five trading days and +4.7% over twenty. Trailing twenty-day SPY annualized volatility was 7.1%. Over twenty days QQQ returned +3.7% and IWM returned +13.0%; breadth was 1.00. The HYG-minus-LQD twenty-day return was +1.1%. The TLT-minus-SHY twenty-day return was -1.0%.",Risk-on,conformal,True
daily-2024-07-29,2024-07-29,current US broad-equity market-stress state,current evidence snapshot,"As of 2024-07-29, SPY returned -1.8% over five trading days and +0.1% over twenty. Trailing twenty-day SPY annualized volatility was 13.8%. Over twenty days QQQ returned -3.2% and IWM returned +9.3%; breadth was 0.67. The HYG-minus-LQD twenty-day return was -0.0%. The TLT-minus-SHY twenty-day return was +1.3%.",Risk-off,conformal,True
daily-2024-08-02,2024-08-02,current US broad-equity market-stress state,current evidence snapshot,"As of 2024-08-02, SPY returned -2.1% over five trading days and -3.9% over twenty. Trailing twenty-day SPY annualized volatility was 16.7%. Over twenty days QQQ returned -9.6% and IWM returned +4.0%; breadth was 0.33. The HYG-minus-LQD twenty-day return was -1.8%. The TLT-minus-SHY twenty-day return was +5.0%.",Risk-off,conformal,True
daily-2024-08-07,2024-08-07,current US broad-equity market-stress state,current evidence snapshot,"As of 2024-08-07, SPY returned -5.8% over five trading days and -7.6% over twenty. Trailing twenty-day SPY annualized volatility was 19.1%. Over twenty days QQQ returned -13.6% and IWM returned -0.7%; breadth was 0.00. The HYG-minus-LQD twenty-day return was -0.5%. The TLT-minus-SHY twenty-day return was +2.5%.",Risk-off,conformal,True
daily-2024-08-14,2024-08-14,current US broad-equity market-stress state,current evidence snapshot,"As of 2024-08-14, SPY returned +4.8% over five trading days and -2.4% over twenty. Trailing twenty-day SPY annualized volatility was 21.6%. Over twenty days QQQ returned -4.0% and IWM returned -7.0%; breadth was 0.00. The HYG-minus-LQD twenty-day return was -1.2%. The TLT-minus-SHY twenty-day return was +3.1%.",Risk-off,conformal,True
daily-2024-08-15,2024-08-15,current US broad-equity market-stress state,current evidence snapshot,"As of 2024-08-15, SPY returned +4.2% over five trading days and +0.1% over twenty. Trailing twenty-day SPY annualized volatility was 22.3%. Over twenty days QQQ returned -1.1% and IWM returned -2.7%; breadth was 0.33. The HYG-minus-LQD twenty-day return was -1.0%. The TLT-minus-SHY twenty-day return was +3.3%.",Risk-off,conformal,True
daily-2024-08-27,2024-08-27,current US broad-equity market-stress state,current evidence snapshot,"As of 2024-08-27, SPY returned +0.5% over five trading days and +3.6% over twenty. Trailing twenty-day SPY annualized volatility was 20.4%. Over twenty days QQQ returned +4.2% and IWM returned -1.7%; breadth was 0.67. The HYG-minus-LQD twenty-day return was -1.3%. The TLT-minus-SHY twenty-day return was +3.6%.",Risk-off,conformal,True
daily-2024-10-18,2024-10-18,current US broad-equity market-stress state,current evidence snapshot,"As of 2024-10-18, SPY returned +0.9% over five trading days and +2.9% over twenty. Trailing twenty-day SPY annualized volatility was 8.9%. Over twenty days QQQ returned +2.6% and IWM returned +2.2%; breadth was 1.00. The HYG-minus-LQD twenty-day return was +1.9%. The TLT-minus-SHY twenty-day return was -4.4%.",Risk-on,conformal,True
daily-2024-11-06,2024-11-06,current US broad-equity market-stress state,current evidence snapshot,"As of 2024-11-06, SPY returned +1.9% over five trading days and +2.4% over twenty. Trailing twenty-day SPY annualized volatility was 13.9%. Over twenty days QQQ returned +2.5% and IWM returned +8.8%; breadth was 1.00. The HYG-minus-LQD twenty-day return was +2.5%. The TLT-minus-SHY twenty-day return was -4.0%.",Risk-on,conformal,True
daily-2024-11-07,2024-11-07,current US broad-equity market-stress state,current evidence snapshot,"As of 2024-11-07, SPY returned +4.7% over five trading days and +3.4% over twenty. Trailing twenty-day SPY annualized volatility was 14.0%. Over twenty days QQQ returned +4.3% and IWM returned +9.0%; breadth was 1.00. The HYG-minus-LQD twenty-day return was +1.8%. The TLT-minus-SHY twenty-day return was -2.5%.",Risk-on,conformal,True
daily-2024-11-22,2024-11-22,current US broad-equity market-stress state,current evidence snapshot,"As of 2024-11-22, SPY returned +1.7% over five trading days and +2.8% over twenty. Trailing twenty-day SPY annualized volatility was 14.2%. Over twenty days QQQ returned +2.1% and IWM returned +9.1%; breadth was 1.00. The HYG-minus-LQD twenty-day return was +1.2%. The TLT-minus-SHY twenty-day return was -1.4%.",Mixed,conformal,True
daily-2024-12-05,2024-12-05,current US broad-equity market-stress state,current evidence snapshot,"As of 2024-12-05, SPY returned +1.3% over five trading days and +2.6% over twenty. Trailing twenty-day SPY annualized volatility was 7.8%. Over twenty days QQQ returned +3.2% and IWM returned +0.4%; breadth was 1.00. The HYG-minus-LQD twenty-day return was -1.4%. The TLT-minus-SHY twenty-day return was +4.3%.",Mixed,conformal,True
daily-2024-12-19,2024-12-19,current US broad-equity market-stress state,current evidence snapshot,"As of 2024-12-19, SPY returned -3.0% over five trading days and -0.7% over twenty. Trailing twenty-day SPY annualized volatility was 12.7%. Over twenty days QQQ returned +2.2% and IWM returned -4.5%; breadth was 0.33. The HYG-minus-LQD twenty-day return was +0.2%. The TLT-minus-SHY twenty-day return was -2.5%.",Risk-off,conformal,True
daily-2026-01-02,2026-01-02,current US broad-equity market-stress state,current evidence snapshot,"As of 2026-01-02, SPY returned -0.5% over five trading days and +1.0% over twenty. Trailing twenty-day SPY annualized volatility was 9.6%. Over twenty days QQQ returned -1.3% and IWM returned +0.4%; breadth was 0.67. The HYG-minus-LQD twenty-day return was +1.7%. The TLT-minus-SHY twenty-day return was -1.8%.",Mixed,test,True
daily-2026-01-05,2026-01-05,current US broad-equity market-stress state,current evidence snapshot,"As of 2026-01-05, SPY returned +0.2% over five trading days and +1.6% over twenty. Trailing twenty-day SPY annualized volatility was 9.9%. Over twenty days QQQ returned -0.4% and IWM returned +1.1%; breadth was 0.67. The HYG-minus-LQD twenty-day return was +1.4%. The TLT-minus-SHY twenty-day return was -0.8%.",Mixed,test,True
daily-2026-01-06,2026-01-06,current US broad-equity market-stress state,current evidence snapshot,"As of 2026-01-06, SPY returned +1.1% over five trading days and +2.0% over twenty. Trailing twenty-day SPY annualized volatility was 10.0%. Over twenty days QQQ returned +0.0% and IWM returned +2.9%; breadth was 1.00. The HYG-minus-LQD twenty-day return was +1.4%. The TLT-minus-SHY twenty-day return was -0.6%.",Risk-on,test,True
daily-2026-01-07,2026-01-07,current US broad-equity market-stress state,current evidence snapshot,"As of 2026-01-07, SPY returned +0.9% over five trading days and +2.0% over twenty. Trailing twenty-day SPY annualized volatility was 10.0%. Over twenty days QQQ returned +0.3% and IWM returned +2.6%; breadth was 1.00. The HYG-minus-LQD twenty-day return was +1.3%. The TLT-minus-SHY twenty-day return was +0.3%.",Risk-on,test,True
daily-2026-01-08,2026-01-08,current US broad-equity market-stress state,current evidence snapshot,"As of 2026-01-08, SPY returned +1.7% over five trading days and +2.1% over twenty. Trailing twenty-day SPY annualized volatility was 10.0%. Over twenty days QQQ returned -0.4% and IWM returned +3.5%; breadth was 0.67. The HYG-minus-LQD twenty-day return was +1.7%. The TLT-minus-SHY twenty-day return was -0.3%.",Mixed,test,True
daily-2026-01-09,2026-01-09,current US broad-equity market-stress state,current evidence snapshot,"As of 2026-01-09, SPY returned +1.6% over five trading days and +2.1% over twenty. Trailing twenty-day SPY annualized volatility was 10.0%. Over twenty days QQQ returned +0.2% and IWM returned +2.9%; breadth was 1.00. The HYG-minus-LQD twenty-day return was +1.5%. The TLT-minus-SHY twenty-day return was +0.2%.",Risk-on,test,True
daily-2026-01-12,2026-01-12,current US broad-equity market-stress state,current evidence snapshot,"As of 2026-01-12, SPY returned +1.1% over five trading days and +2.0% over twenty. Trailing twenty-day SPY annualized volatility was 10.0%. Over twenty days QQQ returned +0.6% and IWM returned +2.2%; breadth was 1.00. The HYG-minus-LQD twenty-day return was +1.5%. The TLT-minus-SHY twenty-day return was +0.0%.",Risk-on,test,True
daily-2026-01-13,2026-01-13,current US broad-equity market-stress state,current evidence snapshot,"As of 2026-01-13, SPY returned +0.3% over five trading days and +2.9% over twenty. Trailing twenty-day SPY annualized volatility was 9.1%. Over twenty days QQQ returned +2.4% and IWM returned +3.7%; breadth was 1.00. The HYG-minus-LQD twenty-day return was +0.9%. The TLT-minus-SHY twenty-day return was +1.2%.",Risk-on,test,True
daily-2026-01-14,2026-01-14,current US broad-equity market-stress state,current evidence snapshot,"As of 2026-01-14, SPY returned +0.1% over five trading days and +2.6% over twenty. Trailing twenty-day SPY annualized volatility was 9.3%. Over twenty days QQQ returned +1.8% and IWM returned +5.3%; breadth was 1.00. The HYG-minus-LQD twenty-day return was +0.7%. The TLT-minus-SHY twenty-day return was +1.7%.",Risk-on,test,True
daily-2026-01-15,2026-01-15,current US broad-equity market-stress state,current evidence snapshot,"As of 2026-01-15, SPY returned +0.4% over five trading days and +3.1% over twenty. Trailing twenty-day SPY annualized volatility was 9.2%. Over twenty days QQQ returned +2.0% and IWM returned +6.7%; breadth was 1.00. The HYG-minus-LQD twenty-day return was +1.0%. The TLT-minus-SHY twenty-day return was +1.3%.",Risk-on,test,True
daily-2026-01-16,2026-01-16,current US broad-equity market-stress state,current evidence snapshot,"As of 2026-01-16, SPY returned -0.3% over five trading days and +4.2% over twenty. Trailing twenty-day SPY annualized volatility was 8.0%. Over twenty days QQQ returned +3.9% and IWM returned +7.9%; breadth was 1.00. The HYG-minus-LQD twenty-day return was +1.4%. The TLT-minus-SHY twenty-day return was +0.8%.",Risk-on,test,True
daily-2026-01-20,2026-01-20,current US broad-equity market-stress state,current evidence snapshot,"As of 2026-01-20, SPY returned -2.5% over five trading days and +1.3% over twenty. Trailing twenty-day SPY annualized volatility was 11.0%. Over twenty days QQQ returned +0.2% and IWM returned +6.0%; breadth was 1.00. The HYG-minus-LQD twenty-day return was +1.8%. The TLT-minus-SHY twenty-day return was -1.0%.",Risk-on,test,True
daily-2026-01-21,2026-01-21,current US broad-equity market-stress state,current evidence snapshot,"As of 2026-01-21, SPY returned -1.2% over five trading days and +1.2% over twenty. Trailing twenty-day SPY annualized volatility was 11.0%. Over twenty days QQQ returned +0.2% and IWM returned +7.2%; breadth was 1.00. The HYG-minus-LQD twenty-day return was +1.3%. The TLT-minus-SHY twenty-day return was +0.1%.",Mixed,test,True
daily-2026-01-22,2026-01-22,current US broad-equity market-stress state,current evidence snapshot,"As of 2026-01-22, SPY returned -0.2% over five trading days and +1.1% over twenty. Trailing twenty-day SPY annualized volatility was 10.9%. Over twenty days QQQ returned +0.5% and IWM returned +6.8%; breadth was 1.00. The HYG-minus-LQD twenty-day return was +1.1%. The TLT-minus-SHY twenty-day return was +0.8%.",Mixed,test,True
daily-2026-01-23,2026-01-23,current US broad-equity market-stress state,current evidence snapshot,"As of 2026-01-23, SPY returned -0.4% over five trading days and +0.7% over twenty. Trailing twenty-day SPY annualized volatility was 10.8%. Over twenty days QQQ returned +0.3% and IWM returned +5.5%; breadth was 1.00. The HYG-minus-LQD twenty-day return was +1.0%. The TLT-minus-SHY twenty-day return was +0.8%.",Mixed,test,True
daily-2026-01-26,2026-01-26,current US broad-equity market-stress state,current evidence snapshot,"As of 2026-01-26, SPY returned +0.2% over five trading days and +0.9% over twenty. Trailing twenty-day SPY annualized volatility was 10.9%. Over twenty days QQQ returned +0.5% and IWM returned +4.9%; breadth was 1.00. The HYG-minus-LQD twenty-day return was +1.2%. The TLT-minus-SHY twenty-day return was +0.7%.",Mixed,test,True
daily-2026-01-27,2026-01-27,current US broad-equity market-stress state,current evidence snapshot,"As of 2026-01-27, SPY returned +2.6% over five trading days and +1.3% over twenty. Trailing twenty-day SPY annualized volatility was 10.9%. Over twenty days QQQ returned +1.4% and IWM returned +5.7%; breadth was 1.00. The HYG-minus-LQD twenty-day return was +1.3%. The TLT-minus-SHY twenty-day return was +0.4%.",Mixed,test,True
daily-2026-01-28,2026-01-28,current US broad-equity market-stress state,current evidence snapshot,"As of 2026-01-28, SPY returned +1.5% over five trading days and +1.6% over twenty. Trailing twenty-day SPY annualized volatility was 10.8%. Over twenty days QQQ returned +2.2% and IWM returned +5.8%; breadth was 1.00. The HYG-minus-LQD twenty-day return was +1.4%. The TLT-minus-SHY twenty-day return was -0.1%.",Risk-on,test,True
daily-2026-01-29,2026-01-29,current US broad-equity market-stress state,current evidence snapshot,"As of 2026-01-29, SPY returned +0.7% over five trading days and +1.6% over twenty. Trailing twenty-day SPY annualized volatility was 10.8%. Over twenty days QQQ returned +1.9% and IWM returned +6.6%; breadth was 1.00. The HYG-minus-LQD twenty-day return was +1.1%. The TLT-minus-SHY twenty-day return was +0.1%.",Mixed,test,True
daily-2026-01-30,2026-01-30,current US broad-equity market-stress state,current evidence snapshot,"As of 2026-01-30, SPY returned +0.4% over five trading days and +2.0% over twenty. Trailing twenty-day SPY annualized volatility was 10.5%. Over twenty days QQQ returned +1.5% and IWM returned +5.9%; breadth was 1.00. The HYG-minus-LQD twenty-day return was +1.0%. The TLT-minus-SHY twenty-day return was +0.3%.",Mixed,test,True
daily-2026-02-02,2026-02-02,current US broad-equity market-stress state,current evidence snapshot,"As of 2026-02-02, SPY returned +0.4% over five trading days and +1.8% over twenty. Trailing twenty-day SPY annualized volatility was 10.4%. Over twenty days QQQ returned +2.1% and IWM returned +5.4%; breadth was 1.00. The HYG-minus-LQD twenty-day return was +0.2%. The TLT-minus-SHY twenty-day return was -0.4%.",Mixed,test,True
daily-2026-02-03,2026-02-03,current US broad-equity market-stress state,current evidence snapshot,"As of 2026-02-03, SPY returned -0.9% over five trading days and +0.3% over twenty. Trailing twenty-day SPY annualized volatility was 10.6%. Over twenty days QQQ returned -0.2% and IWM returned +4.0%; breadth was 0.67. The HYG-minus-LQD twenty-day return was +0.1%. The TLT-minus-SHY twenty-day return was -0.6%.",Risk-off,test,True
daily-2026-02-04,2026-02-04,current US broad-equity market-stress state,current evidence snapshot,"As of 2026-02-04, SPY returned -1.3% over five trading days and -0.8% over twenty. Trailing twenty-day SPY annualized volatility was 10.5%. Over twenty days QQQ returned -2.8% and IWM returned +1.7%; breadth was 0.33. The HYG-minus-LQD twenty-day return was +0.1%. The TLT-minus-SHY twenty-day return was -0.6%.",Risk-off,test,True
daily-2026-02-05,2026-02-05,current US broad-equity market-stress state,current evidence snapshot,"As of 2026-02-05, SPY returned -2.4% over five trading days and -1.7% over twenty. Trailing twenty-day SPY annualized volatility was 11.4%. Over twenty days QQQ returned -4.3% and IWM returned +0.1%; breadth was 0.33. The HYG-minus-LQD twenty-day return was -0.4%. The TLT-minus-SHY twenty-day return was -0.3%.",Risk-off,test,True
daily-2026-02-06,2026-02-06,current US broad-equity market-stress state,current evidence snapshot,"As of 2026-02-06, SPY returned -0.2% over five trading days and +0.2% over twenty. Trailing twenty-day SPY annualized volatility was 13.4%. Over twenty days QQQ returned -1.7% and IWM returned +2.6%; breadth was 0.67. The HYG-minus-LQD twenty-day return was -0.5%. The TLT-minus-SHY twenty-day return was +0.2%.",Risk-off,test,True
daily-2026-02-09,2026-02-09,current US broad-equity market-stress state,current evidence snapshot,"As of 2026-02-09, SPY returned -0.2% over five trading days and -0.0% over twenty. Trailing twenty-day SPY annualized volatility was 13.3%. Over twenty days QQQ returned -2.0% and IWM returned +2.6%; breadth was 0.33. The HYG-minus-LQD twenty-day return was -0.0%. The TLT-minus-SHY twenty-day return was -0.5%.",Risk-off,test,True
daily-2026-02-10,2026-02-10,current US broad-equity market-stress state,current evidence snapshot,"As of 2026-02-10, SPY returned +0.4% over five trading days and -0.4% over twenty. Trailing twenty-day SPY annualized volatility was 13.3%. Over twenty days QQQ returned -2.5% and IWM returned +1.8%; breadth was 0.33. The HYG-minus-LQD twenty-day return was -0.5%. The TLT-minus-SHY twenty-day return was +0.9%.",Risk-off,test,True
daily-2026-02-11,2026-02-11,current US broad-equity market-stress state,current evidence snapshot,"As of 2026-02-11, SPY returned +0.8% over five trading days and -0.3% over twenty. Trailing twenty-day SPY annualized volatility was 13.3%. Over twenty days QQQ returned -2.1% and IWM returned +1.4%; breadth was 0.33. The HYG-minus-LQD twenty-day return was -0.2%. The TLT-minus-SHY twenty-day return was +0.3%.",Risk-off,test,True
daily-2026-02-12,2026-02-12,current US broad-equity market-stress state,current evidence snapshot,"As of 2026-02-12, SPY returned +0.5% over five trading days and -1.3% over twenty. Trailing twenty-day SPY annualized volatility was 14.3%. Over twenty days QQQ returned -3.1% and IWM returned -1.4%; breadth was 0.00. The HYG-minus-LQD twenty-day return was -0.5%. The TLT-minus-SHY twenty-day return was +0.9%.",Risk-off,test,True
daily-2026-02-13,2026-02-13,current US broad-equity market-stress state,current evidence snapshot,"As of 2026-02-13, SPY returned -1.3% over five trading days and -1.5% over twenty. Trailing twenty-day SPY annualized volatility was 14.3%. Over twenty days QQQ returned -3.2% and IWM returned -1.0%; breadth was 0.00. The HYG-minus-LQD twenty-day return was -0.9%. The TLT-minus-SHY twenty-day return was +1.3%.",Risk-off,test,True
daily-2026-02-17,2026-02-17,current US broad-equity market-stress state,current evidence snapshot,"As of 2026-02-17, SPY returned -1.6% over five trading days and -1.3% over twenty. Trailing twenty-day SPY annualized volatility was 14.3%. Over twenty days QQQ returned -3.2% and IWM returned -1.0%; breadth was 0.00. The HYG-minus-LQD twenty-day return was -1.4%. The TLT-minus-SHY twenty-day return was +2.1%.",Risk-off,test,True
daily-2026-02-18,2026-02-18,current US broad-equity market-stress state,current evidence snapshot,"As of 2026-02-18, SPY returned -0.8% over five trading days and +1.3% over twenty. Trailing twenty-day SPY annualized volatility was 12.3%. Over twenty days QQQ returned -0.4% and IWM returned +0.5%; breadth was 0.67. The HYG-minus-LQD twenty-day return was -1.5%. The TLT-minus-SHY twenty-day return was +3.1%.",Risk-off,test,True
daily-2026-02-19,2026-02-19,current US broad-equity market-stress state,current evidence snapshot,"As of 2026-02-19, SPY returned -1.1% over five trading days and -0.1% over twenty. Trailing twenty-day SPY annualized volatility was 11.7%. Over twenty days QQQ returned -2.1% and IWM returned -1.2%; breadth was 0.00. The HYG-minus-LQD twenty-day return was -1.2%. The TLT-minus-SHY twenty-day return was +2.5%.",Risk-off,test,True
daily-2026-02-20,2026-02-20,current US broad-equity market-stress state,current evidence snapshot,"As of 2026-02-20, SPY returned +1.2% over five trading days and +0.1% over twenty. Trailing twenty-day SPY annualized volatility was 11.8%. Over twenty days QQQ returned -1.9% and IWM returned -1.9%; breadth was 0.33. The HYG-minus-LQD twenty-day return was -1.0%. The TLT-minus-SHY twenty-day return was +1.7%.",Risk-off,test,True
daily-2026-02-23,2026-02-23,current US broad-equity market-stress state,current evidence snapshot,"As of 2026-02-23, SPY returned +0.1% over five trading days and -1.0% over twenty. Trailing twenty-day SPY annualized volatility was 12.4%. Over twenty days QQQ returned -3.4% and IWM returned -1.6%; breadth was 0.00. The HYG-minus-LQD twenty-day return was -1.1%. The TLT-minus-SHY twenty-day return was +1.8%.",Risk-off,test,True
daily-2026-02-24,2026-02-24,current US broad-equity market-stress state,current evidence snapshot,"As of 2026-02-24, SPY returned +0.7% over five trading days and -0.8% over twenty. Trailing twenty-day SPY annualized volatility was 12.5%. Over twenty days QQQ returned -2.8% and IWM returned -0.2%; breadth was 0.00. The HYG-minus-LQD twenty-day return was -1.1%. The TLT-minus-SHY twenty-day return was +1.5%.",Risk-off,test,True
daily-2026-02-25,2026-02-25,current US broad-equity market-stress state,current evidence snapshot,"As of 2026-02-25, SPY returned +1.0% over five trading days and -0.3% over twenty. Trailing twenty-day SPY annualized volatility was 12.8%. Over twenty days QQQ returned -2.3% and IWM returned -0.1%; breadth was 0.00. The HYG-minus-LQD twenty-day return was -1.1%. The TLT-minus-SHY twenty-day return was +2.2%.",Risk-off,test,True
daily-2026-02-26,2026-02-26,current US broad-equity market-stress state,current evidence snapshot,"As of 2026-02-26, SPY returned +0.7% over five trading days and -0.9% over twenty. Trailing twenty-day SPY annualized volatility was 13.0%. Over twenty days QQQ returned -3.8% and IWM returned +1.0%; breadth was 0.33. The HYG-minus-LQD twenty-day return was -1.2%. The TLT-minus-SHY twenty-day return was +2.8%.",Risk-off,test,True
daily-2026-02-27,2026-02-27,current US broad-equity market-stress state,current evidence snapshot,"As of 2026-02-27, SPY returned -0.5% over five trading days and -1.2% over twenty. Trailing twenty-day SPY annualized volatility was 13.1%. Over twenty days QQQ returned -3.5% and IWM returned -0.7%; breadth was 0.00. The HYG-minus-LQD twenty-day return was -1.3%. The TLT-minus-SHY twenty-day return was +3.3%.",Risk-off,test,True
daily-2026-03-02,2026-03-02,current US broad-equity market-stress state,current evidence snapshot,"As of 2026-03-02, SPY returned +0.6% over five trading days and -0.8% over twenty. Trailing twenty-day SPY annualized volatility was 13.0%. Over twenty days QQQ returned -2.2% and IWM returned +1.6%; breadth was 0.33. The HYG-minus-LQD twenty-day return was -1.4%. The TLT-minus-SHY twenty-day return was +3.1%.",Risk-off,test,True
daily-2026-03-03,2026-03-03,current US broad-equity market-stress state,current evidence snapshot,"As of 2026-03-03, SPY returned -1.0% over five trading days and -2.2% over twenty. Trailing twenty-day SPY annualized volatility was 13.2%. Over twenty days QQQ returned -3.9% and IWM returned -1.1%; breadth was 0.00. The HYG-minus-LQD twenty-day return was -1.5%. The TLT-minus-SHY twenty-day return was +3.2%.",Risk-off,test,True
daily-2026-03-04,2026-03-04,current US broad-equity market-stress state,current evidence snapshot,"As of 2026-03-04, SPY returned -1.2% over five trading days and -0.6% over twenty. Trailing twenty-day SPY annualized volatility was 13.2%. Over twenty days QQQ returned -0.9% and IWM returned -0.4%; breadth was 0.00. The HYG-minus-LQD twenty-day return was -1.2%. The TLT-minus-SHY twenty-day return was +2.7%.",Risk-off,test,True
daily-2026-03-05,2026-03-05,current US broad-equity market-stress state,current evidence snapshot,"As of 2026-03-05, SPY returned -1.2% over five trading days and -0.7% over twenty. Trailing twenty-day SPY annualized volatility was 13.2%. Over twenty days QQQ returned +0.5% and IWM returned -1.4%; breadth was 0.33. The HYG-minus-LQD twenty-day return was -1.2%. The TLT-minus-SHY twenty-day return was +2.6%.",Risk-off,test,True
daily-2026-03-06,2026-03-06,current US broad-equity market-stress state,current evidence snapshot,"As of 2026-03-06, SPY returned -2.0% over five trading days and -0.8% over twenty. Trailing twenty-day SPY annualized volatility was 13.3%. Over twenty days QQQ returned +0.5% and IWM returned -1.9%; breadth was 0.33. The HYG-minus-LQD twenty-day return was -0.7%. The TLT-minus-SHY twenty-day return was +1.3%.",Risk-off,test,True
daily-2026-03-09,2026-03-09,current US broad-equity market-stress state,current evidence snapshot,"As of 2026-03-09, SPY returned -1.2% over five trading days and -1.8% over twenty. Trailing twenty-day SPY annualized volatility was 11.7%. Over twenty days QQQ returned -0.3% and IWM returned -4.3%; breadth was 0.00. The HYG-minus-LQD twenty-day return was -1.0%. The TLT-minus-SHY twenty-day return was +2.0%.",Risk-off,test,True
daily-2026-03-10,2026-03-10,current US broad-equity market-stress state,current evidence snapshot,"As of 2026-03-10, SPY returned -0.5% over five trading days and -2.4% over twenty. Trailing twenty-day SPY annualized volatility was 11.5%. Over twenty days QQQ returned -1.1% and IWM returned -5.1%; breadth was 0.00. The HYG-minus-LQD twenty-day return was -0.6%. The TLT-minus-SHY twenty-day return was +1.1%.",Risk-off,test,True
daily-2026-03-11,2026-03-11,current US broad-equity market-stress state,current evidence snapshot,"As of 2026-03-11, SPY returned -1.3% over five trading days and -2.3% over twenty. Trailing twenty-day SPY annualized volatility was 11.5%. Over twenty days QQQ returned -0.6% and IWM returned -5.0%; breadth was 0.00. The HYG-minus-LQD twenty-day return was +0.3%. The TLT-minus-SHY twenty-day return was -1.2%.",Risk-off,test,True
daily-2026-03-12,2026-03-12,current US broad-equity market-stress state,current evidence snapshot,"As of 2026-03-12, SPY returned -2.2% over five trading days and -3.7% over twenty. Trailing twenty-day SPY annualized volatility was 12.5%. Over twenty days QQQ returned -2.6% and IWM returned -6.6%; breadth was 0.00. The HYG-minus-LQD twenty-day return was +0.1%. The TLT-minus-SHY twenty-day return was -0.8%.",Risk-off,test,True
daily-2026-03-13,2026-03-13,current US broad-equity market-stress state,current evidence snapshot,"As of 2026-03-13, SPY returned -1.5% over five trading days and -2.8% over twenty. Trailing twenty-day SPY annualized volatility was 11.5%. Over twenty days QQQ returned -1.2% and IWM returned -5.0%; breadth was 0.00. The HYG-minus-LQD twenty-day return was +0.8%. The TLT-minus-SHY twenty-day return was -2.6%.",Risk-off,test,True
daily-2026-03-16,2026-03-16,current US broad-equity market-stress state,current evidence snapshot,"As of 2026-03-16, SPY returned -1.4% over five trading days and -1.9% over twenty. Trailing twenty-day SPY annualized volatility was 12.2%. Over twenty days QQQ returned -0.3% and IWM returned -5.3%; breadth was 0.00. The HYG-minus-LQD twenty-day return was +0.9%. The TLT-minus-SHY twenty-day return was -2.3%.",Risk-off,test,True
daily-2026-03-17,2026-03-17,current US broad-equity market-stress state,current evidence snapshot,"As of 2026-03-17, SPY returned -0.9% over five trading days and -1.8% over twenty. Trailing twenty-day SPY annualized volatility was 12.3%. Over twenty days QQQ returned +0.3% and IWM returned -4.9%; breadth was 0.33. The HYG-minus-LQD twenty-day return was +0.9%. The TLT-minus-SHY twenty-day return was -2.2%.",Risk-off,test,True
daily-2026-03-18,2026-03-18,current US broad-equity market-stress state,current evidence snapshot,"As of 2026-03-18, SPY returned -2.2% over five trading days and -3.6% over twenty. Trailing twenty-day SPY annualized volatility was 12.9%. Over twenty days QQQ returned -1.8% and IWM returned -6.8%; breadth was 0.00. The HYG-minus-LQD twenty-day return was +0.7%. The TLT-minus-SHY twenty-day return was -2.3%.",Risk-off,test,True
daily-2026-03-19,2026-03-19,current US broad-equity market-stress state,current evidence snapshot,"As of 2026-03-19, SPY returned -0.9% over five trading days and -3.6% over twenty. Trailing twenty-day SPY annualized volatility was 12.9%. Over twenty days QQQ returned -1.7% and IWM returned -6.4%; breadth was 0.00. The HYG-minus-LQD twenty-day return was +0.6%. The TLT-minus-SHY twenty-day return was -1.8%.",Risk-off,test,True
daily-2026-03-20,2026-03-20,current US broad-equity market-stress state,current evidence snapshot,"As of 2026-03-20, SPY returned -1.8% over five trading days and -5.7% over twenty. Trailing twenty-day SPY annualized volatility was 13.2%. Over twenty days QQQ returned -4.4% and IWM returned -8.5%; breadth was 0.00. The HYG-minus-LQD twenty-day return was +0.8%. The TLT-minus-SHY twenty-day return was -3.2%.",Risk-off,test,True
daily-2026-03-23,2026-03-23,current US broad-equity market-stress state,current evidence snapshot,"As of 2026-03-23, SPY returned -1.8% over five trading days and -3.7% over twenty. Trailing twenty-day SPY annualized volatility was 13.7%. Over twenty days QQQ returned -2.2% and IWM returned -5.0%; breadth was 0.00. The HYG-minus-LQD twenty-day return was +1.1%. The TLT-minus-SHY twenty-day return was -3.0%.",Risk-off,test,True
daily-2026-03-24,2026-03-24,current US broad-equity market-stress state,current evidence snapshot,"As of 2026-03-24, SPY returned -2.4% over five trading days and -4.7% over twenty. Trailing twenty-day SPY annualized volatility was 13.2%. Over twenty days QQQ returned -3.9% and IWM returned -5.5%; breadth was 0.00. The HYG-minus-LQD twenty-day return was +1.0%. The TLT-minus-SHY twenty-day return was -3.4%.",Risk-off,test,True
daily-2026-03-25,2026-03-25,current US broad-equity market-stress state,current evidence snapshot,"As of 2026-03-25, SPY returned -0.4% over five trading days and -5.0% over twenty. Trailing twenty-day SPY annualized volatility was 13.0%. Over twenty days QQQ returned -4.7% and IWM returned -4.8%; breadth was 0.00. The HYG-minus-LQD twenty-day return was +0.8%. The TLT-minus-SHY twenty-day return was -2.6%.",Risk-off,test,True
daily-2026-03-26,2026-03-26,current US broad-equity market-stress state,current evidence snapshot,"As of 2026-03-26, SPY returned -2.0% over five trading days and -6.2% over twenty. Trailing twenty-day SPY annualized volatility was 14.0%. Over twenty days QQQ returned -5.8% and IWM returned -7.0%; breadth was 0.00. The HYG-minus-LQD twenty-day return was +1.1%. The TLT-minus-SHY twenty-day return was -3.6%.",Risk-off,test,True
daily-2026-03-27,2026-03-27,current US broad-equity market-stress state,current evidence snapshot,"As of 2026-03-27, SPY returned -2.2% over five trading days and -7.3% over twenty. Trailing twenty-day SPY annualized volatility was 14.9%. Over twenty days QQQ returned -7.4% and IWM returned -7.0%; breadth was 0.00. The HYG-minus-LQD twenty-day return was +1.2%. The TLT-minus-SHY twenty-day return was -4.8%.",Risk-off,test,True
daily-2026-03-30,2026-03-30,current US broad-equity market-stress state,current evidence snapshot,"As of 2026-03-30, SPY returned -3.6% over five trading days and -7.7% over twenty. Trailing twenty-day SPY annualized volatility was 14.8%. Over twenty days QQQ returned -8.2% and IWM returned -9.2%; breadth was 0.00. The HYG-minus-LQD twenty-day return was +0.5%. The TLT-minus-SHY twenty-day return was -2.8%.",Risk-off,test,True
daily-2026-03-31,2026-03-31,current US broad-equity market-stress state,current evidence snapshot,"As of 2026-03-31, SPY returned -0.4% over five trading days and -4.1% over twenty. Trailing twenty-day SPY annualized volatility was 18.7%. Over twenty days QQQ returned -4.1% and IWM returned -4.3%; breadth was 0.00. The HYG-minus-LQD twenty-day return was +1.0%. The TLT-minus-SHY twenty-day return was -2.8%.",Risk-off,test,True
daily-2026-04-01,2026-04-01,current US broad-equity market-stress state,current evidence snapshot,"As of 2026-04-01, SPY returned -0.2% over five trading days and -4.1% over twenty. Trailing twenty-day SPY annualized volatility was 18.8%. Over twenty days QQQ returned -4.3% and IWM returned -4.7%; breadth was 0.00. The HYG-minus-LQD twenty-day return was +0.8%. The TLT-minus-SHY twenty-day return was -2.7%.",Risk-off,test,True
daily-2026-04-02,2026-04-02,current US broad-equity market-stress state,current evidence snapshot,"As of 2026-04-02, SPY returned +1.7% over five trading days and -3.5% over twenty. Trailing twenty-day SPY annualized volatility was 18.7%. Over twenty days QQQ returned -3.9% and IWM returned -2.1%; breadth was 0.00. The HYG-minus-LQD twenty-day return was +0.6%. The TLT-minus-SHY twenty-day return was -1.9%.",Risk-off,test,True
daily-2026-04-06,2026-04-06,current US broad-equity market-stress state,current evidence snapshot,"As of 2026-04-06, SPY returned +3.9% over five trading days and -1.7% over twenty. Trailing twenty-day SPY annualized volatility was 18.4%. Over twenty days QQQ returned -1.9% and IWM returned +0.6%; breadth was 0.33. The HYG-minus-LQD twenty-day return was +1.1%. The TLT-minus-SHY twenty-day return was -1.5%.",Risk-off,test,True
daily-2026-04-07,2026-04-07,current US broad-equity market-stress state,current evidence snapshot,"As of 2026-04-07, SPY returned +4.3% over five trading days and -2.5% over twenty. Trailing twenty-day SPY annualized volatility was 18.0%. Over twenty days QQQ returned -3.2% and IWM returned -0.3%; breadth was 0.00. The HYG-minus-LQD twenty-day return was +1.0%. The TLT-minus-SHY twenty-day return was -2.4%.",Risk-off,test,True
daily-2026-04-08,2026-04-08,current US broad-equity market-stress state,current evidence snapshot,"As of 2026-04-08, SPY returned +3.9% over five trading days and +0.1% over twenty. Trailing twenty-day SPY annualized volatility was 20.4%. Over twenty days QQQ returned -0.3% and IWM returned +2.8%; breadth was 0.67. The HYG-minus-LQD twenty-day return was +0.7%. The TLT-minus-SHY twenty-day return was -1.2%.",Risk-off,test,True
daily-2026-04-09,2026-04-09,current US broad-equity market-stress state,current evidence snapshot,"As of 2026-04-09, SPY returned +3.8% over five trading days and +0.8% over twenty. Trailing twenty-day SPY annualized volatility was 20.5%. Over twenty days QQQ returned +0.4% and IWM returned +3.6%; breadth was 1.00. The HYG-minus-LQD twenty-day return was +0.2%. The TLT-minus-SHY twenty-day return was -0.3%.",Risk-off,test,True
daily-2026-04-10,2026-04-10,current US broad-equity market-stress state,current evidence snapshot,"As of 2026-04-10, SPY returned +3.6% over five trading days and +2.3% over twenty. Trailing twenty-day SPY annualized volatility was 19.6%. Over twenty days QQQ returned +2.3% and IWM returned +5.6%; breadth was 1.00. The HYG-minus-LQD twenty-day return was +0.2%. The TLT-minus-SHY twenty-day return was -0.4%.",Risk-off,test,True
daily-2026-04-13,2026-04-13,current US broad-equity market-stress state,current evidence snapshot,"As of 2026-04-13, SPY returned +4.1% over five trading days and +3.9% over twenty. Trailing twenty-day SPY annualized volatility was 19.7%. Over twenty days QQQ returned +4.0% and IWM returned +7.5%; breadth was 1.00. The HYG-minus-LQD twenty-day return was -0.0%. The TLT-minus-SHY twenty-day return was +0.3%.",Mixed,test,True
daily-2026-04-14,2026-04-14,current US broad-equity market-stress state,current evidence snapshot,"As of 2026-04-14, SPY returned +5.3% over five trading days and +4.1% over twenty. Trailing twenty-day SPY annualized volatility was 19.8%. Over twenty days QQQ returned +4.7% and IWM returned +8.0%; breadth was 1.00. The HYG-minus-LQD twenty-day return was +0.1%. The TLT-minus-SHY twenty-day return was +0.1%.",Mixed,test,True
daily-2026-04-15,2026-04-15,current US broad-equity market-stress state,current evidence snapshot,"As of 2026-04-15, SPY returned +3.5% over five trading days and +4.6% over twenty. Trailing twenty-day SPY annualized volatility was 19.9%. Over twenty days QQQ returned +5.7% and IWM returned +7.7%; breadth was 1.00. The HYG-minus-LQD twenty-day return was +0.2%. The TLT-minus-SHY twenty-day return was -0.5%.",Mixed,test,True
daily-2026-04-16,2026-04-16,current US broad-equity market-stress state,current evidence snapshot,"As of 2026-04-16, SPY returned +3.2% over five trading days and +6.4% over twenty. Trailing twenty-day SPY annualized volatility was 18.9%. Over twenty days QQQ returned +7.7% and IWM returned +9.7%; breadth was 1.00. The HYG-minus-LQD twenty-day return was +0.5%. The TLT-minus-SHY twenty-day return was -0.7%.",Mixed,test,True
daily-2026-04-17,2026-04-17,current US broad-equity market-stress state,current evidence snapshot,"As of 2026-04-17, SPY returned +4.5% over five trading days and +7.9% over twenty. Trailing twenty-day SPY annualized volatility was 19.1%. Over twenty days QQQ returned +9.4% and IWM returned +11.4%; breadth was 1.00. The HYG-minus-LQD twenty-day return was +0.5%. The TLT-minus-SHY twenty-day return was -0.7%.",Risk-on,test,True
daily-2026-04-20,2026-04-20,current US broad-equity market-stress state,current evidence snapshot,"As of 2026-04-20, SPY returned +3.3% over five trading days and +9.3% over twenty. Trailing twenty-day SPY annualized volatility was 18.0%. Over twenty days QQQ returned +11.1% and IWM returned +14.5%; breadth was 1.00. The HYG-minus-LQD twenty-day return was +0.1%. The TLT-minus-SHY twenty-day return was +1.1%.",Risk-on,test,True
daily-2026-04-21,2026-04-21,current US broad-equity market-stress state,current evidence snapshot,"As of 2026-04-21, SPY returned +1.4% over five trading days and +7.4% over twenty. Trailing twenty-day SPY annualized volatility was 18.2%. Over twenty days QQQ returned +9.6% and IWM returned +10.9%; breadth was 1.00. The HYG-minus-LQD twenty-day return was +0.2%. The TLT-minus-SHY twenty-day return was +0.2%.",Mixed,test,True
daily-2026-04-22,2026-04-22,current US broad-equity market-stress state,current evidence snapshot,"As of 2026-04-22, SPY returned +1.6% over five trading days and +8.9% over twenty. Trailing twenty-day SPY annualized volatility was 18.2%. Over twenty days QQQ returned +12.2% and IWM returned +11.1%; breadth was 1.00. The HYG-minus-LQD twenty-day return was +0.3%. The TLT-minus-SHY twenty-day return was +0.6%.",Risk-on,test,True
daily-2026-04-23,2026-04-23,current US broad-equity market-stress state,current evidence snapshot,"As of 2026-04-23, SPY returned +1.0% over five trading days and +7.9% over twenty. Trailing twenty-day SPY annualized volatility was 18.4%. Over twenty days QQQ returned +10.8% and IWM returned +9.4%; breadth was 1.00. The HYG-minus-LQD twenty-day return was +0.5%. The TLT-minus-SHY twenty-day return was -0.4%.",Risk-on,test,True
daily-2026-04-24,2026-04-24,current US broad-equity market-stress state,current evidence snapshot,"As of 2026-04-24, SPY returned +0.5% over five trading days and +10.7% over twenty. Trailing twenty-day SPY annualized volatility was 16.5%. Over twenty days QQQ returned +15.7% and IWM returned +11.8%; breadth was 1.00. The HYG-minus-LQD twenty-day return was +0.4%. The TLT-minus-SHY twenty-day return was +0.3%.",Risk-on,test,True
daily-2026-04-27,2026-04-27,current US broad-equity market-stress state,current evidence snapshot,"As of 2026-04-27, SPY returned +0.9% over five trading days and +12.8% over twenty. Trailing twenty-day SPY annualized volatility was 14.4%. Over twenty days QQQ returned +18.1% and IWM returned +14.0%; breadth was 1.00. The HYG-minus-LQD twenty-day return was +0.7%. The TLT-minus-SHY twenty-day return was +0.6%.",Risk-on,test,True
daily-2026-04-28,2026-04-28,current US broad-equity market-stress state,current evidence snapshot,"As of 2026-04-28, SPY returned +1.1% over five trading days and +12.6% over twenty. Trailing twenty-day SPY annualized volatility was 14.6%. Over twenty days QQQ returned +17.8% and IWM returned +14.3%; breadth was 1.00. The HYG-minus-LQD twenty-day return was +1.1%. The TLT-minus-SHY twenty-day return was -0.5%.",Risk-on,test,True
daily-2026-04-29,2026-04-29,current US broad-equity market-stress state,current evidence snapshot,"As of 2026-04-29, SPY returned +0.1% over five trading days and +9.4% over twenty. Trailing twenty-day SPY annualized volatility was 11.9%. Over twenty days QQQ returned +14.6% and IWM returned +9.7%; breadth was 1.00. The HYG-minus-LQD twenty-day return was +1.0%. The TLT-minus-SHY twenty-day return was -0.9%.",Risk-on,test,True
daily-2026-04-30,2026-04-30,current US broad-equity market-stress state,current evidence snapshot,"As of 2026-04-30, SPY returned +1.4% over five trading days and +9.7% over twenty. Trailing twenty-day SPY annualized volatility was 12.0%. Over twenty days QQQ returned +14.3% and IWM returned +11.4%; breadth was 1.00. The HYG-minus-LQD twenty-day return was +1.1%. The TLT-minus-SHY twenty-day return was -0.9%.",Risk-on,test,True
daily-2026-05-01,2026-05-01,current US broad-equity market-stress state,current evidence snapshot,"As of 2026-05-01, SPY returned +0.9% over five trading days and +9.9% over twenty. Trailing twenty-day SPY annualized volatility was 11.9%. Over twenty days QQQ returned +15.2% and IWM returned +11.1%; breadth was 1.00. The HYG-minus-LQD twenty-day return was +1.1%. The TLT-minus-SHY twenty-day return was -1.2%.",Risk-on,test,True
daily-2026-05-04,2026-05-04,current US broad-equity market-stress state,current evidence snapshot,"As of 2026-05-04, SPY returned +0.4% over five trading days and +9.0% over twenty. Trailing twenty-day SPY annualized volatility was 12.3%. Over twenty days QQQ returned +14.3% and IWM returned +10.1%; breadth was 1.00. The HYG-minus-LQD twenty-day return was +0.8%. The TLT-minus-SHY twenty-day return was -1.8%.",Risk-on,test,True
daily-2026-05-05,2026-05-05,current US broad-equity market-stress state,current evidence snapshot,"As of 2026-05-05, SPY returned +1.7% over five trading days and +9.8% over twenty. Trailing twenty-day SPY annualized volatility was 12.3%. Over twenty days QQQ returned +15.8% and IWM returned +11.7%; breadth was 1.00. The HYG-minus-LQD twenty-day return was +0.6%. The TLT-minus-SHY twenty-day return was -1.2%.",Risk-on,test,True
daily-2026-05-06,2026-05-06,current US broad-equity market-stress state,current evidence snapshot,"As of 2026-05-06, SPY returned +3.1% over five trading days and +8.6% over twenty. Trailing twenty-day SPY annualized volatility was 10.2%. Over twenty days QQQ returned +14.8% and IWM returned +10.1%; breadth was 1.00. The HYG-minus-LQD twenty-day return was +0.2%. The TLT-minus-SHY twenty-day return was -0.8%.",Risk-on,test,True
daily-2026-05-07,2026-05-07,current US broad-equity market-stress state,current evidence snapshot,"As of 2026-05-07, SPY returned +1.8% over five trading days and +7.6% over twenty. Trailing twenty-day SPY annualized volatility was 10.5%. Over twenty days QQQ returned +13.9% and IWM returned +7.7%; breadth was 1.00. The HYG-minus-LQD twenty-day return was +0.2%. The TLT-minus-SHY twenty-day return was -1.0%.",Risk-on,test,True
daily-2026-05-08,2026-05-08,current US broad-equity market-stress state,current evidence snapshot,"As of 2026-05-08, SPY returned +2.4% over five trading days and +8.6% over twenty. Trailing twenty-day SPY annualized volatility was 10.4%. Over twenty days QQQ returned +16.4% and IWM returned +8.8%; breadth was 1.00. The HYG-minus-LQD twenty-day return was +0.2%. The TLT-minus-SHY twenty-day return was -0.3%.",Risk-on,test,True
daily-2026-05-11,2026-05-11,current US broad-equity market-stress state,current evidence snapshot,"As of 2026-05-11, SPY returned +3.0% over five trading days and +7.8% over twenty. Trailing twenty-day SPY annualized volatility was 10.2%. Over twenty days QQQ returned +15.5% and IWM returned +7.6%; breadth was 1.00. The HYG-minus-LQD twenty-day return was +0.3%. The TLT-minus-SHY twenty-day return was -1.1%.",Risk-on,test,True
daily-2026-05-12,2026-05-12,current US broad-equity market-stress state,current evidence snapshot,"As of 2026-05-12, SPY returned +2.0% over five trading days and +6.3% over twenty. Trailing twenty-day SPY annualized volatility was 9.9%. Over twenty days QQQ returned +12.5% and IWM returned +5.2%; breadth was 1.00. The HYG-minus-LQD twenty-day return was +0.5%. The TLT-minus-SHY twenty-day return was -2.1%.",Risk-on,test,True
daily-2026-05-13,2026-05-13,current US broad-equity market-stress state,current evidence snapshot,"As of 2026-05-13, SPY returned +1.2% over five trading days and +6.1% over twenty. Trailing twenty-day SPY annualized volatility was 9.8%. Over twenty days QQQ returned +12.1% and IWM returned +4.9%; breadth was 1.00. The HYG-minus-LQD twenty-day return was +0.5%. The TLT-minus-SHY twenty-day return was -2.0%.",Risk-on,test,True
daily-2026-05-14,2026-05-14,current US broad-equity market-stress state,current evidence snapshot,"As of 2026-05-14, SPY returned +2.3% over five trading days and +6.6% over twenty. Trailing twenty-day SPY annualized volatility was 9.9%. Over twenty days QQQ returned +12.4% and IWM returned +5.4%; breadth was 1.00. The HYG-minus-LQD twenty-day return was +0.2%. The TLT-minus-SHY twenty-day return was -1.2%.",Risk-on,test,True
daily-2026-05-15,2026-05-15,current US broad-equity market-stress state,current evidence snapshot,"As of 2026-05-15, SPY returned +0.2% over five trading days and +4.1% over twenty. Trailing twenty-day SPY annualized volatility was 10.7%. Over twenty days QQQ returned +9.3% and IWM returned +0.7%; breadth was 1.00. The HYG-minus-LQD twenty-day return was +0.5%. The TLT-minus-SHY twenty-day return was -3.2%.",Risk-on,test,True
daily-2026-05-18,2026-05-18,current US broad-equity market-stress state,current evidence snapshot,"As of 2026-05-18, SPY returned -0.1% over five trading days and +4.2% over twenty. Trailing twenty-day SPY annualized volatility was 10.7%. Over twenty days QQQ returned +9.1% and IWM returned -0.5%; breadth was 0.67. The HYG-minus-LQD twenty-day return was +0.9%. The TLT-minus-SHY twenty-day return was -3.4%.",Mixed,test,True
daily-2026-05-19,2026-05-19,current US broad-equity market-stress state,current evidence snapshot,"As of 2026-05-19, SPY returned -0.6% over five trading days and +4.2% over twenty. Trailing twenty-day SPY annualized volatility was 10.7%. Over twenty days QQQ returned +8.9% and IWM returned -0.6%; breadth was 0.67. The HYG-minus-LQD twenty-day return was +1.0%. The TLT-minus-SHY twenty-day return was -3.6%.",Mixed,test,True
daily-2026-05-20,2026-05-20,current US broad-equity market-stress state,current evidence snapshot,"As of 2026-05-20, SPY returned -0.1% over five trading days and +4.2% over twenty. Trailing twenty-day SPY annualized volatility was 10.7%. Over twenty days QQQ returned +8.9% and IWM returned +1.2%; breadth was 1.00. The HYG-minus-LQD twenty-day return was +0.9%. The TLT-minus-SHY twenty-day return was -2.8%.",Risk-on,test,True
daily-2026-05-21,2026-05-21,current US broad-equity market-stress state,current evidence snapshot,"As of 2026-05-21, SPY returned -0.7% over five trading days and +4.8% over twenty. Trailing twenty-day SPY annualized volatility was 10.5%. Over twenty days QQQ returned +9.7% and IWM returned +2.5%; breadth was 1.00. The HYG-minus-LQD twenty-day return was +0.6%. The TLT-minus-SHY twenty-day return was -2.3%.",Risk-on,test,True
daily-2026-05-22,2026-05-22,current US broad-equity market-stress state,current evidence snapshot,"As of 2026-05-22, SPY returned +0.9% over five trading days and +4.4% over twenty. Trailing twenty-day SPY annualized volatility was 10.3%. Over twenty days QQQ returned +8.1% and IWM returned +3.1%; breadth was 1.00. The HYG-minus-LQD twenty-day return was +0.4%. The TLT-minus-SHY twenty-day return was -1.8%.",Risk-on,test,True
daily-2026-05-26,2026-05-26,current US broad-equity market-stress state,current evidence snapshot,"As of 2026-05-26, SPY returned +1.6% over five trading days and +5.0% over twenty. Trailing twenty-day SPY annualized volatility was 10.4%. Over twenty days QQQ returned +9.9% and IWM returned +4.8%; breadth was 1.00. The HYG-minus-LQD twenty-day return was +0.1%. The TLT-minus-SHY twenty-day return was -1.0%.",Risk-on,test,True
daily-2026-05-27,2026-05-27,current US broad-equity market-stress state,current evidence snapshot,"As of 2026-05-27, SPY returned +2.3% over five trading days and +5.4% over twenty. Trailing twenty-day SPY annualized volatility was 10.1%. Over twenty days QQQ returned +10.9% and IWM returned +6.0%; breadth was 1.00. The HYG-minus-LQD twenty-day return was +0.0%. The TLT-minus-SHY twenty-day return was -0.9%.",Risk-on,test,True
daily-2026-05-28,2026-05-28,current US broad-equity market-stress state,current evidence snapshot,"As of 2026-05-28, SPY returned +1.8% over five trading days and +6.0% over twenty. Trailing twenty-day SPY annualized volatility was 10.1%. Over twenty days QQQ returned +11.2% and IWM returned +7.3%; breadth was 1.00. The HYG-minus-LQD twenty-day return was -0.4%. The TLT-minus-SHY twenty-day return was +0.2%.",Risk-on,test,True
daily-2026-05-29,2026-05-29,current US broad-equity market-stress state,current evidence snapshot,"As of 2026-05-29, SPY returned +1.9% over five trading days and +5.3% over twenty. Trailing twenty-day SPY annualized volatility was 9.8%. Over twenty days QQQ returned +10.6% and IWM returned +4.5%; breadth was 1.00. The HYG-minus-LQD twenty-day return was -0.6%. The TLT-minus-SHY twenty-day return was +0.4%.",Risk-on,test,True
daily-2026-06-01,2026-06-01,current US broad-equity market-stress state,current evidence snapshot,"As of 2026-06-01, SPY returned +1.7% over five trading days and +5.3% over twenty. Trailing twenty-day SPY annualized volatility was 9.8%. Over twenty days QQQ returned +10.2% and IWM returned +3.5%; breadth was 1.00. The HYG-minus-LQD twenty-day return was -0.6%. The TLT-minus-SHY twenty-day return was +0.1%.",Mixed,test,True
daily-2026-06-02,2026-06-02,current US broad-equity market-stress state,current evidence snapshot,"As of 2026-06-02, SPY returned +1.2% over five trading days and +5.8% over twenty. Trailing twenty-day SPY annualized volatility was 9.5%. Over twenty days QQQ returned +10.9% and IWM returned +5.0%; breadth was 1.00. The HYG-minus-LQD twenty-day return was -0.5%. The TLT-minus-SHY twenty-day return was +1.0%.",Risk-on,test,True
daily-2026-06-03,2026-06-03,current US broad-equity market-stress state,current evidence snapshot,"As of 2026-06-03, SPY returned +0.5% over five trading days and +4.2% over twenty. Trailing twenty-day SPY annualized volatility was 9.9%. Over twenty days QQQ returned +9.2% and IWM returned +1.8%; breadth was 1.00. The HYG-minus-LQD twenty-day return was -0.3%. The TLT-minus-SHY twenty-day return was +0.1%.",Mixed,test,True
daily-2026-06-04,2026-06-04,current US broad-equity market-stress state,current evidence snapshot,"As of 2026-06-04, SPY returned +0.3% over five trading days and +3.2% over twenty. Trailing twenty-day SPY annualized volatility was 8.9%. Over twenty days QQQ returned +6.4% and IWM returned +1.8%; breadth was 1.00. The HYG-minus-LQD twenty-day return was -0.1%. The TLT-minus-SHY twenty-day return was -0.3%.",Mixed,test,True
daily-2026-06-05,2026-06-05,current US broad-equity market-stress state,current evidence snapshot,"As of 2026-06-05, SPY returned -2.5% over five trading days and +0.8% over twenty. Trailing twenty-day SPY annualized volatility was 13.1%. Over twenty days QQQ returned +1.5% and IWM returned -0.2%; breadth was 0.67. The HYG-minus-LQD twenty-day return was -0.0%. The TLT-minus-SHY twenty-day return was -0.2%.",Risk-off,test,True
daily-2026-06-08,2026-06-08,current US broad-equity market-stress state,current evidence snapshot,"As of 2026-06-08, SPY returned -2.5% over five trading days and +0.2% over twenty. Trailing twenty-day SPY annualized volatility was 12.8%. Over twenty days QQQ returned +0.7% and IWM returned -0.0%; breadth was 0.67. The HYG-minus-LQD twenty-day return was +0.3%. The TLT-minus-SHY twenty-day return was -1.2%.",Risk-off,test,True
daily-2026-06-09,2026-06-09,current US broad-equity market-stress state,current evidence snapshot,"As of 2026-06-09, SPY returned -3.0% over five trading days and -0.3% over twenty. Trailing twenty-day SPY annualized volatility was 12.8%. Over twenty days QQQ returned -0.8% and IWM returned -0.1%; breadth was 0.00. The HYG-minus-LQD twenty-day return was +0.0%. The TLT-minus-SHY twenty-day return was -0.2%.",Risk-off,test,True
daily-2026-06-10,2026-06-10,current US broad-equity market-stress state,current evidence snapshot,"As of 2026-06-10, SPY returned -3.8% over five trading days and -1.7% over twenty. Trailing twenty-day SPY annualized volatility was 14.0%. Over twenty days QQQ returned -1.9% and IWM returned -0.2%; breadth was 0.00. The HYG-minus-LQD twenty-day return was -0.1%. The TLT-minus-SHY twenty-day return was +0.1%.",Risk-off,test,True
daily-2026-06-11,2026-06-11,current US broad-equity market-stress state,current evidence snapshot,"As of 2026-06-11, SPY returned -2.6% over five trading days and -0.6% over twenty. Trailing twenty-day SPY annualized volatility was 15.2%. Over twenty days QQQ returned +0.3% and IWM returned +2.7%; breadth was 0.67. The HYG-minus-LQD twenty-day return was -0.4%. The TLT-minus-SHY twenty-day return was +1.5%.",Risk-off,test,True
daily-2026-06-12,2026-06-12,current US broad-equity market-stress state,current evidence snapshot,"As of 2026-06-12, SPY returned +0.6% over five trading days and -0.9% over twenty. Trailing twenty-day SPY annualized volatility was 15.1%. Over twenty days QQQ returned +0.2% and IWM returned +3.0%; breadth was 0.67. The HYG-minus-LQD twenty-day return was -0.3%. The TLT-minus-SHY twenty-day return was +1.1%.",Risk-off,test,True
daily-2026-06-15,2026-06-15,current US broad-equity market-stress state,current evidence snapshot,"As of 2026-06-15, SPY returned +2.1% over five trading days and +2.1% over twenty. Trailing twenty-day SPY annualized volatility was 15.7%. Over twenty days QQQ returned +4.9% and IWM returned +6.1%; breadth was 1.00. The HYG-minus-LQD twenty-day return was -0.3%. The TLT-minus-SHY twenty-day return was +2.4%.",Risk-off,test,True
daily-2026-06-16,2026-06-16,current US broad-equity market-stress state,current evidence snapshot,"As of 2026-06-16, SPY returned +1.8% over five trading days and +1.6% over twenty. Trailing twenty-day SPY annualized volatility was 15.9%. Over twenty days QQQ returned +3.4% and IWM returned +5.8%; breadth was 1.00. The HYG-minus-LQD twenty-day return was -0.7%. The TLT-minus-SHY twenty-day return was +3.1%.",Risk-off,test,True
daily-2026-06-17,2026-06-17,current US broad-equity market-stress state,current evidence snapshot,"As of 2026-06-17, SPY returned +2.1% over five trading days and +1.0% over twenty. Trailing twenty-day SPY annualized volatility was 16.4%. Over twenty days QQQ returned +3.0% and IWM returned +6.2%; breadth was 1.00. The HYG-minus-LQD twenty-day return was -1.1%. The TLT-minus-SHY twenty-day return was +4.2%.",Risk-off,test,True
daily-2026-06-18,2026-06-18,current US broad-equity market-stress state,current evidence snapshot,"As of 2026-06-18, SPY returned +1.5% over five trading days and +1.0% over twenty. Trailing twenty-day SPY annualized volatility was 16.4%. Over twenty days QQQ returned +3.9% and IWM returned +5.6%; breadth was 1.00. The HYG-minus-LQD twenty-day return was -0.8%. The TLT-minus-SHY twenty-day return was +3.6%.",Risk-off,test,True
daily-2026-06-22,2026-06-22,current US broad-equity market-stress state,current evidence snapshot,"As of 2026-06-22, SPY returned +0.6% over five trading days and +0.5% over twenty. Trailing twenty-day SPY annualized volatility was 16.4%. Over twenty days QQQ returned +3.3% and IWM returned +5.6%; breadth was 1.00. The HYG-minus-LQD twenty-day return was -0.5%. The TLT-minus-SHY twenty-day return was +2.5%.",Risk-off,test,True
daily-2026-06-23,2026-06-23,current US broad-equity market-stress state,current evidence snapshot,"As of 2026-06-23, SPY returned -2.6% over five trading days and -1.4% over twenty. Trailing twenty-day SPY annualized volatility was 17.2%. Over twenty days QQQ returned -0.5% and IWM returned +3.6%; breadth was 0.33. The HYG-minus-LQD twenty-day return was -0.5%. The TLT-minus-SHY twenty-day return was +2.0%.",Risk-off,test,True
daily-2026-06-24,2026-06-24,current US broad-equity market-stress state,current evidence snapshot,"As of 2026-06-24, SPY returned -2.0% over five trading days and -2.1% over twenty. Trailing twenty-day SPY annualized volatility was 17.0%. Over twenty days QQQ returned -2.7% and IWM returned +2.1%; breadth was 0.33. The HYG-minus-LQD twenty-day return was -1.0%. The TLT-minus-SHY twenty-day return was +2.8%.",Risk-off,test,True
daily-2026-06-25,2026-06-25,current US broad-equity market-stress state,current evidence snapshot,"As of 2026-06-25, SPY returned -0.6% over five trading days and -1.9% over twenty. Trailing twenty-day SPY annualized volatility was 17.0%. Over twenty days QQQ returned -1.8% and IWM returned +2.9%; breadth was 0.33. The HYG-minus-LQD twenty-day return was -0.8%. The TLT-minus-SHY twenty-day return was +2.6%.",Risk-off,test,True
daily-2026-06-26,2026-06-26,current US broad-equity market-stress state,current evidence snapshot,"As of 2026-06-26, SPY returned -2.4% over five trading days and -3.1% over twenty. Trailing twenty-day SPY annualized volatility was 16.9%. Over twenty days QQQ returned -4.0% and IWM returned +2.7%; breadth was 0.33. The HYG-minus-LQD twenty-day return was -0.7%. The TLT-minus-SHY twenty-day return was +2.0%.",Risk-off,test,True
daily-2026-06-29,2026-06-29,current US broad-equity market-stress state,current evidence snapshot,"As of 2026-06-29, SPY returned -0.5% over five trading days and -1.8% over twenty. Trailing twenty-day SPY annualized volatility was 18.1%. Over twenty days QQQ returned -1.9% and IWM returned +2.9%; breadth was 0.33. The HYG-minus-LQD twenty-day return was -0.7%. The TLT-minus-SHY twenty-day return was +2.1%.",Risk-off,test,True
daily-2026-06-30,2026-06-30,current US broad-equity market-stress state,current evidence snapshot,"As of 2026-06-30, SPY returned +1.8% over five trading days and -1.3% over twenty. Trailing twenty-day SPY annualized volatility was 18.3%. Over twenty days QQQ returned -0.9% and IWM returned +4.0%; breadth was 0.33. The HYG-minus-LQD twenty-day return was +0.0%. The TLT-minus-SHY twenty-day return was +1.0%.",Risk-off,test,True
daily-2026-07-01,2026-07-01,current US broad-equity market-stress state,current evidence snapshot,"As of 2026-07-01, SPY returned +1.7% over five trading days and -1.6% over twenty. Trailing twenty-day SPY annualized volatility was 18.3%. Over twenty days QQQ returned -2.8% and IWM returned +2.6%; breadth was 0.33. The HYG-minus-LQD twenty-day return was +0.0%. The TLT-minus-SHY twenty-day return was +0.1%.",Risk-off,test,True
daily-2026-07-02,2026-07-02,current US broad-equity market-stress state,current evidence snapshot,"As of 2026-07-02, SPY returned +1.4% over five trading days and -1.0% over twenty. Trailing twenty-day SPY annualized volatility was 18.1%. Over twenty days QQQ returned -4.2% and IWM returned +3.4%; breadth was 0.33. The HYG-minus-LQD twenty-day return was +0.0%. The TLT-minus-SHY twenty-day return was +0.3%.",Risk-off,test,True
daily-2026-07-06,2026-07-06,current US broad-equity market-stress state,current evidence snapshot,"As of 2026-07-06, SPY returned +3.1% over five trading days and -0.5% over twenty. Trailing twenty-day SPY annualized volatility was 18.4%. Over twenty days QQQ returned -2.4% and IWM returned +2.4%; breadth was 0.33. The HYG-minus-LQD twenty-day return was +0.2%. The TLT-minus-SHY twenty-day return was +0.0%.",Risk-off,test,True
daily-2026-07-07,2026-07-07,current US broad-equity market-stress state,current evidence snapshot,"As of 2026-07-07, SPY returned +0.9% over five trading days and +1.6% over twenty. Trailing twenty-day SPY annualized volatility was 15.8%. Over twenty days QQQ returned +0.6% and IWM returned +5.2%; breadth was 1.00. The HYG-minus-LQD twenty-day return was +0.7%. The TLT-minus-SHY twenty-day return was -0.6%.",Mixed,test,True
