date,feature_cutoff,outcome_start,outcome_end,SPY_ret_5d,SPY_ret_20d,SPY_vol_20d,QQQ_ret_5d,QQQ_ret_20d,QQQ_vol_20d,IWM_ret_5d,IWM_ret_20d,IWM_vol_20d,HYG_ret_5d,HYG_ret_20d,HYG_vol_20d,LQD_ret_5d,LQD_ret_20d,LQD_vol_20d,TLT_ret_5d,TLT_ret_20d,TLT_vol_20d,SHY_ret_5d,SHY_ret_20d,SHY_vol_20d,SGOV_ret_5d,SGOV_ret_20d,SGOV_vol_20d,breadth_20d,credit_ret_20d,duration_ret_20d,future_spy_return,future_safe_return,future_excess_return,future_max_drawdown,future_realized_vol,portfolio_spy_return,portfolio_safe_return,current_stress_score,external_regime,partition,scenario_id,reference_state_index,raw_risk_on,raw_mixed,raw_risk_off,raw_unsure,alr_risk_on_vs_unsure,calibrated_risk_on,elicited_risk_on,alr_mixed_vs_unsure,calibrated_mixed,elicited_mixed,alr_risk_off_vs_unsure,calibrated_risk_off,elicited_risk_off,js_reference_error,conformal_radius_js,conformal_covered,direct_choice_index,blind_no_evidence_risk_on,blind_no_evidence_mixed,blind_no_evidence_risk_off,blind_direct_spy_weight
2018-01-10,2018-01-10,2018-01-11,2018-01-18,0.0133333333333336,0.0402703281810363,0.07043954865758,0.0135072502151889,0.0425691322708077,0.0995807176581546,0.0047574425142362,0.0268896419625752,0.1012659273579951,-0.0037620924399857,0.0048789302493674,0.0281344029814811,-0.0036995515695067,-0.0024694129531933,0.0466654057865558,-0.018214936247723,-0.0187114392636796,0.1146277858271836,-0.0004320898746938,-0.0005760368663593,0.0062762301434884,0.0,0.0,0.0,1.0,0.0073483432025608,-0.0181354023973203,0.0186196623634555,0.0,0.0186196623634555,0.0031825043861443,0.0896588049273524,0.0073651108904335,0.0,-0.6715433052362552,Risk-on,calibration,daily-2018-01-10,0,0.999999999997,1.0000228884425302e-12,1.0000228884425302e-12,1.0000228884425302e-12,27.630998227744954,0.6308426961449894,0.9090909090909092,0.0,0.3453985594919225,0.08080808080808081,0.0,0.02375874436308812,0.010101010101010102,0.1490129314630742,0.30997418175226943,False,0,0.0,0.0,0.0,
2018-01-29,2018-01-29,2018-01-30,2018-02-05,0.0069806627617745,0.0626587637595259,0.0771436248835862,0.0114080423547207,0.0849165032790211,0.1109367982488847,-0.0045980214574334,0.0322207773443143,0.1161473948967224,-0.0019738022609007,0.0036088054853842,0.0339186781313772,0.0047597461468722,-0.0096067917783735,0.0450109840204979,-0.0036258158085569,-0.0310296191819463,0.090074341588874,-0.0008656759486366,-0.0027361751152072,0.0052239935091397,0.0,0.0,0.0,1.0,0.0132155972637577,-0.028293444066739,-0.0721513944223108,0.0,-0.0721513944223108,0.0721513944223108,0.277263224775752,-0.0105976095617528,0.0,-0.9318578642504322,Risk-on,calibration,daily-2018-01-29,0,0.999999999997,1.0000228884425302e-12,1.0000228884425302e-12,1.0000228884425302e-12,27.630998227744954,0.6308426961449894,0.888888888888889,0.0,0.3453985594919225,0.10101010101010102,0.0,0.02375874436308812,0.010101010101010102,0.1490129314630742,0.30997418175226943,False,0,0.0,0.0,0.0,
2018-02-09,2018-02-09,2018-02-12,2018-02-16,-0.0499711863011441,-0.0520003285960735,0.246197254318603,-0.0516897328612809,-0.0439974042829331,0.2731221558442414,-0.0457794786627193,-0.0679878693843006,0.2110732102240972,-0.0147085527510442,-0.0275985663082437,0.0532153310733589,-0.0117445838084379,-0.0271635424851274,0.0448618166789478,-0.0137365562772866,-0.0492711968794908,0.1046434141881546,0.0012998266897747,-0.0005766181346403,0.0093626393794867,0.0,0.0,0.0,0.0,-0.0004350238231163,-0.0486945787448505,0.043630849220104,0.0,0.043630849220104,0.0,0.0997632889618155,0.0136915077989603,0.0,1.607806724764448,Risk-off,calibration,daily-2018-02-09,2,9.999961853070103e-13,9.999961853070103e-13,0.999999999997,9.999961853070103e-13,0.0,8.650032226037982e-06,0.020408163265306124,0.0,2.489957451778239e-06,0.1836734693877551,27.63102111592555,0.9999888600103222,0.7959183673469388,3.860826073602361e-06,0.30997418175226943,False,2,0.0,0.0,0.0,
2018-02-12,2018-02-12,2018-02-13,2018-02-20,0.0045944437287994,-0.0454118895099762,0.2508898597314528,0.0047580753250235,-0.0342051017778922,0.280246975217621,0.0015768133353355,-0.0630750860434081,0.2143842429277229,-0.0023739956172387,-0.0192100538599641,0.0606219121922384,-0.0123076923076922,-0.0272727272727272,0.0448142987618661,-0.0186708860759493,-0.0466284074605451,0.106555395786798,-0.0010092272202998,-0.0010092272202998,0.0095574542776671,0.0,0.0,0.0,0.0,0.0080626734127631,-0.0456191802402453,0.0230808685245342,0.0,0.0230808685245342,0.0062689417528126,0.1311919176561452,0.0027355103436481,0.0,1.42294201682063,Risk-off,calibration,daily-2018-02-12,2,1.001110693264706e-12,1.001110693264706e-12,0.9999999999969967,1.001110693264706e-12,0.0,8.652546170280424e-06,0.030927835051546393,0.0,2.490799436090168e-06,0.2268041237113402,27.62991103902425,0.9999888566543937,0.7422680412371134,3.861989158732546e-06,0.30997418175226943,False,2,0.0,0.0,0.0,
2018-03-05,2018-03-05,2018-03-06,2018-03-12,-0.0208112299028807,-0.0122664032271336,0.2653507009095507,-0.0150488153721783,0.0195687158030253,0.3004227292971065,-0.008529243119266,-0.0011553180735071,0.2337325671912957,-0.0050660394427356,-0.0014526965680042,0.0751278792364148,-0.0069148323153163,-0.0174458380843786,0.0483392461073504,0.0008620689655172,-0.010967948035353,0.1078390358889982,0.0002888920988011,0.0001444251877529,0.0116992075882273,0.0,0.0,0.0,0.3333333333333333,0.0159931415163743,-0.0111123732231059,0.0235872645440908,0.0,0.0235872645440908,0.0007729547211259,0.116190160980183,0.00258376396066,0.0,0.8591975283258287,Risk-off,calibration,daily-2018-03-05,2,1.0000138302758796e-12,0.499999999999,0.499999999999,1.0000138302758796e-12,0.0,0.00017033600259077475,0.052631578947368425,26.93786010518636,0.000281539546854243,0.2631578947368421,26.93786010518636,0.999548124450555,0.6842105263157895,0.00015663364172670415,0.30997418175226943,False,1,0.0,0.0,0.0,
2018-03-08,2018-03-08,2018-03-09,2018-03-15,0.0235513385293122,0.0237681650637633,0.2065817369519174,0.0326612123945115,0.0601851851851853,0.2380189700461128,0.0434267081665926,0.0437361008154189,0.1865592447315119,0.0032840722495894,0.00182182546912,0.0683891221107594,-0.0010408234069619,-0.0108782777968624,0.0486214855985189,-0.0052188731494301,0.0009645268459972,0.0962326968319083,-0.000433025404157,-0.0001443834825296,0.009244122366619,0.0,0.0,0.0,1.0,0.0127001032659824,0.0011089103285268,0.0036417811620594,0.0,0.0036417811620594,0.0133843212237092,0.1520728047977149,0.01725707664294,0.0,-0.0517815478589365,Mixed,calibration,daily-2018-03-08,1,1.0000076294206353e-12,0.9999999999970001,1.0000076294206353e-12,1.0000076294206353e-12,0.0,0.089283503295597,0.28571428571428575,27.631013486534016,0.48853342639796554,0.5102040816326531,0.0,0.42218307030643737,0.20408163265306123,0.2221044934232486,0.30997418175226943,False,1,0.0,0.0,0.0,
2018-03-22,2018-03-22,2018-03-23,2018-03-29,-0.0329675026542907,-0.0159251373939177,0.1718831176009644,-0.0493575488015815,-0.0105445894682698,0.1996711210994888,-0.0201019252548131,0.0116185604676652,0.1682107700930542,-0.0056466302367941,-0.0040138660828316,0.0493009296140318,-0.0046253469010176,-0.0020867145838164,0.0377822658942505,0.0001056859015007,0.0291462751495377,0.0857763745175422,0.0002887252778982,0.0014452955629427,0.0077859115341419,0.0,0.0,0.0,0.3333333333333333,-0.0019271514990151,0.027700979586595,-0.0010708013877582,0.0,-0.0010708013877582,0.021587355977213,0.3276890878987086,-0.021587355977213,0.0,0.8096047135622695,Risk-off,calibration,daily-2018-03-22,2,1.0000021479002782e-12,0.37754066879739034,0.6224593312006097,1.0000021479002782e-12,0.0,0.0001562217251916381,0.052631578947368425,26.65694198384847,0.00025125860872142556,0.2631578947368421,27.15694198384847,0.999592519666087,0.6842105263157895,0.0001412426621386844,0.30997418175226943,False,2,0.0,0.0,0.0,
2018-04-03,2018-04-03,2018-04-04,2018-04-10,-0.0166567265911219,-0.0337023052837109,0.2163035639086573,-0.0434362934362934,-0.0614937811730537,0.2849826772432822,-0.0203108059269967,-0.0201691607026677,0.2088472507451058,0.0009122422915526,-0.0023640661938534,0.0497335840783468,0.0075484844965743,0.0068469304862481,0.0400677199771477,0.012420382165605,0.0268087855297158,0.0849367674506533,0.0010105384726433,0.0012996389891697,0.0067925996588318,0.0,0.0,0.0,0.0,-0.0092109966801016,0.0255091465405461,0.0167222631373737,0.0,0.0167222631373737,0.0221579551737336,0.2383743502640007,0.0116969198111163,0.0,1.484975440113288,Risk-off,calibration,daily-2018-04-03,2,1.0000076294206353e-12,1.0000076294206353e-12,0.9999999999970001,1.0000076294206353e-12,0.0,8.65004950150557e-06,0.020408163265306124,0.0,2.489963237638278e-06,0.1836734693877551,27.631013486534016,0.999988859987261,0.7959183673469388,3.860834066111538e-06,0.30997418175226943,False,2,0.0,0.0,0.0,
2018-04-06,2018-04-06,2018-04-09,2018-04-13,-0.0141497298687935,-0.0442034273336551,0.2342201578048086,-0.0218669485366981,-0.0763568309419838,0.3019249525190913,-0.0099248339779611,-0.0364346590909092,0.2207817619233581,-0.0003641660597233,-0.0016366612111293,0.0499759379463125,0.0001148897058822,0.0077564250984023,0.040685345202685,-0.0043786488740616,0.0224839400428265,0.0963355866577592,0.0002883506343713,0.0018772563176894,0.0076265610566228,0.0,0.0,0.0,0.0,-0.0093930863095317,0.020606683725137,0.0208333333333334,0.0,0.0208333333333334,0.0051983467552941,0.1383295178492877,0.0043493389004871,0.0,1.651036484101363,Risk-off,calibration,daily-2018-04-06,2,9.99942781175075e-13,9.99942781175075e-13,0.9999999999970002,9.99942781175075e-13,0.0,8.650032226037982e-06,0.020408163265306124,0.0,2.489957451778239e-06,0.1836734693877551,27.63102111592555,0.9999888600103222,0.7959183673469388,3.860826073602361e-06,0.30997418175226943,False,2,0.0,0.0,0.0,
2018-04-19,2018-04-19,2018-04-20,2018-04-26,0.0111719977910877,-0.0056393333054844,0.2373959142822569,0.0166307963216589,-0.012042083914311,0.313683475617092,0.0105263157894737,-0.0025445292620863,0.2284105396940852,-0.0016207455429497,0.009468317552804,0.0494118588538975,-0.008396595353117,0.0032584661934131,0.04195716722477,-0.0108284272497897,0.004162219850587,0.0975938728481982,-0.0011545677586954,-0.0007219174126481,0.0078245459069759,0.0,0.0,0.0,0.0,0.0062098513593908,0.0048841372632352,-0.0097882708788441,0.0,-0.0097882708788441,0.0216770290707445,0.1435205041069721,-0.0082339102671821,0.0,1.0698354909217065,Risk-off,calibration,daily-2018-04-19,2,9.999394141756687e-13,0.9525741268205281,0.047425873177471926,9.999394141756687e-13,0.0,0.00033724654634453827,0.08421052631578949,27.582433764352807,0.0006424140286333163,0.4421052631578947,24.582433764352807,0.9990203394250221,0.4736842105263158,0.000339644488112213,0.30997418175226943,False,1,0.0,0.0,0.0,
2018-04-30,2018-04-30,2018-05-01,2018-05-07,-0.007627118644068,0.0272380367559976,0.1544378797681823,-0.005881199764752,0.0348979591836733,0.2160066568357211,-0.0130565068493149,0.0341656698564594,0.145534493864928,0.000543970988214,0.0087751371115172,0.0362799906723796,-0.001747640685075,-0.01505920220715,0.0370934730274815,0.0051369863013699,-0.0227863905941109,0.0934328511855807,0.0001445504481063,-0.0027385413663879,0.0063699599994201,0.0,0.0,0.0,1.0,0.0238343393186672,-0.0200478492277229,0.009009393680615,0.0,0.009009393680615,0.0089521698354506,0.1155289950641227,0.0016225448334756,0.0,-0.4988860284242788,Risk-on,calibration,daily-2018-04-30,0,0.9999999999969797,1.00676333883716e-12,1.00676333883716e-12,1.00676333883716e-12,27.624280545860188,0.6307860153062836,0.5789473684210527,0.0,0.3454128373337039,0.3157894736842105,0.0,0.023801147360012407,0.10526315789473684,0.14903984984977478,0.30997418175226943,False,0,0.0,0.0,0.0,
2018-05-07,2018-05-07,2018-05-08,2018-05-14,0.009009393680615,0.0233414169409316,0.1255474286031056,0.0329323604811673,0.0539235412474847,0.1977854611088406,0.0244343237186437,0.0432126030624264,0.1175440630805095,0.0018122508155129,0.0030847396116857,0.0307715587898003,-0.0030345471521943,-0.019288174512055,0.0347152050422797,-0.0003194207836456,-0.0185030315701442,0.0783480449742552,0.0002890591125883,-0.0023064725385615,0.0060242910574707,0.0,0.0,0.0,1.0,0.0223729141237407,-0.0161965590315826,0.022597435571918,0.0,0.022597435571918,8.46345901570622e-05,0.0742125798124927,-8.46345901570622e-05,0.0,-0.5635163440028093,Risk-on,calibration,daily-2018-05-07,0,0.9999999999969998,9.999809266925695e-13,9.999809266925695e-13,9.999809266925695e-13,27.63102111592555,0.6308428891864355,0.7959183673469388,0.0,0.34539851079813355,0.17346938775510204,0.0,0.023758600015430953,0.03061224489795918,0.14901283978812405,0.30997418175226943,False,0,0.0,0.0,0.0,
2018-05-09,2018-05-09,2018-05-10,2018-05-16,0.023949525730718,0.021844348310275,0.1146780717753004,0.0374607740585772,0.0473896112467824,0.185038682503079,0.0262988176280902,0.0325883201153569,0.102340303580543,0.0016304347826086,-0.0007229351165732,0.0289763675217693,-0.0001171234481142,-0.020761642578573,0.0340629374832812,-0.0025673940949936,-0.0269254852849092,0.0784128414908849,0.0,-0.0021632535333141,0.0060832088098853,0.0,0.0,0.0,1.0,0.0200387074619997,-0.024762231751595,0.0099341912227017,0.0,0.0099341912227017,0.0070349679288227,0.0944709072168458,0.0093892777801065,0.0,-0.5560022655942374,Risk-on,calibration,daily-2018-05-09,0,0.9999999999969998,9.999732974726594e-13,9.999732974726594e-13,9.999732974726594e-13,27.63102111592555,0.6308428891864355,0.8080808080808081,0.0,0.34539851079813355,0.1717171717171717,0.0,0.023758600015430953,0.0202020202020202,0.14901283978812405,0.30997418175226943,False,0,0.0,0.0,0.0,
2018-05-21,2018-05-21,2018-05-22,2018-05-29,0.0014897579143389,0.0254661016949147,0.1061503199580248,-0.0079770659354356,0.0401881983924721,0.159745441067483,0.0231732776617954,0.049015410958904,0.0881059961861703,-0.0027051397655546,0.0027198549410698,0.0288595851512205,-0.0060606060606059,-0.0064080158452755,0.0452765535860635,-0.0112023898431664,-0.0081335616438354,0.0886005627827133,0.0001445295562942,0.0002891008962127,0.0055152340337274,0.0,0.0,0.0,1.0,0.0091278707863453,-0.0084226625400481,-0.0154952274699394,0.0,-0.0154952274699394,0.0155359061234611,0.0818999277513049,-0.0028511218544687,0.0,-0.4290784299338959,Risk-on,calibration,daily-2018-05-21,0,0.9999999999970001,1.0000038147015416e-12,1.0000038147015416e-12,1.0000038147015416e-12,27.63101730123128,0.6308428570129196,0.8080808080808081,0.0,0.3453985189137818,0.1717171717171717,0.0,0.023758624073298724,0.0202020202020202,0.1490128550672533,0.30997418175226943,False,0,0.0,0.0,0.0,
2018-05-25,2018-05-25,2018-05-29,2018-06-04,0.0032052616242763,0.0211431718994952,0.089645553198388,0.0135194895445069,0.0470565200365487,0.1196606857016328,-0.0008215239268843,0.0456369107321963,0.0892416227500737,0.0018109380659181,0.0018109380659181,0.0259897507166645,0.0096221544238441,0.0033819241982508,0.0459778360716155,0.0206196696534601,0.0084266666666668,0.0873304817885524,0.0023121387283235,0.0020225368390638,0.0071018299598765,0.0,0.0,0.0,1.0,-0.0015709861323327,0.0064041298276029,0.0098340248962658,0.0,0.0098340248962658,0.011369294605809,0.1676784247596488,-0.011369294605809,0.0,-0.2741427033852466,Mixed,calibration,daily-2018-05-25,1,0.9999999999969956,1.0014926595367762e-12,1.0014926595367762e-12,1.0014926595367762e-12,27.629529569297688,0.6308303081969358,0.7575757575757576,0.0,0.34540168334379334,0.20202020202020204,0.0,0.0237680084592709,0.04040404040404041,0.3099726537975868,0.30997418175226943,False,0,0.0,0.0,0.0,
2018-05-29,2018-05-29,2018-05-30,2018-06-05,-0.0154952274699394,0.0173356105892394,0.095214399806027,0.0033923859781379,0.0498915401301518,0.1172022615240608,-0.0085016663265999,0.0538567194390224,0.0800835685152725,-0.0037974683544302,-0.0016310257339615,0.0299718444601986,0.0143058161350844,0.0095704948646124,0.049303082365739,0.0424039706517047,0.0286413969335603,0.1159433850134443,0.0052023121387283,0.0053475935828877,0.0119175993487243,0.0,0.0,0.0,1.0,-0.011201520598574,0.0232938033506726,0.0225384034248301,0.0,0.0225384034248301,0.0065056147184354,0.1222916442524498,0.0128850835222027,0.0,-0.0486334522901256,Mixed,calibration,daily-2018-05-29,1,1.00004959229111e-12,0.999999999997,1.00004959229111e-12,1.00004959229111e-12,0.0,0.08928345567317429,0.4545454545454546,27.630971524864094,0.48853185832828905,0.4545454545454546,0.0,0.4221846859985367,0.09090909090909091,0.22210536694768146,0.30997418175226943,False,1,0.0,0.0,0.0,
2018-05-31,2018-05-31,2018-06-01,2018-06-07,-0.0093380712337826,0.0290570410747237,0.1040594278299557,0.0027445109780439,0.0509937238493722,0.1102980937587435,0.0043781639075111,0.0520960229308489,0.1008855446535904,-0.0030697002527988,0.0001811594202898,0.0320690099818371,0.006779661016949,0.0087842586085733,0.0504215476801931,0.0277867181632871,0.0248181429182712,0.1184206904141797,0.0025989026855326,0.0036132389073566,0.0131134829048005,0.0,0.0,0.0,1.0,-0.0086030991882835,0.0212049040109145,0.0241908575241909,0.0,0.0241908575241909,0.0002442797817768,0.0716400360383662,0.0103436770103439,0.0,-0.1538895257179946,Mixed,calibration,daily-2018-05-31,1,1.0000076294206353e-12,0.9999999999970001,1.0000076294206353e-12,1.0000076294206353e-12,0.0,0.089283503295597,0.5612244897959184,27.631013486534016,0.48853342639796554,0.35714285714285715,0.0,0.42218307030643737,0.0816326530612245,0.2221044934232486,0.30997418175226943,False,1,0.0,0.0,0.0,
2018-06-05,2018-06-05,2018-06-06,2018-06-12,0.0225384034248301,0.0309762599974605,0.1004667660491156,0.034748309541698,0.051737304314624,0.1043917173921172,0.0257236932363835,0.0551831204572719,0.0900748787941513,0.0076238881829733,0.0041606367583211,0.0337502775050162,-0.0077456647398843,0.0047998126902364,0.0515879802449879,-0.0184245937273573,0.0100117158376824,0.1231403327803495,-0.0027314548591144,0.002311804652507,0.0137424941381472,0.0,0.0,0.0,1.0,-0.0006391759319153,0.0076999111851754,0.013750359151172,0.0,0.013750359151172,0.0002442797817768,0.0516996106746418,0.0081681237942783,0.0,-0.3259167440295908,Mixed,calibration,daily-2018-06-05,1,0.9999999999969998,1.0000572220931057e-12,1.0000572220931057e-12,1.0000572220931057e-12,27.630963895469563,0.6308424065817774,0.7575757575757576,0.0,0.3453986325320179,0.20202020202020204,0.0,0.023758960886204588,0.04040404040404041,0.3099747279577786,0.30997418175226943,False,0,0.0,0.0,0.0,
2018-06-06,2018-06-06,2018-06-07,2018-06-13,0.0177764886255336,0.0394853781370347,0.1029314180530125,0.0333188288680299,0.0589247037839215,0.1041126847766853,0.0172227475347832,0.0575059682628846,0.0911617714753228,0.007057546145494,0.0081521739130434,0.0341047477800081,-0.0075441039925718,0.0014053167818246,0.0534638282954874,-0.0197999166319299,0.002771855010661,0.1268536299066011,-0.0018713113574203,0.0017336030049119,0.0138784576759715,0.0,0.0,0.0,1.0,0.0067468571312188,0.001038252005749,0.002076378145102,0.0,0.002076378145102,0.0034415742165357,0.0390461802704002,-0.0002442797817768,0.0,-0.5164404430456316,Risk-on,calibration,daily-2018-06-06,0,0.9999999999969997,9.999885559706862e-13,9.999885559706862e-13,9.999885559706862e-13,27.63102111592555,0.6308428891864355,0.8787878787878788,0.0,0.34539851079813355,0.11111111111111112,0.0,0.023758600015430953,0.010101010101010102,0.14901283978812405,0.30997418175226943,False,0,0.0,0.0,0.0,
2018-06-07,2018-06-07,2018-06-08,2018-06-14,0.0241908575241909,0.0292995766441712,0.0990442048706045,0.0256282657377457,0.0390068687377906,0.1065687544767284,0.0203650728783544,0.0460131266582879,0.0948847756279086,0.0083318239449374,0.0068728522336769,0.0337976613857252,-0.0038314176245211,0.0050368982078012,0.0547194044245263,-0.0086638830897702,0.0185542685542685,0.1289505754085091,-0.0004320276497695,0.0031796502384737,0.0141041682195608,0.0,0.0,0.0,1.0,0.0018359540258756,0.0153746183157947,0.004723896400065,0.0,0.004723896400065,0.0034415742165357,0.0406944737939952,0.0030949666069393,0.0,-0.3619007109275421,Mixed,calibration,daily-2018-06-07,1,0.9999999999969955,1.0015194026330025e-12,1.0015194026330025e-12,1.0015194026330025e-12,27.62950286641683,0.630830082941093,0.8163265306122449,0.0,0.3454017401289461,0.1530612244897959,0.0,0.023768176929960746,0.03061224489795918,0.3099726151910708,0.30997418175226943,False,0,0.0,0.0,0.0,
2018-06-19,2018-06-19,2018-06-20,2018-06-26,-0.0074961115446247,0.0128862872224644,0.0892996497234142,0.0030684074363755,0.0473677597688151,0.0916277223866439,0.0068805822031094,0.0350948785962048,0.0894872474216396,0.0010754615522494,0.0099457504520796,0.02792675525582,0.0016358962374387,0.0051594746716696,0.0433633986390597,0.0136450179818066,0.0339879154078548,0.1145182202971757,0.0008653014133257,0.0028901734104047,0.0143949178575381,0.0,0.0,0.0,1.0,0.00478627578041,0.03109774199745,-0.014145721431793,0.0,-0.014145721431793,0.017883450646587,0.1099180874786595,0.0019270982820123,0.0,-0.3198821403376353,Mixed,calibration,daily-2018-06-19,1,0.8519528019666066,0.14804719803139335,9.999931347397286e-13,9.999931347397286e-13,27.47079696548846,0.26071870026375393,0.6734693877551021,25.72079696548846,0.7385721775476303,0.24489795918367346,0.0,0.0007091221886157389,0.0816326530612245,0.1004690309975697,0.30997418175226943,False,0,0.0,0.0,0.0,
2018-06-25,2018-06-25,2018-06-26,2018-07-02,-0.0199289418875322,0.0008664065591499,0.1038058923880962,-0.0290669856459329,0.0119055039581126,0.1312538779246903,-0.020901800972788,0.0206235011990409,0.1165426396559756,-0.0046486679778293,0.0063268257411424,0.0302434690550494,-0.0056022408963586,-0.0097629009762901,0.0427260116649256,0.0044085231447466,0.0121641633171143,0.1146284851637258,0.0008648025367541,0.0011534025374855,0.0139929494867862,0.0,0.0,0.0,1.0,0.0160897267174325,0.0110107607796288,0.0028334513938077,0.0,0.0028334513938077,0.0065712859757112,0.0653987704097993,0.0018750781282552,0.0,-0.3589827152889933,Mixed,calibration,daily-2018-06-25,1,1.0003166699994075e-12,0.9999999999969991,1.0003166699994075e-12,1.0003166699994075e-12,0.0,0.08928315259847203,0.4329896907216495,27.6307044960555,0.4885218796923258,0.4639175257731959,0.0,0.42219496770920206,0.10309278350515465,0.22211092578512606,0.30997418175226943,False,1,0.0,0.0,0.0,
2018-06-28,2018-06-28,2018-06-29,2018-07-06,-0.0121504180567569,0.0054139230752674,0.0843817526198177,-0.0257134274556923,0.0087708385170439,0.141380797382774,-0.0258944455425973,0.0069472823865959,0.1152393331772527,-0.0071697436816633,0.0032602789349756,0.0270191843117119,0.0057531994833861,-0.005456867525833,0.0400136718699977,0.0131950989632423,0.0099164926931105,0.0859038814813866,0.0011525716755509,0.0007200460829492,0.0082626401961851,0.0,0.0,0.0,1.0,0.0087171464608086,0.0091964466101612,0.0164276184122749,0.0,0.0164276184122749,0.0035318070386834,0.0795005231916935,0.0016260840560373,0.0,-0.3485847746985447,Mixed,calibration,daily-2018-06-28,1,0.07585818002109183,0.9241418199769081,9.999638735357612e-13,9.999638735357612e-13,25.052131381634,0.23029659083203033,0.7272727272727273,27.552131381634,0.7686870156814345,0.22222222222222224,0.0,0.001016393486535114,0.05050505050505051,0.08775159161212577,0.30997418175226943,False,1,0.0,0.0,0.0,
2018-07-24,2018-07-24,2018-07-25,2018-07-31,0.0039875941515283,0.0386266094420602,0.0748086339069286,0.0001171165895648,0.0520512504619932,0.1276823178251514,-0.003493967960973,0.0147690655209451,0.1092594928524348,0.0021489971346704,0.0052092689060534,0.0279475688934201,-0.0024246622791824,0.0140845070422535,0.0344720992857382,-0.0188951987609705,-0.0070017765701745,0.0894891671524693,-0.0001439884809215,0.0,0.0054989813130232,0.0,0.0,0.0,1.0,-0.0088752381362,-0.0070017765701745,-0.001243681296638,0.0,-0.001243681296638,0.014946732389887,0.1088704410318949,0.009227312846024,0.0,-0.3523472257614303,Mixed,calibration,daily-2018-07-24,1,1.008643094735133e-12,0.9999999999969741,1.008643094735133e-12,1.008643094735133e-12,0.0,0.08927372459146522,0.7272727272727273,27.622415158897297,0.4882121051272336,0.22222222222222224,0.0,0.42251417028130106,0.05050505050505051,0.22228352716649444,0.30997418175226943,False,1,0.0,0.0,0.0,
2018-07-26,2018-07-26,2018-07-27,2018-08-02,0.0119018800936012,0.0500293058695471,0.0747738814044228,0.0057196768677398,0.0608284612513994,0.1365103405634425,-0.0042439279185165,0.0337558462685554,0.0911921561595834,0.004118911174785,0.0093609360936093,0.0270514984258579,-0.0014989046466045,0.0096770432552173,0.0315738291784402,-0.0245183887915936,-0.0210896309314587,0.0814058234611047,-0.0008635578583765,-0.0010073391854942,0.0048775158981593,0.0,0.0,0.0,1.0,-0.000316107161608,-0.0200822917459645,-0.0031896654838323,0.0,-0.0031896654838323,0.0120011163829193,0.0877377742398874,-0.0064590726047605,0.0,-0.5981474353235591,Risk-on,calibration,daily-2018-07-26,0,0.9999999999970001,1.0000152589024783e-12,1.0000152589024783e-12,1.0000152589024783e-12,27.631005857139485,0.630842760492206,0.787878787878788,0.0,0.3453985432606928,0.18181818181818182,0.0,0.023758696247101127,0.030303030303030304,0.1490129009047233,0.30997418175226943,False,0,0.0,0.0,0.0,
2018-08-01,2018-08-01,2018-08-02,2018-08-08,-0.0114485609794878,0.0369443749478777,0.0842663163980291,-0.0311814297262963,0.0369592088998762,0.1505837543293319,-0.0103500560353352,0.0048865385902672,0.121746972177748,0.0032108455226542,0.0166305133767172,0.0221135536471888,0.0004623742919893,0.0060444031151922,0.0343394088792344,-0.0064298513755665,-0.0268428659921535,0.086024997165811,0.0001440507058485,-0.0008634335875663,0.0045162193993365,0.0,0.0,0.0,1.0,0.010586110261525,-0.0259794324045872,0.0162055653852335,0.0,0.0162055653852335,0.0004746272198712,0.0352077036609165,0.0053482387003378,0.0,-0.6426402447974708,Risk-on,calibration,daily-2018-08-01,0,0.999999999997,1.00004959229111e-12,1.00004959229111e-12,1.00004959229111e-12,27.630971524864094,0.630842470929262,0.7272727272727273,0.0,0.34539861630094765,0.24242424242424243,0.0,0.02375891276979032,0.030303030303030304,0.14901303841754152,0.30997418175226943,False,0,0.0,0.0,0.0,
2018-08-07,2018-08-07,2018-08-08,2018-08-14,0.0155854589274953,0.0242667314859827,0.0740016685196426,0.0303320370924318,0.0253021372864201,0.1416766404359422,0.0105123087159013,-0.0047182175622542,0.112520419591009,0.00462715785727,0.0123744619799139,0.0178639478146908,-0.0013815335021875,0.0040513948373652,0.0361193622136536,-0.0064183501683501,-0.0246849824416441,0.0859187597686765,0.0007201497911564,0.0005760368663594,0.004952403785337,0.0,0.0,0.0,0.6666666666666666,0.0083230671425487,-0.0252610193080036,-0.0061701538583238,0.0,-0.0061701538583238,0.0122612031800024,0.0764554846869779,-0.0004746272198712,0.0,-0.3304567138755294,Mixed,calibration,daily-2018-08-07,1,0.9999999999969997,9.999885559706862e-13,9.999885559706862e-13,9.999885559706862e-13,27.63102111592555,0.6308428891864355,0.7959183673469388,0.0,0.34539851079813355,0.17346938775510204,0.0,0.023758600015430953,0.03061224489795918,0.3099748107213935,0.30997418175226943,False,0,0.0,0.0,0.0,
2018-08-08,2018-08-08,2018-08-09,2018-08-15,0.0162055653852335,0.0307962147169191,0.0680813943516148,0.0276552628442006,0.0317137386309238,0.1396863448017714,0.0109245936584065,0.0025102391333069,0.1087546749494316,0.0032005689900427,0.0132902298850574,0.016741308062983,0.000577700751011,0.0004621072088724,0.0360379802575886,0.0027583280288563,-0.0275720164609054,0.0841817335354047,0.0007201497911564,0.0001439470274939,0.0047177852121764,0.0,0.0,0.0,1.0,0.012828122676185,-0.0277159634883994,-0.012939733291124,0.0,-0.012939733291124,0.012939733291124,0.0868075897224675,-0.0012267025444183,0.0,-0.7002449305584332,Risk-on,calibration,daily-2018-08-08,0,0.999999999997,1.000019073665228e-12,1.000019073665228e-12,1.000019073665228e-12,27.63100204244222,0.6308427283186052,0.8585858585858586,0.0,0.34539855137631204,0.12121212121212122,0.0,0.023758720305082758,0.020202020202020204,0.1490129161838949,0.30997418175226943,False,0,0.0,0.0,0.0,
2018-08-10,2018-08-10,2018-08-13,2018-08-17,-0.0016328156113103,0.0128888888888887,0.0691687523533409,0.0024034234128611,0.005054660867521,0.1303992298668387,0.006768863229146,0.0005935892362485,0.1081770614841793,-0.0007102272727272,0.0075187969924812,0.0163885885686514,-0.0013804210284137,0.0,0.0357237950899054,0.0120164435543375,-0.014574566355332,0.0949850754575893,0.0015831894070235,0.0015831894070235,0.0059982955515362,0.0,0.0,0.0,1.0,0.0075187969924812,-0.0161577557623555,0.0065818341377799,0.0,0.0065818341377799,0.0072830023480717,0.1053715983060106,-0.0038294307710718,0.0,-0.453738175575821,Risk-on,calibration,daily-2018-08-10,0,0.9999999999969997,1.0001106323370085e-12,1.0001106323370085e-12,1.0001106323370085e-12,27.630910489707844,0.6308419561477184,0.7878787878787878,0.0,0.34539874614851834,0.1717171717171717,0.0,0.023759297703763334,0.0404040404040404,0.14901328288628823,0.30997418175226943,False,0,0.0,0.0,0.0,
2018-08-14,2018-08-14,2018-08-15,2018-08-21,-0.0061701538583238,0.0120836186409953,0.0728546445721586,-0.0019742190221809,0.0064999707208526,0.130206073758493,0.0031603897814065,0.0044169028940603,0.1138443933669667,-0.0019486271036315,0.0089541547277935,0.0171227222715983,0.0019598801014526,0.003463803255975,0.0354012671216215,0.0123901302552154,-0.0129065565307175,0.0943631561223271,0.0014392630972941,0.0018718502519796,0.0058497379669631,0.0,0.0,0.0,1.0,0.0054903514718185,-0.0147784067826972,0.0086361284673857,0.0,0.0086361284673857,0.0072830023480717,0.0894049291760843,-0.0072830023480717,0.0,-0.3955416253800381,Mixed,calibration,daily-2018-08-14,1,0.999999999997,1.00004959229111e-12,1.00004959229111e-12,1.00004959229111e-12,27.630971524864094,0.630842470929262,0.7142857142857143,0.0,0.34539861630094765,0.25510204081632654,0.0,0.02375891276979032,0.030612244897959183,0.30997473899284855,0.30997418175226943,False,0,0.0,0.0,0.0,
2018-08-15,2018-08-15,2018-08-16,2018-08-22,-0.012939733291124,0.0024514728931395,0.0777046971398366,-0.0153114487878435,-0.0038723304388641,0.1375170300103332,-0.0089615181866103,-0.0113718530204429,0.1223987838613495,-0.0031903580290677,0.0068027210884353,0.0188549725569503,0.0056581986143187,0.0056581986143187,0.0360087286425442,0.0173508252221752,-0.00311009744972,0.0961534401676254,0.0018710420264824,0.0024481566820275,0.0058960207671845,0.0,0.0,0.0,0.3333333333333333,0.0011445224741166,-0.0055582541317475,0.0158354714560615,0.0,0.0158354714560615,0.0001972853535353,0.0497325190699194,0.0082584990378447,0.0,0.2035079580436635,Risk-off,calibration,daily-2018-08-15,2,0.9999999999969964,1.0012252678473164e-12,1.0012252678473164e-12,1.0012252678473164e-12,27.62979659810628,0.6308325607152411,0.7070707070707071,0.0,0.34540111546838914,0.25252525252525254,0.0,0.023766323816369873,0.04040404040404041,0.636687001034792,0.30997418175226943,False,0,0.0,0.0,0.0,
2018-08-21,2018-08-21,2018-08-22,2018-08-28,0.0086361284673857,0.0167696381288613,0.0805278811032725,-0.0059925529439143,0.0003513086246267,0.1362288632714698,0.0146363875032815,0.022691188145012,0.1249022999474975,0.0026624068157614,0.0094710507505362,0.0183613826367478,0.0042572776435394,0.010185185185185,0.0311045021616929,0.0103556485355649,0.0165228372974111,0.0713571001926557,0.0008623167576891,0.0028801843317973,0.0057858565370152,0.0,0.0,0.0,1.0,-0.0007141344346488,0.0136426529656137,0.0124684343434346,0.0,0.0124684343434346,0.0016571969696969,0.0650642061790182,-0.0001972853535353,0.0,-0.291888841935759,Mixed,calibration,daily-2018-08-21,1,0.9999999999969879,1.0040785768274107e-12,1.0040785768274107e-12,1.0040785768274107e-12,27.626950833946125,0.6308085515513355,0.6326530612244898,0.0,0.3454071651632698,0.28571428571428575,0.0,0.023784283285394794,0.0816326530612245,0.3099689268895361,0.30997418175226943,False,0,0.0,0.0,0.0,
2018-08-22,2018-08-22,2018-08-23,2018-08-29,0.0158354714560615,0.0072746064557163,0.0742166200725034,0.0101896572034396,-0.0096431458597991,0.1269056181544678,0.030784574468085,0.0220185905465093,0.1247592002708654,0.0048008534850638,0.0080271138066356,0.017692689061764,0.0020668274199102,0.0087851115477979,0.031042103963244,0.0084234608985025,0.0221355539158847,0.0715726030420105,0.0007182876023559,0.0034572169403628,0.005572712644299,0.0,0.0,0.0,0.6666666666666666,-0.0007579977411622,0.0186783369755219,0.0183116934369944,0.0,0.0183116934369944,0.001460199692174,0.0629211254024627,-0.001460199692174,0.0,-0.0284778587562909,Mixed,calibration,daily-2018-08-22,1,0.9999999999969995,1.0002021993916193e-12,1.0002021993916193e-12,1.0002021993916193e-12,27.63081893697347,0.6308411839682593,0.6326530612244898,0.0,0.3453989409156232,0.30612244897959184,0.0,0.023759875116117723,0.061224489795918366,0.30997451829607775,0.30997418175226943,False,0,0.0,0.0,0.0,
2018-08-24,2018-08-24,2018-08-27,2018-08-31,0.0087580248870573,0.0215096914001364,0.0712805103983017,0.0145556990257074,0.0273386425769643,0.1066895095003028,0.0188889617629697,0.0379501570120932,0.1020281920841565,0.0039020929407591,0.0098126672613738,0.0182206057031202,0.0024063251976624,0.0088801752969669,0.0313798793725565,0.0108029500363562,0.0259356879283079,0.070722159204096,0.000574547543809,0.00331268903932,0.0056544187562438,0.0,0.0,0.0,1.0,0.0009324919644069,0.0226229988889878,0.009546258102534,0.0,0.009546258102534,0.004069294268108,0.0741491369025854,0.0076998625024553,0.0,-0.3994539820983945,Mixed,calibration,daily-2018-08-24,1,0.9999999999969994,1.0002212769165315e-12,1.0002212769165315e-12,1.0002212769165315e-12,27.63079986348714,0.6308410230964594,0.7346938775510204,0.0,0.34539898149146125,0.22448979591836735,0.0,0.023759995412079345,0.04081632653061225,0.30997449070966665,0.30997418175226943,False,0,0.0,0.0,0.0,
2018-08-27,2018-08-27,2018-08-28,2018-09-04,0.0141942116084139,0.0351493139628733,0.0704222875449268,0.0257886389003114,0.0526886906197252,0.0939512786452905,0.0181865759518511,0.0466711499663752,0.0971367735779697,0.0039007092198581,0.0098091671125377,0.018220943431475,-0.0018285714285714,0.0086615082573044,0.0315560136704057,-0.0016510164069755,0.0235928903935676,0.0731764247276157,-0.0004306632213608,0.0028805991646261,0.0060165848928819,0.0,0.0,0.0,1.0,0.0011476588552332,0.0207122912289414,0.0003508635140929,0.0,0.0003508635140929,0.0055419912413283,0.0552172865541708,0.0003508635140931,0.0,-0.5195922045145107,Risk-on,calibration,daily-2018-08-27,0,0.9999999999969996,1.000129708115401e-12,1.000129708115401e-12,1.000129708115401e-12,27.630891416221516,0.6308417952777047,0.7959183673469388,0.0,0.3453987867254191,0.17346938775510204,0.0,0.023759417996876194,0.03061224489795918,0.14901335928316892,0.30997418175226943,False,0,0.0,0.0,0.0,
2018-09-06,2018-09-06,2018-09-07,2018-09-13,-0.0112777584001859,0.0095366230066085,0.0728874983226968,-0.0263990955342001,-0.0011019603294281,0.1083626376885465,-0.0107533764321832,0.0183842909857672,0.0950754726383158,-0.0017680339462518,0.0007089684509038,0.0197397736016384,-0.000230096640589,0.0034642032332565,0.0284856659719138,-0.0049844236760124,0.0137537029200169,0.07015041943521,0.0011494252873565,0.0028785261945885,0.0063238407423235,0.0,0.0,0.0,0.6666666666666666,-0.0027552347823527,0.0108751767254284,0.0091329570398241,0.0,0.0091329570398241,0.002195045468799,0.0478966297908047,-0.002195045468799,0.0,-0.0174705493227047,Mixed,calibration,daily-2018-09-06,1,0.9999999999969845,1.0051861311521175e-12,1.0051861311521175e-12,1.0051861311521175e-12,27.62584838643636,0.6307992481865393,0.6868686868686869,0.0,0.3454095074860693,0.2626262626262626,0.0,0.023791244327391485,0.050505050505050504,0.30996733443146796,0.30997418175226943,False,0,0.0,0.0,0.0,
2018-09-17,2018-09-17,2018-09-18,2018-09-24,0.0045481278180745,0.0153364508203215,0.0566160106283184,-0.002091321017776,0.0082169268693508,0.11786625013626,-0.0074988687051522,0.0069521873155375,0.0755862284631967,0.0046009555830828,0.0069173465768002,0.0195290501325959,0.0,-0.0050418242236736,0.0351249093938854,-0.0084941275167785,-0.0178664173678196,0.0700351127939545,-0.0010056026432982,-0.0011490950876185,0.0068343405084872,0.0,0.0,0.0,1.0,0.0119591708004738,-0.0167173222802011,0.0155274283512472,0.0,0.0155274283512472,0.0032727552749115,0.0681029333123504,0.0052691151789547,0.0,-0.6058325848602617,Risk-on,calibration,daily-2018-09-17,0,0.999999999997,1.000019073665228e-12,1.000019073665228e-12,1.000019073665228e-12,27.63100204244222,0.6308427283186052,0.9090909090909092,0.0,0.34539855137631204,0.08080808080808081,0.0,0.023758720305082758,0.010101010101010102,0.1490129161838949,0.30997418175226943,False,0,0.0,0.0,0.0,
2018-09-20,2018-09-20,2018-09-21,2018-09-27,0.0093998834725188,0.0255732270413193,0.0632888122137468,0.0010297482837526,0.0202320564398577,0.1257193231076124,0.003234989648033,0.0001935109333677,0.0734900489285192,-0.0036997885835095,0.0007078393204742,0.0216137854976568,-0.0048281411656512,-0.0080210839922081,0.0372006986954371,-0.0165263157894736,-0.0365061359183251,0.0740764147630396,-0.0005748778384592,-0.0017226528854434,0.0065491536789181,0.0,0.0,0.0,1.0,0.0087289233126823,-0.0347834830328817,-0.0001675871165155,0.0,-0.0001675871165155,0.0076620976436162,0.0569756757698763,0.0045122984569208,0.0,-0.6049135709590443,Risk-on,calibration,daily-2018-09-20,0,0.9999999999969998,9.999771120753386e-13,9.999771120753386e-13,9.999771120753386e-13,27.63102111592555,0.6308428891864355,0.836734693877551,0.0,0.34539851079813355,0.1326530612244898,0.0,0.023758600015430953,0.030612244897959183,0.14901283978812405,0.30997418175226943,False,0,0.0,0.0,0.0,
2018-09-24,2018-09-24,2018-09-25,2018-10-01,0.0155274283512472,0.0221499996773637,0.0633225241043576,0.0158924205378971,0.009545296771954,0.1238674772349146,0.0014329447013612,-0.0102993241068554,0.0733410168081354,-0.0008807468733487,0.002120141342756,0.0243332680969321,-0.0050673730277553,-0.0124599908550526,0.0365580442178801,-0.0148069804336329,-0.0427499743089095,0.0717511629099105,-0.0002876042565431,-0.0020097616996841,0.0065368049960109,0.0,0.0,0.0,0.6666666666666666,0.0145801321978087,-0.0407402126092254,0.0021246185343994,0.0,0.0021246185343994,0.0044037547803916,0.046937072484152,-0.001313400548538,0.0,-0.4690309858145226,Risk-on,calibration,daily-2018-09-24,0,0.9999999999969997,9.999923706315724e-13,9.999923706315724e-13,9.999923706315724e-13,27.63102111592555,0.6308428891864355,0.8585858585858586,0.0,0.34539851079813355,0.12121212121212122,0.0,0.023758600015430953,0.020202020202020204,0.14901283978812405,0.30997418175226943,False,0,0.0,0.0,0.0,
2018-10-02,2018-10-02,2018-10-03,2018-10-09,0.0031330986732682,0.0158249254449207,0.0567033218570832,0.0086981402002861,0.0012496449872194,0.1141446719313434,-0.0294174946425093,-0.0419230769230768,0.0927274548238736,0.0056457304163726,0.0093855144324419,0.0250827945520856,0.003704132422734,0.0,0.0367648502731416,0.0038688876947876,-0.0242348271179358,0.080705978914156,0.0005752912411907,-0.0011486001435752,0.0060733999111612,0.0,0.0,0.0,0.6666666666666666,0.0093855144324419,-0.0230862269743606,-0.0141513071643402,0.0,-0.0141513071643402,0.0146452383705246,0.0586677078333838,0.0005012724608624,0.0,-0.3529686159112614,Mixed,calibration,daily-2018-10-02,1,0.37754066879739034,0.6224593312006096,9.99990703849384e-13,9.99990703849384e-13,26.656944131746442,0.24054363425388173,0.7474747474747475,27.156944131746442,0.758749268939441,0.22222222222222224,0.0,0.0007070968066773638,0.030303030303030304,0.09191047092479943,0.30997418175226943,False,1,0.0,0.0,0.0,
2018-10-05,2018-10-05,2018-10-08,2018-10-12,-0.0094810572346271,0.0106201421655025,0.0652869533329392,-0.0303442799614315,-0.0034973187223128,0.1282030431872486,-0.0377703718225185,-0.0466170281644544,0.1103897630619818,-0.0086146272855134,-0.0001773049645389,0.0343245862670837,-0.014293948126801,-0.0119020106309221,0.0425379860849191,-0.0339997861648669,-0.0490474686875066,0.0985481105244944,-0.0007187005893344,-0.0011494252873562,0.004528127828874,0.0,0.0,0.0,0.3333333333333333,0.0117247056663831,-0.0478980434001503,-0.0409829660884513,0.0,-0.0409829660884513,0.0530551648695108,0.2837416465558139,-3.9068604469671975e-05,0.0,-0.1039182518899881,Mixed,calibration,daily-2018-10-05,1,0.924141819976908,0.07585818002109182,1.0001317282382745e-12,1.0001317282382745e-12,27.551999662071125,0.2693180286556119,0.6326530612244898,25.051999662071125,0.729914320479356,0.28571428571428575,0.0,0.0007676508650319936,0.0816326530612245,0.10418970528466154,0.30997418175226943,False,0,0.0,0.0,0.0,
2018-10-22,2018-10-22,2018-10-23,2018-10-29,0.0019663266560159,-0.0551628230385904,0.1741484245353234,0.009913107330804,-0.054266231161538,0.2557750015107911,-0.0074994643239767,-0.0961951219512194,0.1907909874986953,-0.0017777777777777,-0.0100493653032439,0.0481388955746505,-0.0049042503503036,-0.0135432341706216,0.0442135243629199,-0.0075442816531816,-0.0255501878690285,0.1078401306918625,-0.0005747952291996,0.0004315304948216,0.0054042272539702,0.0,0.0,0.0,0.0,0.0034938688673776,-0.0259817183638502,-0.0412118238685145,0.0,-0.0412118238685145,0.0412118238685145,0.2848798793409771,-0.0054785559507748,0.0,1.258464193177341,Risk-off,calibration,daily-2018-10-22,2,1.0086353994283774e-12,1.0086353994283774e-12,0.9999999999969742,1.0086353994283774e-12,0.0,8.669523593251914e-06,0.051546391752577324,0.0,2.49648665650361e-06,0.30927835051546393,27.62242278829183,0.9999888339897502,0.6391752577319588,3.869844186702657e-06,0.30997418175226943,False,2,0.0,0.0,0.0,
2018-10-25,2018-10-25,2018-10-26,2018-11-01,-0.0230675345809601,-0.0710997640323388,0.2136809397045396,-0.0122908427137206,-0.0795009923447688,0.3255210916399184,-0.0387894288150041,-0.1132520644907589,0.241136692861157,-0.0028525583883045,-0.0160098522167488,0.0504283243265389,-0.0009363295880149,-0.0167031447989862,0.0421561511944774,0.002964101438138,-0.0257011837474672,0.1096385703414416,0.0010056026432985,0.0020132297958008,0.0080442395774072,0.0,0.0,0.0,0.0,0.0006932925822373,-0.027714413543268,0.0124515887227751,0.0,0.0124515887227751,0.0234039895056842,0.2211200101128535,-0.0177403906217464,0.0,1.6075572716660302,Risk-off,calibration,daily-2018-10-25,2,1.0000572220931057e-12,1.0000572220931057e-12,0.9999999999969998,1.0000572220931057e-12,0.0,8.650161792930031e-06,0.020408163265306124,0.0,2.490000846071004e-06,0.1836734693877551,27.630963895469563,0.9999888598373611,0.7959183673469388,3.860886017791152e-06,0.30997418175226943,False,2,0.0,0.0,0.0,
2018-10-26,2018-10-26,2018-10-29,2018-11-02,-0.0396954645387181,-0.0872257265585694,0.2190377779503201,-0.0367257445642243,-0.1029436787476604,0.3341103464331571,-0.038345540715209,-0.1248774750049011,0.2392596975755137,-0.0078403421240199,-0.0210970464135021,0.0517073443800554,0.0019922653228641,-0.0144092219020173,0.0430665957980394,0.0112223566949059,-0.017320645782102,0.1125012414148844,0.0021561017680036,0.0021561017680036,0.0081374183905723,0.0,0.0,0.0,0.0,-0.0066878245114848,-0.0194767475501056,0.0248017976003729,0.0,0.0248017976003729,0.0057658879891464,0.1596502527544812,-0.0057658879891464,0.0,1.8941357040155056,Risk-off,calibration,daily-2018-10-26,2,1.0000228884425302e-12,1.0000228884425302e-12,0.999999999997,1.0000228884425302e-12,0.0,8.650084052557827e-06,0.010204081632653062,0.0,2.489974809403231e-06,0.09183673469387756,27.630998227744954,0.999988859941138,0.8979591836734694,3.8608500510750055e-06,0.30997418175226943,False,2,0.0,0.0,0.0,
2018-11-01,2018-11-01,2018-11-02,2018-11-08,0.0124515887227751,-0.0558079925433995,0.2383518313892467,0.0058522762274377,-0.0566212156228334,0.3616749149170748,0.0294900221729488,-0.0629667003027246,0.2664303499434423,0.0014303593777935,-0.0111228813559322,0.0531442235618277,-0.0015229615745079,-0.0072218986604541,0.0395373695651436,-0.005363397548161,-0.0029624753127056,0.0877001181325035,0.000430539609644,0.0027330264672036,0.0081887666906141,0.0,0.0,0.0,0.0,-0.003900982695478,-0.0056955017799092,0.0259953932214542,0.0,0.0259953932214542,0.0057584731819678,0.1651422322256385,-0.0057584731819678,0.0,1.6672766849925005,Risk-off,calibration,daily-2018-11-01,2,1.0000572220931057e-12,1.0000572220931057e-12,0.9999999999969998,1.0000572220931057e-12,0.0,8.650161792930031e-06,0.03061224489795918,0.0,2.490000846071004e-06,0.2755102040816326,27.630963895469563,0.9999888598373611,0.6938775510204082,3.860886017791152e-06,0.30997418175226943,False,2,0.0,0.0,0.0,
2018-11-02,2018-11-02,2018-11-05,2018-11-09,0.0248017976003729,-0.0556336927644943,0.2383202217495159,0.0163125948406677,-0.0597800655124005,0.36302567327542,0.0437574671445639,-0.050730050933786,0.2663265524492514,0.0053879310344826,-0.00727079269374,0.0511538463742062,-0.0071345029239765,-0.0072506139632791,0.0395722881078992,-0.0236100533130236,-0.0067515218594355,0.0933969647559764,-0.0012908777969019,0.0015822784810126,0.0093706262303054,0.0,0.0,0.0,0.0,-2.01787304608958e-05,-0.0083338003404481,0.0221744166804567,0.0,0.0221744166804567,0.0112845138055222,0.1818523907854467,0.006164156875724,0.0,1.5970347765882935,Risk-off,calibration,daily-2018-11-02,2,1.001527043648804e-12,1.001527043648804e-12,0.9999999999969955,1.001527043648804e-12,0.0,8.653488007576557e-06,0.030927835051546393,0.0,2.4911148918221315e-06,0.2268041237113402,27.629495237022297,0.9999888553971006,0.7422680412371134,3.8624249067319356e-06,0.30997418175226943,False,2,0.0,0.0,0.0,
2018-11-05,2018-11-05,2018-11-06,2018-11-12,0.0370986311884351,-0.0497753467474113,0.2402654757626829,0.0351194318915428,-0.0563794726930318,0.3628222760265802,0.0488628687232606,-0.049129014697877,0.2664351452115873,0.0070093457943924,-0.0040881621045146,0.0507991623272785,-0.0043320454279357,-0.0044486068836337,0.0401795926830327,-0.0175572519083969,0.0004441976679623,0.0938384716632216,-0.0012905075996556,0.002158273381295,0.0092939674452949,0.0,0.0,0.0,0.0,0.0003604447791191,-0.0017140757133327,-0.0036182722749887,0.0,-0.0036182722749887,0.0302921168467387,0.2450879944402642,0.0060030426380495,0.0,1.5501604108428209,Risk-off,calibration,daily-2018-11-05,2,9.99970734783012e-13,0.26894142136945726,0.7310585786285427,9.99970734783012e-13,0.0,0.00014459977973425517,0.10526315789473684,26.317759428408326,0.00022602826565186896,0.3157894736842105,27.317759428408326,0.9996293719546139,0.5789473684210527,0.000128467046854262,0.30997418175226943,False,2,0.0,0.0,0.0,
2018-11-08,2018-11-08,2018-11-09,2018-11-15,0.0259953932214542,0.0291278158263881,0.2145132163230542,0.0139637432631063,0.0286424355389873,0.3453303512833575,0.0234762007322852,0.0223019003226963,0.2462530293791427,0.0062488841278343,0.0066083229148061,0.0489736028831983,-0.0008213070515077,-0.0072277920261133,0.0375933894093578,-0.0079234070650379,-0.0181877586582442,0.0719355350704117,-0.0015779658585568,0.0004312203536007,0.0093642264547022,0.0,0.0,0.0,1.0,0.0138361149409195,-0.018618979011845,-0.0266196279666451,0.0,-0.0266196279666451,0.0368425272610647,0.1740625680732965,-0.0094611930724821,0.0,-0.0824816226408132,Mixed,calibration,daily-2018-11-08,1,1.0001106323370085e-12,0.9999999999969997,1.0001106323370085e-12,1.0001106323370085e-12,0.0,0.0892833864024494,0.2105263157894737,27.630910489707844,0.48852957749884957,0.5789473684210527,0.0,0.42218703609870106,0.2105263157894737,0.22210663753214888,0.30997418175226943,False,1,0.0,0.0,0.0,
2018-11-23,2018-11-23,2018-11-26,2018-11-30,-0.0355024711696871,-0.0247782451172284,0.1876693972184439,-0.0527866591436272,-0.0692416682067393,0.2879847308236709,-0.0239755884917174,-0.0070953436807096,0.2098799711816314,-0.0097332372025955,-0.0177006973001967,0.0559564710750976,0.0011804981702279,-0.0064432989690721,0.0345838605426145,0.0096311699682609,0.0097416812609456,0.0728943679000674,0.001146460303812,0.0025832376578645,0.0082889991991607,0.0,0.0,0.0,0.0,-0.0112573983311246,0.0071584436030811,0.0469724143820993,0.0,0.0469724143820993,0.0015163934426231,0.154864475428599,0.0156290033307713,0.0,1.3258633510776112,Risk-off,calibration,daily-2018-11-23,2,1.000392991016102e-12,1.000392991016102e-12,0.9999999999969988,1.000392991016102e-12,0.0,8.650921957828172e-06,0.052631578947368425,0.0,2.4902554411683725e-06,0.2631578947368421,27.630628202110188,0.999988858822601,0.6842105263157895,3.86123770959282e-06,0.30997418175226943,False,2,0.0,0.0,0.0,
2018-12-14,2018-12-14,2018-12-17,2018-12-21,-0.0117280791538724,-0.0354630593132158,0.2186772189249193,-0.0028077048645119,-0.0258340243669069,0.3088448723383196,-0.0234727425644162,-0.0588755434382138,0.2503399565381839,0.0039804595621493,-0.0001801801801801,0.0654303441310135,0.0075055705406357,0.012254035583834,0.0313406438658762,0.0006309811757283,0.0409145607701566,0.0747822556004119,0.0004280821917808,0.0051612903225806,0.0093002644975886,0.0,0.0,0.0,0.0,-0.0124342157640142,0.035753270447576,-0.0650091528934535,0.0,-0.0650091528934535,0.0650091528934535,0.1227965940291708,-0.0207137617054329,0.0,1.5666341196315945,Risk-off,calibration,daily-2018-12-14,2,1.000041962547325e-12,1.000041962547325e-12,0.999999999997,1.000041962547325e-12,0.0,8.650127241567255e-06,0.020408163265306124,0.0,2.4899892741850544e-06,0.10204081632653061,27.630979154258625,0.9999888598834843,0.8775510204081632,3.8608700325116e-06,0.30997418175226943,False,2,0.0,0.0,0.0,
2018-12-26,2018-12-26,2018-12-27,2019-01-03,-0.0239904734474606,-0.0689663581220985,0.2961888398171036,-0.0348543301849142,-0.0613274679777462,0.3906087201835226,-0.0359319858838627,-0.1163713886642652,0.314209448151773,-0.0134472106123932,-0.0164855072463768,0.1009111496990853,-0.0081112398609501,0.0088391278727164,0.0346929026626722,0.0035313668466971,0.0496469310157523,0.0984833876765141,0.0007120478496154,0.0058688806183795,0.0104564175179112,0.0,0.0,0.0,0.0,-0.0253246351190933,0.0437780503973728,-0.0071373369095785,0.0,-0.0071373369095785,0.024303073624017,0.2192629335941346,0.0093649133972815,0.0,2.400663214352703,Risk-off,calibration,daily-2018-12-26,2,1.0000038147015416e-12,1.0000038147015416e-12,0.9999999999970001,1.0000038147015416e-12,0.0,8.650040863764065e-06,0.010204081632653062,0.0,2.489960344705445e-06,0.09183673469387756,27.63101730123128,0.9999888599987915,0.8979591836734694,3.860830069797792e-06,0.30997418175226943,False,2,0.0,0.0,0.0,
2018-12-31,2018-12-31,2019-01-02,2019-01-08,0.0393532500116156,-0.0756806723461357,0.2871717332594704,0.0483433304770066,-0.0799649056840258,0.3712954052134155,0.0438986821838096,-0.1152451407020598,0.3015711587367033,0.0109685815207287,-0.0228212039532793,0.0955583337316377,0.0043088389425876,0.0179414542020774,0.034768570817698,0.0065857172257663,0.0625678905061914,0.0970300384157399,0.0027034718269778,0.0080102989558004,0.0114835126630709,0.0,0.0,0.0,0.0,-0.0407626581553568,0.054557591550391,0.0261957979436746,0.0,0.0261957979436746,0.024303073624017,0.3298885519100004,0.0006258381761288,0.0,2.6910075104247224,Risk-off,calibration,daily-2018-12-31,2,9.999504101621635e-13,9.999504101621635e-13,0.9999999999970001,9.999504101621635e-13,0.0,8.650032226037982e-06,0.010204081632653062,0.0,2.489957451778239e-06,0.14285714285714288,27.63102111592555,0.9999888600103222,0.846938775510204,3.860826073602361e-06,0.30997418175226943,False,2,0.0,0.0,0.0,
2019-01-08,2019-01-08,2019-01-09,2019-01-15,0.0261957979436746,-0.0144532592397997,0.2965322694833514,0.0340576255023499,-0.0087495919033627,0.3795866579621766,0.0585293876547257,-0.0126921018426484,0.3141168612581628,0.0323648400147111,0.0157409082685,0.1159602667748312,0.0053339517625232,0.0167702591767329,0.033705149871803,-0.0007156000817828,0.0279734987906192,0.1032326436436058,-0.0012771392081737,0.004280821917808,0.0153553416965959,0.0,0.0,0.0,0.0,-0.0010293509082328,0.0236926768728111,0.0140268339431957,0.0,0.0140268339431957,0.0063020675961495,0.1003258228620446,0.0050531451472382,0.0,1.5218648307692486,Risk-off,calibration,daily-2019-01-08,2,1.000002737643995e-12,0.1824255238059915,0.8175744761920085,1.000002737643995e-12,0.0,0.00013488036288176813,0.052631578947368425,25.929605100303547,0.00020469779587564013,0.2631578947368421,27.429605100303547,0.9996604218412426,0.6842105263157895,0.00011770321903936936,0.30997418175226943,False,2,0.0,0.0,0.0,
2019-01-14,2019-01-14,2019-01-15,2019-01-22,0.0120455444674023,-0.018069849561265,0.2973722950192941,0.0075108009305417,-0.0325504212407454,0.3783681605369225,0.0187878311453502,-0.000462748727441,0.3118762217220338,0.0055595408895265,0.0061008433518752,0.1175183863573468,0.0026589595375723,0.0084883720930233,0.0376224939317055,-0.0104071013161923,0.0228854672010123,0.1059424544885755,0.0005680204487359,0.0055658627087198,0.014409614188981,0.0,0.0,0.0,0.0,-0.0023875287411481,0.0173196044922925,0.0217192997697752,0.0,0.0217192997697752,0.0130496811010406,0.1661693273787844,0.0111637200816645,0.0,1.579343030228994,Risk-off,calibration,daily-2019-01-14,2,1.0111317534334364e-12,1.0111317534334364e-12,0.9999999999969666,1.0111317534334364e-12,0.0,8.675135269030434e-06,0.052631578947368425,0.0,2.4983668970150282e-06,0.2631578947368421,27.619950864463704,0.999988826497834,0.6842105263157895,3.872440707250255e-06,0.30997418175226943,False,2,0.0,0.0,0.0,
2019-01-24,2019-01-24,2019-01-25,2019-01-31,0.0101096641535298,0.124731695683282,0.240625908139088,0.0052423791340365,0.1372922310902833,0.313265546339889,0.006530984204131,0.1556369343447554,0.2411043370297624,0.0019524316648917,0.0573141037647499,0.0938374516494564,0.010580793559517,0.0256799346328937,0.0310683191865962,0.007856921327406,-0.0017407331558468,0.0969622567785702,0.000567617425855,0.0024168325277225,0.0147489264522796,0.0,0.0,0.0,1.0,0.0316341691318562,-0.0041575656835693,0.0235368956743002,0.0,0.0235368956743002,0.0084963196635121,0.1408239353112091,0.0082697201017811,0.0,-1.076369148733622,Risk-on,calibration,daily-2019-01-24,0,1.0015003003485434e-12,0.9999999999969955,1.0015003003485434e-12,1.0015003003485434e-12,0.0,0.08928180993429659,0.2,27.629521939903157,0.48847768836707633,0.55,0.0,0.4222405016986271,0.25,0.5387197292492949,0.30997418175226943,False,1,0.0,0.0,0.0,
2019-01-31,2019-01-31,2019-02-01,2019-02-07,0.0235368956743002,0.0782255182273052,0.1861158126480438,0.030388874581509,0.0857530529172319,0.2617977062931165,0.0237664101403349,0.1056877444589308,0.1949735980394126,0.0108060230292295,0.0508287292817679,0.0803989445376254,0.0145669739387732,0.030516703271298,0.0355607422169775,0.0071802236126783,-0.0014237770771891,0.0896308779522225,0.0019855339668133,0.0024120317820659,0.0142978939082409,0.0,0.0,0.0,1.0,0.0203120260104698,-0.003835808859255,0.0013673088875076,0.0,0.0013673088875076,0.0109269490484958,0.1021901574435648,0.0010358400662937,0.0,-0.7232867178939355,Risk-on,calibration,daily-2019-01-31,0,0.9999999999969904,1.0032362740448345e-12,1.0032362740448345e-12,1.0032362740448345e-12,27.627790067344563,0.6308156328634799,0.6326530612244898,0.0,0.34540538158375644,0.30612244897959184,0.0,0.023778985552763657,0.061224489795918366,0.1490257839340841,0.30997418175226943,False,0,0.0,0.0,0.0,
2019-02-12,2019-02-12,2019-02-13,2019-02-20,0.0033149171270718,0.0649407063116283,0.1198593722951799,-0.0007986729741353,0.0729647710779783,0.1873133402826267,0.0122022080185939,0.0753086419753088,0.1227468898790404,0.0003484927687749,0.0238986980560014,0.0497834706905187,-0.0003364360210833,0.027787386140897,0.0375487144512516,0.0048155737704917,0.0111351685740797,0.0735366884644363,0.0009919229134194,0.0025546409310248,0.0103242349706185,0.0,0.0,0.0,1.0,-0.0038886880848956,0.0085805276430548,0.0159079784630447,0.0,0.0159079784630447,0.0017889815003048,0.0728573340062697,0.0032223853809756,0.0,-0.4666740269523987,Risk-on,calibration,daily-2019-02-12,0,0.3775406687973903,0.6224593312006096,1.0000631850503124e-12,1.0000631850503124e-12,26.65688094869222,0.2405441404441977,0.6391752577319588,27.15688094869222,0.7587487441618966,0.288659793814433,0.0,0.0007071153939056744,0.07216494845360825,0.388077609737734,0.30997418175226943,False,1,0.0,0.0,0.0,
2019-02-15,2019-02-15,2019-02-19,2019-02-25,0.0252882112309409,0.0547054322876814,0.1193555398147206,0.0200099738187258,0.0507288255313684,0.1765724437256929,0.0419565058211908,0.0710522354357969,0.127010820711856,0.0071791279985993,0.0182333156310852,0.050248096592759,-0.0011209505660799,0.0228420569329659,0.0399678200960164,-0.0029378988957551,0.0172609819121447,0.0756923843712553,-0.0004244482173174,0.0026965654271928,0.0115303121362213,0.0,0.0,0.0,1.0,-0.0046087413018807,0.0145644164849518,0.0079393866118564,0.0,0.0079393866118564,0.0034529832168956,0.0539343690880633,0.0017732640148309,0.0,-0.371511893107767,Mixed,calibration,daily-2019-02-15,1,1.003175043230728e-12,0.9999999999969905,1.003175043230728e-12,1.003175043230728e-12,0.0,0.08927991155535814,0.6326530612244898,27.627851102500813,0.4884152496816295,0.28571428571428575,0.0,0.4223048387630123,0.0816326530612245,0.22217033085394583,0.30997418175226943,False,1,0.0,0.0,0.0,
2019-02-19,2019-02-19,2019-02-20,2019-02-26,0.0265548856033699,0.0430093991272235,0.1129713464819427,0.0230236475946838,0.0425383099128886,0.1744225278258189,0.0366819205346118,0.0628537384569556,0.1241140410858294,0.0070003500175008,0.0155312389692905,0.049656952383546,0.0017975508369845,0.0216544454628782,0.0399094440468872,0.0034577443303163,0.0251428571428571,0.0724157680812821,0.0007077140835101,0.0042613636363635,0.0110806710290839,0.0,0.0,0.0,1.0,-0.0061232064935876,0.0208814935064935,0.0052701452307195,0.0,0.0052701452307195,0.0034529832168956,0.0565820111167598,0.0019712756969869,0.0,-0.275195561534696,Mixed,calibration,daily-2019-02-19,1,9.9996185375193e-13,0.9999999999969998,9.9996185375193e-13,9.9996185375193e-13,0.0,0.08928351195411083,0.6326530612244898,27.63102111592555,0.4885337115013817,0.30612244897959184,0.0,0.4221827765445076,0.061224489795918366,0.22210433460089601,0.30997418175226943,False,1,0.0,0.0,0.0,
2019-02-26,2019-02-26,2019-02-27,2019-03-05,0.0052701452307195,0.0589930496694348,0.0924374511036974,0.0082337155403757,0.0649359015654191,0.142259388547584,0.0025924887892376,0.0716746554823246,0.1025161929878299,0.0039972193256865,0.0222969385949389,0.0401159113243893,0.0019064707861389,0.0160354827703854,0.0439071632210842,-0.0039525691699604,0.0139275766016713,0.078391487367557,0.0005657708628004,0.0039738858927051,0.0102749013225065,0.0,0.0,0.0,1.0,0.0062614558245535,0.0099536907089661,-0.0010004802305104,0.0,-0.0010004802305104,0.0048237920586828,0.0609673731352325,-0.0005602689290857,0.0,-0.7135804908786976,Risk-on,calibration,daily-2019-02-26,0,0.9999999999969997,9.999885559706862e-13,9.999885559706862e-13,9.999885559706862e-13,27.63102111592555,0.6308428891864355,0.8585858585858586,0.0,0.34539851079813355,0.12121212121212122,0.0,0.023758600015430953,0.020202020202020204,0.14901283978812405,0.30997418175226943,False,0,0.0,0.0,0.0,
2019-03-01,2019-03-01,2019-03-04,2019-03-08,0.0044850232260131,0.0393204889165108,0.0797600012960003,0.0086908958308009,0.0370532366908273,0.1002073129539183,0.0005552085502116,0.0624953939125947,0.1022184213639938,0.004683434518647,0.0150718541885734,0.0310238829686197,-0.0048184670551321,-0.0038137969713966,0.035484583406634,-0.0218189233278955,-0.0229147571035747,0.0870097147419402,-0.0008484162895927,0.0001415428167019,0.009407409066229,0.0,0.0,0.0,1.0,0.01888565115997,-0.0230562999202766,-0.0211290065380321,0.0,-0.0211290065380321,0.0211290065380321,0.044499398663625,-0.0037075426566738,0.0,-0.828260459885921,Risk-on,calibration,daily-2019-03-01,0,0.9999999999970001,1.0000076294206353e-12,1.0000076294206353e-12,1.0000076294206353e-12,27.631013486534016,0.6308428248393633,0.8571428571428571,0.0,0.3453985270294275,0.12244897959183673,0.0,0.02375864813120911,0.020408163265306124,0.14901287034640237,0.30997418175226943,False,0,0.0,0.0,0.0,
2019-03-06,2019-03-06,2019-03-07,2019-03-13,-0.0066068711459917,0.015305913648455,0.0835667382025533,-0.0001815870710005,0.0148061682128155,0.0888441536124709,-0.02727780103251,0.0127106333527018,0.1315782646717971,-0.0013843225471534,0.0055758843004007,0.0299553858294414,0.0004489841733077,-0.0004485813614445,0.0321082826438379,0.0008232993722341,-0.0035860655737703,0.0890862652792153,0.0001413827230312,0.0024089556468753,0.0086960975118692,0.0,0.0,0.0,1.0,0.0060244656618453,-0.0059950212206457,0.014389939134991,0.0,0.014389939134991,0.0102785279535652,0.136624184037752,-0.0079809746462976,0.0,-0.3861256654956466,Mixed,calibration,daily-2019-03-06,1,0.999999999997,1.000030518040791e-12,1.000030518040791e-12,1.000030518040791e-12,27.630990598350422,0.6308426317977132,0.787878787878788,0.0,0.3453985757231169,0.18181818181818182,0.0,0.023758792479170066,0.030303030303030304,0.3099747665806304,0.30997418175226943,False,0,0.0,0.0,0.0,
2019-03-14,2019-03-14,2019-03-15,2019-03-21,0.0220633050262075,0.0227281967879646,0.0881785283252782,0.0307692307692306,0.0333026113671273,0.1038999927097065,0.0175121209928361,0.0059379024180856,0.1379896797869033,0.0053754118259059,0.0113378684807254,0.0253862986672723,0.0015656452695147,0.007424071991001,0.0323048048895504,-0.0009194932570493,0.0008187493603522,0.0946563679420387,0.0008474576271186,0.0038249043773905,0.0077908586291768,0.0,0.0,0.0,1.0,0.0039137964897244,-0.0030061550170383,0.0214570829670712,0.0,0.0214570829670712,0.0035850766260884,0.0982150947651605,0.0098319114256182,0.0,-0.3905161267790231,Mixed,calibration,daily-2019-03-14,1,0.9999999999970001,1.0000152589024783e-12,1.0000152589024783e-12,1.0000152589024783e-12,27.631005857139485,0.630842760492206,0.846938775510204,0.0,0.3453985432606928,0.12244897959183673,0.0,0.023758696247101127,0.030612244897959183,0.3099747886509654,0.30997418175226943,False,0,0.0,0.0,0.0,
2019-03-15,2019-03-15,2019-03-18,2019-03-22,0.0345081005131544,0.0346345118325115,0.0925984217659456,0.0419889502762431,0.0416692236882481,0.1073810153348011,0.0204111175448755,0.0062812276945038,0.1380593624828922,0.0079888850295242,0.012207882804325,0.0253944101330383,0.0039093041438622,0.0097741826761037,0.0341461676904481,0.0015260962458032,0.0018318746183594,0.0955160956655307,0.0008472182999152,0.0028296547821164,0.0066761270820921,0.0,0.0,0.0,1.0,0.0024337001282213,-0.000997780163757,-0.0071208165202942,0.0,-0.0071208165202942,0.0184207438695294,0.1734292651948041,0.0038373289026027,0.0,-0.4439247157185945,Risk-on,calibration,daily-2019-03-15,0,0.9999999999969998,9.999732974726594e-13,9.999732974726594e-13,9.999732974726594e-13,27.63102111592555,0.6308428891864355,0.7628865979381444,0.0,0.34539851079813355,0.2061855670103093,0.0,0.023758600015430953,0.030927835051546393,0.14901283978812405,0.30997418175226943,False,0,0.0,0.0,0.0,
2019-03-18,2019-03-18,2019-03-19,2019-03-25,0.0235954031679939,0.0276381367959492,0.0868339777598813,0.0231523242528113,0.0397848805231313,0.107101252466924,0.0094614782670556,-0.0028109627547435,0.1279992541202481,0.0043275056257572,0.0086926286509039,0.0237465205787372,0.0022313957380342,0.0080799012456513,0.0342523995579747,0.003877551020408,-0.0004064214590531,0.0953740994034384,0.0008473379466178,0.003113941967445,0.0064287870845837,0.0,0.0,0.0,0.6666666666666666,0.0006127274052525,-0.0035203634264981,-0.0121379310344827,0.0,-0.0121379310344827,0.0196331495169933,0.1674508688427187,0.0003152709359606,0.0,-0.1673903781739742,Mixed,calibration,daily-2019-03-18,1,0.9999999999970001,1.0000114441542806e-12,1.0000114441542806e-12,1.0000114441542806e-12,27.63100967183675,0.6308427926657921,0.7272727272727273,0.0,0.3453985351450646,0.24242424242424243,0.0,0.02375867218914326,0.030303030303030304,0.3099747941685644,0.30997418175226943,False,0,0.0,0.0,0.0,
2019-03-21,2019-03-21,2019-03-22,2019-03-28,0.0214570829670712,0.0352027181689647,0.0935147360223694,0.0350835464113694,0.0657564440090612,0.1146064922878623,0.0090320745323944,-0.006859862802744,0.1391961125976433,0.0053466712659537,0.0130344108446298,0.0270257591992656,0.0119472979008485,0.0201485817199458,0.0385838718762916,0.0165661110542998,0.0195897435897436,0.0957494426996719,0.0014112334180071,0.0041035800198103,0.0074377929846122,0.0,0.0,0.0,0.6666666666666666,-0.0071141708753159,0.0154861635699332,-0.0136102311392701,0.0,-0.0136102311392701,0.0196331495169933,0.1594745757217225,-0.0184207438695294,0.0,-0.0647961015179947,Mixed,calibration,daily-2019-03-21,1,9.999885559706862e-13,0.9999999999969997,9.999885559706862e-13,9.999885559706862e-13,0.0,0.08928351195411083,0.6326530612244898,27.63102111592555,0.4885337115013817,0.28571428571428575,0.0,0.4221827765445076,0.0816326530612245,0.22210433460089601,0.30997418175226943,False,1,0.0,0.0,0.0,
2019-03-22,2019-03-22,2019-03-25,2019-03-29,-0.0071208165202942,0.0099484950578778,0.1161314752324587,0.0029456816307293,0.0346420323325635,0.1440881991878591,-0.0305717122996169,-0.0514955930321328,0.1858612667616281,0.0006891798759476,0.0074588031222897,0.0304769957149046,0.0144637294170004,0.0217391304347827,0.0408056279337706,0.0254977651361236,0.0292618270799347,0.1075691381941367,0.0028216704288939,0.0050904977375565,0.0089791062969538,0.0,0.0,0.0,0.6666666666666666,-0.0142803273124929,0.0241713293423782,0.0111164236194116,0.0,0.0111164236194116,0.0053067205259197,0.0848283571257516,-0.0012351581799349,0.0,0.3666870963848814,Risk-off,calibration,daily-2019-03-22,2,1.0000076294206353e-12,0.9999999999970001,1.0000076294206353e-12,1.0000076294206353e-12,0.0,0.089283503295597,0.22448979591836735,27.631013486534016,0.48853342639796554,0.5306122448979592,0.0,0.42218307030643737,0.24489795918367346,0.26067801406482904,0.30997418175226943,False,1,0.0,0.0,0.0,
2019-04-03,2019-04-03,2019-04-04,2019-04-10,0.024684476649281,0.042466484243919,0.1214086609187757,0.0330149746492158,0.0607821770190095,0.1499742257323546,0.0259119861030689,0.0165674532023236,0.1805370653408522,0.0051510989010987,0.0143822561081268,0.0290777015306149,-0.0040423904730689,0.0227757208571748,0.041628141515643,-0.0184367951358241,0.029203084832905,0.1101597622639179,-0.0016853932584269,0.0048063330506078,0.0105146800076127,0.0,0.0,0.0,1.0,-0.008393464749048,0.0243967517822971,0.0064110036134747,0.0,0.0064110036134747,0.0050870972714658,0.0604606217542592,0.0025255468780351,0.0,-0.1947111700051451,Mixed,calibration,daily-2019-04-03,1,9.999656683109553e-13,0.9999999999969998,9.999656683109553e-13,9.999656683109553e-13,0.0,0.08928351195411083,0.6326530612244898,27.63102111592555,0.4885337115013817,0.30612244897959184,0.0,0.4221827765445076,0.061224489795918366,0.22210433460089601,0.30997418175226943,False,1,0.0,0.0,0.0,
2019-04-04,2019-04-04,2019-04-05,2019-04-11,0.0230363585900632,0.0535072972476811,0.1154068419827237,0.0302335156755486,0.0735519460619062,0.1394708910782343,0.0218077474892395,0.030754757941964,0.1772479912312596,0.0046272493573265,0.0164730362406797,0.0286703047262773,-0.00371017023134,0.0210243793334823,0.0409060837988916,-0.0191537183621616,0.0254393134450348,0.1087024892835711,-0.0014044943820226,0.0042372881355932,0.010269472254419,0.0,0.0,0.0,1.0,-0.0045513430928025,0.0212020253094415,0.0036818851251845,0.0,0.0036818851251845,0.0050870972714658,0.0600245601654382,0.0046895589489188,0.0,-0.3793968011267602,Mixed,calibration,daily-2019-04-04,1,1.000129708115401e-12,0.9999999999969996,1.000129708115401e-12,1.000129708115401e-12,0.0,0.0892833647549234,0.7346938775510204,27.630891416221516,0.4885288647394507,0.22448979591836735,0.0,0.42218777050562595,0.04081632653061225,0.2221070345906393,0.30997418175226943,False,1,0.0,0.0,0.0,
2019-04-10,2019-04-10,2019-04-11,2019-04-17,0.0064110036134747,0.0342667056970056,0.107432452791836,0.0091884488072138,0.0496853852546599,0.1238346659279747,0.0139692394525186,0.0177028749468912,0.1819529688431042,0.0064912880081995,0.015511892450879,0.0292104108249966,0.0087757788503728,0.0248523347821241,0.0427236373322386,0.0060945149365569,0.0223350253807106,0.1060415618154385,0.0008441193021946,0.0042348955392432,0.0106702202235616,0.0,0.0,0.0,1.0,-0.009340442331245,0.0181001298414673,0.0040923480812291,0.0,0.0040923480812291,0.0024164780790917,0.0539890728983805,-0.0001930352868502,0.0,-0.1695602091109893,Mixed,calibration,daily-2019-04-10,1,1.000019073665228e-12,0.999999999997,1.000019073665228e-12,1.000019073665228e-12,0.0,0.08928349030776057,0.5612244897959184,27.63100204244222,0.48853299874264466,0.35714285714285715,0.0,0.4221835109495947,0.0816326530612245,0.22210473165699168,0.30997418175226943,False,1,0.0,0.0,0.0,
2019-04-12,2019-04-12,2019-04-15,2019-04-22,0.0055549126258536,0.0312129124139564,0.1046800530817387,0.0063614676814722,0.0438317426652528,0.1217077797364187,0.0018085698386201,0.0215633423180594,0.1812979884344542,0.0061297462966116,0.018090971743625,0.0288418799752416,0.003936146949486,0.0215843346684467,0.0415066737869242,-0.0109452736318407,0.0097521332791548,0.1065856053987463,-0.000562667041778,0.0023984198645599,0.0114254137925039,0.0,0.0,0.0,1.0,-0.0034933629248217,0.0073537134145948,0.0006138028925459,0.0,0.0006138028925459,0.0024164780790917,0.0261541705549196,-0.0004987148501937,0.0,-0.2594778805524739,Mixed,calibration,daily-2019-04-12,1,0.999999999996974,1.0086931156601393e-12,1.0086931156601393e-12,1.0086931156601393e-12,27.622365567832844,0.6307698491023375,0.7551020408163265,0.0,0.34541690241360823,0.1836734693877551,0.0,0.02381324848405422,0.061224489795918366,0.3099623069342795,0.30997418175226943,False,0,0.0,0.0,0.0,
2019-04-24,2019-04-24,2019-04-25,2019-05-01,0.0070192934678379,0.0397211991604291,0.0682451761763187,0.0172656206062651,0.0595747173569209,0.0782308385800674,0.0034758428919012,0.0405103438333454,0.1137362265950709,-0.0016943409013894,0.0123711340206185,0.0276904440237074,0.0065631152920586,0.0067833698030632,0.0367130309353798,0.011107745127739,-0.0090063341250991,0.0936669865360526,0.0018296973961999,0.0005622715771718,0.0081797779767986,0.0,0.0,0.0,1.0,0.0055877642175552,-0.0095686057022709,-0.0013331301896856,0.0,-0.0013331301896856,0.0069689050486686,0.0660058669428563,-0.0002666260379371,0.0,-0.6451728368189228,Risk-on,calibration,daily-2019-04-24,0,0.999999999997,1.0000228884425302e-12,1.0000228884425302e-12,1.0000228884425302e-12,27.630998227744954,0.6308426961449894,0.888888888888889,0.0,0.3453985594919225,0.09090909090909091,0.0,0.02375874436308812,0.020202020202020204,0.1490129314630742,0.30997418175226943,False,0,0.0,0.0,0.0,
2019-04-25,2019-04-25,2019-04-26,2019-05-02,0.0091894801599508,0.0449894493769158,0.0632943983531961,0.0178221151151711,0.0706874189364461,0.0701369858770313,0.0045598035776919,0.0364794441227562,0.1172597620570861,0.0011888586956521,0.012190934065934,0.0276916142365145,0.0062363238512033,0.004807167049055,0.0366077788128812,0.0091854244473605,-0.0195155437873884,0.0864869242707097,0.0014068655036578,-0.0002808988764044,0.0075917127702296,0.0,0.0,0.0,1.0,0.007383767016879,-0.0192346449109839,-0.0034289633100927,0.0,-0.0034289633100927,0.0093171230541981,0.0676788367483632,0.0043814531184516,0.0,-0.7414996241202774,Risk-on,calibration,daily-2019-04-25,0,0.999999999997,1.0000228884425302e-12,1.0000228884425302e-12,1.0000228884425302e-12,27.630998227744954,0.6308426961449894,0.9090909090909092,0.0,0.3453985594919225,0.08080808080808081,0.0,0.02375874436308812,0.010101010101010102,0.1490129314630742,0.30997418175226943,False,0,0.0,0.0,0.0,
2019-04-29,2019-04-29,2019-04-30,2019-05-06,0.011961814208488,0.0401150648224766,0.0617032653192745,0.0164648099570241,0.0632261077704479,0.0690138915494242,0.0246826516220028,0.0388217630657039,0.1183449752428258,0.0045918367346939,0.0097435897435897,0.0275009017580344,0.0065695828314902,0.0039314185868735,0.0412571708696665,0.0057511855514076,-0.0249437542795656,0.0885010438793128,0.0016875263675995,0.0011243851018973,0.0083311406668959,0.0,0.0,0.0,1.0,0.0058121711567162,-0.026068139381463,-0.0032203068763021,0.0,-0.0032203068763021,0.0093171230541981,0.1014189816061222,0.0003030877060048,0.0,-0.6801774217572423,Risk-on,calibration,daily-2019-04-29,0,0.999999999997,1.000030518040791e-12,1.000030518040791e-12,1.000030518040791e-12,27.630990598350422,0.6308426317977132,0.88,0.0,0.3453985757231169,0.1,0.0,0.023758792479170066,0.02,0.1490129620214557,0.30997418175226943,False,0,0.0,0.0,0.0,
2019-05-06,2019-05-06,2019-05-07,2019-05-13,-0.0032203068763021,0.0149288276819812,0.0682582092216141,-0.0056556116846036,0.0285698057480403,0.0920579628727552,0.010392291810048,0.0212159154145799,0.1343798946231286,0.000338581344168,0.0061297462966116,0.0310318427516884,0.0022843467855977,0.0074349442379182,0.0423471863298656,0.0101324237560191,0.0018905472636816,0.0742279247956095,0.0002807805699844,0.0022506681671121,0.0084577462030021,0.0,0.0,0.0,1.0,-0.0013051979413065,-0.0003601209034305,-0.0404408969973391,0.0,-0.0404408969973391,0.0404408969973391,0.1891721627260367,-0.0163055872291907,0.0,-0.3183247310208127,Mixed,calibration,daily-2019-05-06,1,0.9999999999969996,1.000133523314741e-12,1.000133523314741e-12,1.000133523314741e-12,27.63088760152425,0.6308417631036572,0.787878787878788,0.0,0.34539879484077274,0.18181818181818182,0.0,0.02375944205556999,0.030303030303030304,0.3099746176084184,0.30997418175226943,False,0,0.0,0.0,0.0,
2019-05-15,2019-05-15,2019-05-16,2019-05-22,-0.008974160606529,-0.0172989145027039,0.1302748464907109,-0.014453477868112,-0.0182779371238962,0.1827902809007619,-0.0173111824654473,-0.0213416753562738,0.1851838860113056,-0.0047643355453462,-0.0089800067773636,0.0487400199637464,0.0063160187302624,0.0108291402318967,0.0387615856696007,0.0138586418530983,0.0342320508936686,0.0733245798106187,0.0028058361391694,0.006052076002815,0.008023892897931,0.0,0.0,0.0,0.0,-0.0198091470092603,0.0281799748908535,0.0016393442622952,0.0,0.0016393442622952,0.0129221959995357,0.1254317096209879,0.0088602654176426,0.0,1.171664549359746,Risk-off,calibration,daily-2019-05-15,2,1.0000165108582674e-12,0.7310585786285428,0.2689414213694572,1.0000165108582674e-12,0.0,0.00020840003607739346,0.12631578947368421,27.31774291768636,0.00036239272525667336,0.5052631578947369,26.31774291768636,0.999429207238666,0.3684210526315789,0.0001978624140364128,0.30997418175226943,False,1,0.0,0.0,0.0,
2019-05-17,2019-05-17,2019-05-20,2019-05-24,-0.0072645774566247,-0.0139704471310685,0.1358080230769441,-0.0105454133121668,-0.0231725064368072,0.1892933969561389,-0.0236330583135228,-0.0176574041505452,0.1905270877318846,-0.0033984706881903,-0.0042444821731748,0.0496787338877763,0.0032619332390997,0.0086357673808481,0.0394313286392067,0.0098716683119446,0.0272115674264483,0.0741100714289542,0.0015419119708437,0.0049226441631506,0.0087552305901671,0.0,0.0,0.0,0.0,-0.012880249554023,0.0222889232632976,-0.010470592814604,0.0,-0.010470592814604,0.0149578460701658,0.1292360021002411,-0.0069284963605931,0.0,1.0450608618116743,Risk-off,calibration,daily-2019-05-17,2,9.999830947314469e-13,0.9399133498241126,0.060086650173887445,9.999830947314469e-13,0.0,0.0003165716630438905,0.08247422680412371,27.569053526923348,0.0005964456798519081,0.6907216494845362,24.819053526923348,0.9990869826571043,0.2268041237113402,0.00031653192599538903,0.30997418175226943,False,1,0.0,0.0,0.0,
2019-05-22,2019-05-22,2019-05-23,2019-05-30,0.0016393442622952,-0.022548944922678,0.1374745555236675,-0.0112855178735105,-0.0458314904909331,0.1946669169687138,-0.0104418241227447,-0.0349151368202285,0.1913096068599813,0.0056419900837749,-0.0016972165648336,0.0486145405230933,-0.0018396277459149,0.0023907846120407,0.035907956162822,0.0009763718023823,0.0238689703385599,0.0699012138730682,-0.0008393956351426,0.0033717336330429,0.0094332025349056,0.0,0.0,0.0,0.0,-0.0040880011768744,0.0204972367055169,-0.0232250019484063,0.0,-0.0232250019484063,0.0257579300132492,0.109194138579929,-0.0120021822149481,0.0,0.9674391012528992,Risk-off,calibration,daily-2019-05-22,2,1.0000365587150779e-12,0.8807970779761208,0.11920292202187915,1.0000365587150779e-12,0.0,0.0002628676928168449,0.15789473684210525,27.50405654683675,0.0004789648247218846,0.5789473684210527,25.50405654683675,0.9992581674824612,0.2631578947368421,0.0002571683539571313,0.30997418175226943,False,1,0.0,0.0,0.0,
2019-05-24,2019-05-24,2019-05-28,2019-06-03,-0.010470592814604,-0.0356573856308316,0.1419035060937538,-0.0267018106807243,-0.0655223634263079,0.1980934737554885,-0.0134631910627327,-0.0473687850079526,0.2009123057484975,-0.0034100596760442,-0.0109983079526226,0.0504310933912613,0.0040099707380514,0.0036836403033586,0.0351313876048355,0.0142717497556208,0.0342902711323764,0.0774073216084173,0.0009797060881735,0.003648610721302,0.0104605719933129,0.0,0.0,0.0,0.0,-0.0146819482559813,0.0306416604110744,-0.0294626701282355,0.0,-0.0294626701282355,0.0294626701282355,0.0958354752894889,-0.0093226339391079,0.0,1.2819958233841968,Risk-off,calibration,daily-2019-05-24,2,1.000062289029033e-12,0.2689414213694572,0.7310585786285427,1.000062289029033e-12,0.0,0.00014460120106318515,0.0625,26.317697141319172,0.00022603019195194547,0.27083333333333337,27.317697141319172,0.9996293686069849,0.6666666666666667,0.0001284682073643255,0.30997418175226943,False,2,0.0,0.0,0.0,
2019-06-03,2019-06-03,2019-06-04,2019-06-10,-0.0294626701282355,-0.0658766516488086,0.1422744963857395,-0.04509596137996,-0.1098183414741234,0.2000297999162235,-0.0292537746806039,-0.0879765395894428,0.1834405923813651,-0.007185628742515,-0.0177725118483411,0.0551401513457157,0.0123056994818653,0.0191262768963269,0.0315157776131195,0.038550501156515,0.0731998804899911,0.0802863569328098,0.0057326621923938,0.0101109394747931,0.0122413682104816,0.0,0.0,0.0,0.0,-0.0368987887446681,0.063088941015198,0.0521622826571557,0.0,0.0521622826571557,0.0,0.1035784977853252,0.021399910833705,0.0,1.926342956719282,Risk-off,calibration,daily-2019-06-03,2,1.0000114441542806e-12,1.0000114441542806e-12,0.9999999999970001,1.0000114441542806e-12,0.0,8.650058139255695e-06,0.030612244897959183,0.0,2.4899661305744713e-06,0.15306122448979592,27.63100967183675,0.9999888599757302,0.8163265306122449,3.860838062373928e-06,0.30997418175226943,False,2,0.0,0.0,0.0,
2019-06-07,2019-06-07,2019-06-10,2019-06-14,0.0443393557253142,0.0031447761773504,0.1679910667269905,0.0407597226409406,-0.0202077538740987,0.2439458009862338,0.0329184163167366,-0.0344851755800097,0.2050633697879591,0.0186399723852261,0.0057941376959782,0.065553780284198,0.0090918814846507,0.0264389076270266,0.0301984818450637,0.0013078000934143,0.0566837539432176,0.0983039429033007,0.0020891364902506,0.0088334268087495,0.0136468561827634,0.0,0.0,0.0,0.3333333333333333,-0.0206447699310483,0.0478503271344681,0.0057667002089947,0.0,0.0057667002089947,0.002195685670262,0.0509792524389004,0.0047217276879016,0.0,0.96672021933734,Risk-off,calibration,daily-2019-06-07,2,1.0040900676605662e-12,0.9999999999969877,1.0040900676605662e-12,1.0040900676605662e-12,0.0,0.089278875027862,0.18556701030927836,27.62693938985433,0.488381178952114,0.5670103092783506,0.0,0.42233994602002406,0.24742268041237114,0.26058276080299836,0.30997418175226943,False,1,0.0,0.0,0.0,
2019-06-12,2019-06-12,2019-06-13,2019-06-19,0.0192012590989574,0.0173598837437651,0.1384915980437058,0.0348214285714285,0.0099924475686981,0.2105180624004522,0.0084578928180822,-0.0139027520319405,0.1678667943390289,0.0052765957446809,0.0106091718001368,0.055560559915715,0.00512,0.0225718936516547,0.0347986747633419,0.0037760785424336,0.0446016308085273,0.1032834114021891,0.0,0.0070008401008121,0.0145044146924646,0.0,0.0,0.0,0.6666666666666666,-0.0119627218515179,0.0376007907077151,0.0163301548083234,0.0,0.0163301548083234,0.0011914828195864,0.0670522457783091,0.0044396401961166,0.0,0.359399296410228,Risk-off,calibration,daily-2019-06-12,2,1.0024405648914489e-12,0.9999999999969927,1.0024405648914489e-12,1.0024405648914489e-12,0.0,0.0892807439123967,0.22448979591836735,27.628583524375813,0.4884426201534855,0.6326530612244898,0.0,0.42227663593411774,0.14285714285714288,0.26062119954679147,0.30997418175226943,False,1,0.0,0.0,0.0,
2019-06-13,2019-06-13,2019-06-14,2019-06-20,0.0168444913432606,0.0155347384855586,0.1377131008050371,0.0327152474312033,0.0018331805682858,0.2054794174264167,0.021186440677966,-0.0071032817161528,0.1719946257718371,0.0056055715984373,0.01213882714994,0.0559359405458366,0.0058560477001703,0.0222919597446165,0.0346337863847968,0.004046297167592,0.0417887131419645,0.1023403862303998,0.0016696813691385,0.0071348628987129,0.0145717488944878,0.0,0.0,0.0,0.6666666666666666,-0.0101531325946764,0.0346538502432516,0.0217541701898684,0.0,0.0217541701898684,0.0011914828195864,0.0821367237370787,-0.0011914828195864,0.0,0.3391530633752743,Risk-off,calibration,daily-2019-06-13,2,9.999927024058213e-13,0.6791786991740346,0.32082130082396537,9.999927024058213e-13,0.0,0.00019748595473414527,0.22448979591836735,27.24415010981165,0.0003392349042959732,0.6326530612244898,26.49415010981165,0.99946327914097,0.14285714285714288,0.000186049273739909,0.30997418175226943,False,1,0.0,0.0,0.0,
2019-06-18,2019-06-18,2019-06-19,2019-06-25,0.0117882733646659,0.0294359738172698,0.133056851919309,0.0164131305044032,0.0359037127702979,0.1958324002649531,0.0214890384197958,0.0182473855030653,0.1697985794856862,0.0047297297297297,0.0148438832963657,0.0601910337521623,0.0115846529918164,0.0340032590983161,0.0355218585617209,0.0135529411764705,0.0548535605837985,0.0994071969646629,0.0011132758140828,0.0072808737048444,0.0143688629497199,0.0,0.0,0.0,1.0,-0.0191593758019503,0.0475726868789541,0.0049723767577123,0.0,0.0049723767577123,0.0109629294755878,0.1147674711222715,0.0023606457508378,0.0,0.1529006043664597,Risk-off,calibration,daily-2019-06-18,2,1.0000648519533124e-12,0.9999999999969998,1.0000648519533124e-12,1.0000648519533124e-12,0.0,0.08928343835568713,0.3877551020408163,27.63095626607503,0.48853128812102015,0.5102040816326531,0.0,0.4221852735232927,0.10204081632653061,0.2606766761531615,0.30997418175226943,False,1,0.0,0.0,0.0,
2019-06-19,2019-06-19,2019-06-20,2019-06-26,0.0163301548083234,0.022805858813474,0.1302506578158188,0.0261719873454127,0.0290724503922472,0.1933661266576862,0.0240763502277492,0.007826953180589,0.1634023025538282,0.011852353538774,0.0166723375297719,0.061379746057259,0.0165552371856096,0.0398393399913157,0.0390727149709822,0.0142010721339227,0.0579809673305209,0.098273760564773,0.0023637374860956,0.0099467637993837,0.0151605746627577,0.0,0.0,0.0,1.0,-0.0231670024615437,0.0480342035311371,0.0016508268125301,0.0,0.0016508268125301,0.0119047619047619,0.1147273637513427,0.0098001975233608,0.0,0.2666720320037075,Risk-off,calibration,daily-2019-06-19,2,1.000019073665228e-12,0.999999999997,1.000019073665228e-12,1.000019073665228e-12,0.0,0.08928349030776057,0.28571428571428575,27.63100204244222,0.48853299874264466,0.5306122448979592,0.0,0.4221835109495947,0.1836734693877551,0.2606777464823019,0.30997418175226943,False,1,0.0,0.0,0.0,
2019-06-20,2019-06-20,2019-06-21,2019-06-27,0.0217541701898684,0.0359286103966955,0.1327337759161104,0.0296203110704482,0.0432817660351121,0.1939157507553938,0.0184575761911576,0.0218936185485607,0.1604327201837388,0.014527027027027,0.0210812648758926,0.0631432155428642,0.0194770826717476,0.0441240242844753,0.0408586836827031,0.01340206185567,0.0547210300429183,0.0976544954745401,0.0019447145436866,0.0099411929431529,0.0151602737428149,0.0,0.0,0.0,1.0,-0.0230427594085826,0.0447798370997654,-0.0045908868124096,0.0,-0.0045908868124096,0.0119047619047619,0.0875558089505816,0.0038806801083359,0.0,0.1666017013106083,Risk-off,calibration,daily-2019-06-20,2,1.000041962547325e-12,0.999999999997,1.000041962547325e-12,1.000041962547325e-12,0.0,0.08928346433186936,0.22448979591836735,27.630979154258625,0.4885321434319007,0.5918367346938775,0.0,0.4221843922362299,0.1836734693877551,0.2606772113175382,0.30997418175226943,False,1,0.0,0.0,0.0,
2019-06-24,2019-06-24,2019-06-25,2019-07-01,0.024915287709267,0.0485405083291092,0.1231245497118711,0.026315789473684,0.0584599081596608,0.1831861157972066,-0.0014325621373828,0.0119773519163763,0.1494112973361578,0.0133739630946334,0.0241231822070144,0.0606995808131115,0.0174510840824961,0.0384283246977548,0.0457902173063836,0.0055062995800279,0.0383577486507322,0.1056242653539973,0.0029195050743777,0.008668903803132,0.0147420809481214,0.0,0.0,0.0,1.0,-0.0143051424907403,0.0296888448476002,0.0065251008939011,0.0,0.0065251008939011,0.0107494436691434,0.1126435281409848,-0.0098065100139554,0.0,-0.1330042474047756,Mixed,calibration,daily-2019-06-24,1,1.0000534071848315e-12,0.999999999997,1.0000534071848315e-12,1.0000534071848315e-12,0.0,0.08928345134381464,0.5306122448979592,27.63096771016683,0.4885317157764775,0.3877551020408163,0.0,0.422184832879708,0.0816326530612245,0.22210544635909002,0.30997418175226943,False,1,0.0,0.0,0.0,
2019-06-25,2019-06-25,2019-06-26,2019-07-02,0.0049723767577123,0.048028370187197,0.1237460550774452,-0.0057390423676362,0.0439534471554321,0.1954976400081748,-0.0186995325116873,0.0137567686228596,0.1481995905397052,0.0021856086079354,0.0208939886966945,0.0632095563228164,0.0076696785038872,0.0346278317152102,0.0488521338198211,0.0035286470424364,0.0333715815643524,0.1033517431957597,0.0029190992493746,0.0079631181894384,0.0146952563001817,0.0,0.0,0.0,1.0,-0.0137338430185156,0.025408463374914,0.0194644421589911,0.0,0.0194644421589911,0.0009522721212813,0.0548316366183233,-0.0009522721212813,0.0,-0.1362425988235912,Mixed,calibration,daily-2019-06-25,1,1.0000076294206353e-12,0.9999999999970001,1.0000076294206353e-12,1.0000076294206353e-12,0.0,0.089283503295597,0.5670103092783505,27.631013486534016,0.48853342639796554,0.3092783505154639,0.0,0.42218307030643737,0.12371134020618556,0.2221044934232486,0.30997418175226943,False,1,0.0,0.0,0.0,
2019-06-28,2019-06-28,2019-07-01,2019-07-08,-0.0030892103676912,0.075329280800571,0.1039043146740703,-0.0075087602202569,0.0759119686463671,0.1782648481101832,0.0102771280742788,0.068836232753449,0.1494650820195664,-0.0016702856188407,0.0315843976527443,0.0539284588747971,0.0059399749895789,0.0325168467215746,0.0506177971533463,0.0104731625210399,0.0094348435310602,0.0970443664957929,0.0005548619780828,0.0045961002785515,0.0141976117402482,0.0,0.0,0.0,1.0,-0.0009324490688302,0.0048387432525087,0.0128486131055851,0.0,0.0128486131055851,0.0064870074507914,0.0925343144906193,0.0084649686342677,0.0,-0.6725619881055575,Risk-on,calibration,daily-2019-06-28,0,0.9999999999969994,1.0002098303579194e-12,1.0002098303579194e-12,1.0002098303579194e-12,27.630811307578938,0.630841119619584,0.7142857142857143,0.0,0.34539895714598495,0.22448979591836735,0.0,0.023759923234431136,0.061224489795918366,0.1490136801521354,0.30997418175226943,False,0,0.0,0.0,0.0,
2019-07-02,2019-07-02,2019-07-03,2019-07-10,0.0194644421589911,0.067749317931091,0.0797214897674097,0.0274460981268744,0.0887502998320941,0.1275816154452513,0.0266349068860978,0.0368885324779471,0.1275139400251972,0.0050327126321085,0.0221805152704315,0.0440402274874651,0.0110520279428631,0.0336851081974203,0.0502605203812902,0.0052743592116222,0.0198066272411527,0.0881094685443821,-0.0002772002772004,0.0034780189204228,0.0130540412087195,0.0,0.0,0.0,1.0,-0.0115045929269888,0.0163286083207299,0.0073232700642655,0.0,0.0073232700642655,0.0064870074507914,0.0798263507447264,0.0079584516514721,0.0,-0.5255641523944224,Risk-on,calibration,daily-2019-07-02,0,9.999732974726594e-13,0.9999999999969998,9.999732974726594e-13,9.999732974726594e-13,0.0,0.08928351195411083,0.7070707070707071,27.63102111592555,0.4885337115013817,0.25252525252525254,0.0,0.4221827765445076,0.04040404040404041,0.5387176004758005,0.30997418175226943,False,1,0.0,0.0,0.0,
2019-07-03,2019-07-03,2019-07-05,2019-07-11,0.0285572670428548,0.067184708563583,0.0792816946458873,0.0304173942432264,0.0888690476190476,0.1276181267046079,0.03601648947711,0.044476850164054,0.1286403167587406,0.0093991272239006,0.0236595744680851,0.0448952636171132,0.0158796489761805,0.0372266666666665,0.0496461075893136,0.0189979512013411,0.0329462852827338,0.0870572080441716,0.0009712779242403,0.0030589543937709,0.0129756605368693,0.0,0.0,0.0,1.0,-0.0135670921985813,0.0298873308889628,0.0017422248582126,0.0,0.0017422248582126,0.0064870074507914,0.0581274011234023,-0.0017792934722169,0.0,-0.4862728351864844,Risk-on,calibration,daily-2019-07-03,0,1.000045777411941e-12,0.999999999997,1.000045777411941e-12,1.000045777411941e-12,0.0,0.08928346000252589,0.6185567010309279,27.63097533956136,0.48853200088009674,0.30927835051546393,0.0,0.4221845391173774,0.07216494845360825,0.5387176654531769,0.30997418175226943,False,1,0.0,0.0,0.0,
2019-07-09,2019-07-09,2019-07-10,2019-07-16,0.0055834519973021,0.0392809513418892,0.0793613211877019,0.0074098650740985,0.0432940098499599,0.1158619812665257,-0.0045425955692222,0.0276314840199118,0.1323648688247655,-0.0011709601873536,0.0101505667399763,0.0492183381210759,-0.0068245269362009,0.0218085106382979,0.060675517074266,0.0024116501252202,0.0177999623281219,0.0901132318579883,-0.0019422863485016,0.0008347245409014,0.0139205916927335,0.0,0.0,0.0,1.0,-0.0116579438983215,0.0169652377872204,0.008570896217626,0.0,0.008570896217626,0.0035344795846986,0.0534021986972352,0.0046580957704489,0.0,-0.2891827488616376,Mixed,calibration,daily-2019-07-09,1,0.047425873177471926,0.952574126820528,9.99958486688303e-13,9.99958486688303e-13,24.582433764352807,0.22830513544968953,0.653061224489796,27.582433764352807,0.7705498860687613,0.28571428571428575,0.0,0.0011449784815490442,0.061224489795918366,0.08697605579181789,0.30997418175226943,False,1,0.0,0.0,0.0,
2019-07-12,2019-07-12,2019-07-15,2019-07-19,0.0079839578149949,0.0489046074236818,0.0779088139582938,0.0129820333041192,0.0574679780420861,0.1156715801071429,-0.0035510374599637,0.0238231506653312,0.1313609714518577,-0.0006677796327211,0.0111486486486485,0.0492635850692855,-0.0061216019921144,0.0139726897427756,0.0652702233519016,-0.0167639159025655,-0.0050609184629804,0.1045899094455914,0.0005555555555556,0.0006945409084597,0.0147898398316746,0.0,0.0,0.0,1.0,-0.0028240410941271,-0.0057554593714401,-0.0112732095490716,0.0,-0.0112732095490716,0.0118920511026839,0.068186099587579,0.0006262894193929,0.0,-0.5311673261571601,Risk-on,calibration,daily-2019-07-12,0,0.9999999999969981,1.0006716121462566e-12,1.0006716121462566e-12,1.0006716121462566e-12,27.630349729209797,0.6308372264139753,0.836734693877551,0.0,0.34539993901696436,0.1326530612244898,0.0,0.02376283456906024,0.030612244897959183,0.14901552903360554,0.30997418175226943,False,0,0.0,0.0,0.0,
2019-07-15,2019-07-15,2019-07-16,2019-07-22,0.0133945227968061,0.0508135515745535,0.0770594775716321,0.0234456887515859,0.0654108999023719,0.1125780303000255,0.0007732321102207,0.026978287527952,0.1288730563870982,0.0020073603211776,0.0125084516565248,0.0490473255048655,-0.003116883116883,0.0152364829118611,0.0653496388496282,-0.0123022847100175,-0.0017761989342806,0.1063940604221278,0.001389660922735,0.0012505210504376,0.0147653575459515,0.0,0.0,0.0,1.0,-0.0027280312553363,-0.0030267199847182,-0.0100511763189868,0.0,-0.0100511763189868,0.0118920511026839,0.0719430994814229,-0.0035344795846986,0.0,-0.5522439497083886,Risk-on,calibration,daily-2019-07-15,0,0.9999999999969907,1.0031214693339973e-12,1.0031214693339973e-12,1.0031214693339973e-12,27.62790450826253,0.6308165984411003,0.8484848484848485,0.0,0.34540513833512654,0.13131313131313133,0.0,0.023778263223773213,0.020202020202020204,0.14902532537091645,0.30997418175226943,False,0,0.0,0.0,0.0,
2019-07-16,2019-07-16,2019-07-17,2019-07-23,0.008570896217626,0.046253998485698,0.0798110477270555,0.0130640026347568,0.0535449252197739,0.1158172887097876,-0.0006318449873631,0.019626101282143,0.1271689839527091,0.0011723329425556,0.0120196377179617,0.0493561375199154,-0.0031233732431025,0.0126916975145425,0.0661249081226001,-0.0148977514573886,-0.0064395706952871,0.1066693905323032,0.0012510425354461,0.0013902405116084,0.0146959858765508,0.0,0.0,0.0,1.0,-0.0006720597965808,-0.0078298112068955,0.0006650655828559,0.0,0.0006650655828559,0.0083872159615739,0.0947011420829192,-0.0066506558285607,0.0,-0.5392685808935813,Risk-on,calibration,daily-2019-07-16,0,0.9999999999969998,1.0000610370159326e-12,1.0000610370159326e-12,1.0000610370159326e-12,27.630960080772297,0.6308423744080128,0.836734693877551,0.0,0.3453986406475397,0.14285714285714288,0.0,0.023758984944447364,0.020408163265306124,0.14901308425528392,0.30997418175226943,False,0,0.0,0.0,0.0,
2019-07-19,2019-07-19,2019-07-22,2019-07-26,-0.0112732095490716,0.014999611691814,0.0781316195573762,-0.0130319580381765,0.0136621126291236,0.10965618369819,-0.014115016420935,-0.0089210452374263,0.1245537153075467,-0.0040093551620448,-0.0073260073260074,0.0360804825157604,0.0056373316630127,0.0002076627556846,0.0585116515331013,0.0113036925395628,-0.0071210579857577,0.1119803810259627,0.0009716823986674,-0.0002772771384998,0.0143072663656515,0.0,0.0,0.0,0.6666666666666666,-0.007533670081692,-0.0068437808472578,0.0157984946717342,0.0,0.0157984946717342,0.0047405556372188,0.0774909830842631,0.0018630300320439,0.0,0.0442152239123025,Risk-off,calibration,daily-2019-07-19,2,1.000041962547325e-12,0.999999999997,1.000041962547325e-12,1.000041962547325e-12,0.0,0.08928346433186936,0.6262626262626263,27.630979154258625,0.4885321434319007,0.30303030303030304,0.0,0.4221843922362299,0.07070707070707072,0.2606772113175382,0.30997418175226943,False,1,0.0,0.0,0.0,
2019-07-22,2019-07-22,2019-07-23,2019-07-29,-0.0100511763189868,0.0129596142254366,0.0773861671147815,-0.0083548943510134,0.0232493464597587,0.1122357758839434,-0.010676406546323,-0.0017010418881565,0.1205906127187791,-0.0013355592654423,-0.0008351428094203,0.0367868991026735,0.0070870244919227,0.0069820758649437,0.0578262246856759,0.0073983892114628,0.0058911539180848,0.1048200940586851,0.0008326394671107,0.0004161464835621,0.014170508084166,0.0,0.0,0.0,0.6666666666666666,-0.007817218674364,0.0054750074345226,0.0123475156203511,0.0,0.0123475156203511,0.0047405556372188,0.0845009646865817,0.0072523058613507,0.0,0.0629207301662964,Risk-off,calibration,daily-2019-07-22,2,1.001878593401452e-12,0.9999999999969944,1.001878593401452e-12,1.001878593401452e-12,0.0,0.08928138098431218,0.6391752577319588,27.62914428487386,0.4884635755769145,0.27835051546391754,0.0,0.4222550434387733,0.08247422680412371,0.2606343102019818,0.30997418175226943,False,1,0.0,0.0,0.0,
2019-07-24,2019-07-24,2019-07-25,2019-07-31,0.0121629161242327,0.0365291585723535,0.0703093193946799,0.0153552953988564,0.0552317356120195,0.0913431534493008,0.0201684240322694,0.0405659015446802,0.1237116311590595,0.0046901172529312,0.0062070122462674,0.0339160051837959,0.0072719717431954,0.0109477635283077,0.0566396149817251,-0.0015797788309637,-0.0058295549181085,0.1037854259816862,0.0002773925104022,-0.0004158004158004,0.0140077517478031,0.0,0.0,0.0,1.0,-0.0047407512820403,-0.005413754502308,-0.0132662060855506,0.0,-0.0132662060855506,0.0150759298657473,0.102176635531082,-0.0047405556372188,0.0,-0.4272811740217279,Mixed,calibration,daily-2019-07-24,1,0.43782349911332624,0.5621765008846737,1.0000226470259871e-12,1.0000226470259871e-12,26.805059049278157,0.24226696992419294,0.7551020408163265,27.055059049278157,0.757042405187387,0.1836734693877551,0.0,0.0006906248884200626,0.061224489795918366,0.09262848623860356,0.30997418175226943,False,1,0.0,0.0,0.0,
2019-07-25,2019-07-25,2019-07-26,2019-08-01,0.0037060371344921,0.0325987494280919,0.0734934097768235,0.0046230827803763,0.0404438686419197,0.100594076813204,0.0038773352132535,0.0298690966948722,0.1330816797115256,0.0026787209107652,0.0052030882846594,0.0344148441220587,0.0018658650357625,0.0097158378604262,0.0575182965534029,-0.0064114476863036,-0.0041907245297074,0.1026626963179304,-0.0016622800941958,0.0,0.013652706940401,0.0,0.0,0.0,1.0,-0.0045127495757668,-0.0041907245297074,-0.0165786655835765,0.0,-0.0165786655835765,0.0230357273861054,0.1090064051726222,0.0066093121146106,0.0,-0.3853225002550086,Mixed,calibration,daily-2019-07-25,1,0.9770226300880203,0.02297736990997966,1.0000623378614674e-12,1.0000623378614674e-12,27.60771331563558,0.28474629457606526,0.7878787878787878,23.85771331563558,0.7143490004057415,0.1717171717171717,0.0,0.0009047050181933198,0.0404040404040404,0.1109538222797047,0.30997418175226943,False,0,0.0,0.0,0.0,
2019-08-01,2019-08-01,2019-08-02,2019-08-08,-0.0165786655835765,-0.0127145346035514,0.0822701274478207,-0.0162958150614477,-0.0067238834526869,0.1106559887679614,-0.0066011235955055,-0.0124956369982547,0.1335968554396851,-0.0010018367006178,-0.0051546391752578,0.0310384789000692,0.0094154164511122,0.0032908268202387,0.0587688208954871,0.0332928083793133,0.0097788338512154,0.1203806892551206,0.0030525877618983,0.0020792902689217,0.0165725109462283,0.0,0.0,0.0,0.0,-0.0084454659954965,0.0076995435822937,-0.0047683412179919,0.0,-0.0047683412179919,0.0371329879101898,0.3018502399670079,-0.0080723886761281,0.0,0.7288691161018591,Risk-off,calibration,daily-2019-08-01,2,1.0004311537080668e-12,0.9999999999969987,1.0004311537080668e-12,1.0004311537080668e-12,0.0,0.08928302269718626,0.25510204081632654,27.63059005513753,0.4885176031283702,0.5612244897959184,0.0,0.4221993741744435,0.1836734693877551,0.2606681135757843,0.30997418175226943,False,1,0.0,0.0,0.0,
2019-09-09,2019-09-09,2019-09-10,2019-09-16,0.0196561127101955,0.0226383560603182,0.2003044705447653,0.0198738346452296,0.0251964085297418,0.2376467545170964,0.0211174659040915,0.0087649402390437,0.2383543510206471,0.0051435208229633,0.015761234071093,0.0554880711727563,-0.0101462250074604,0.0123092573753815,0.0627935723143607,-0.025933006400133,0.0242985752993618,0.1909091986707316,-0.0016517549896766,0.0015189174261254,0.0170490413176878,0.0,0.0,0.0,1.0,0.0034519766957115,0.0227796578732364,0.0067228763510751,0.0,0.0067228763510751,0.0038224051749484,0.0648996280049694,-0.0003714296326563,0.0,0.0945345911285397,Risk-off,calibration,daily-2019-09-09,2,9.999885559706862e-13,0.9999999999969997,9.999885559706862e-13,9.999885559706862e-13,0.0,0.08928351195411083,0.336734693877551,27.63102111592555,0.4885337115013817,0.5510204081632653,0.0,0.4221827765445076,0.11224489795918366,0.26067819245316404,0.30997418175226943,False,1,0.0,0.0,0.0,
2019-09-16,2019-09-16,2019-09-17,2019-09-23,0.0067228763510751,0.0394630872483217,0.1460137102947113,0.0025726640757568,0.0334593466117474,0.1863395185298455,0.0395662789027719,0.0626881010056523,0.2059217413690872,0.002641135688346,0.020154517971112,0.0384611876640066,-0.0144709074464879,-0.0172361960116245,0.0718268640673168,-0.0343885997098728,-0.0520231213872832,0.1811281918481639,-0.002619605680408,-0.0044040737682354,0.0158718557950731,0.0,0.0,0.0,1.0,0.0373907139827365,-0.0476190476190477,0.0033376717024988,0.0,0.0033376717024988,0.0003913224204524,0.01737004420471,0.0024719598583233,0.0,-0.8755276673817395,Risk-on,calibration,daily-2019-09-16,0,0.999999999997,1.0000228884425302e-12,1.0000228884425302e-12,1.0000228884425302e-12,27.630998227744954,0.6308426961449894,0.7474747474747475,0.0,0.3453985594919225,0.21212121212121213,0.0,0.02375874436308812,0.04040404040404041,0.1490129314630742,0.30997418175226943,False,0,0.0,0.0,0.0,
2019-09-17,2019-09-17,2019-09-18,2019-09-24,0.0095864452123508,0.029516520157623,0.1410199025543868,0.0103205972771189,0.0221605109691751,0.1791464686107648,0.0239733314419461,0.0490481034733323,0.2051525312683155,0.0028048176868504,0.0179199464076369,0.0378420031255657,-0.0036481556546413,-0.0114618942288357,0.0721870578969239,-0.0118127334317728,-0.0330613632500425,0.1776965007690268,-0.0005524098881368,-0.0028933590520803,0.0156667885099625,0.0,0.0,0.0,1.0,0.0293818406364726,-0.0301680041979621,-0.0071267589518382,0.0,-0.0071267589518382,0.0079834417504436,0.0585965780338376,0.0005152552353613,0.0,-0.6728474565821616,Risk-on,calibration,daily-2019-09-17,0,0.9999999999969997,9.999961853070101e-13,9.999961853070101e-13,9.999961853070101e-13,27.63102111592555,0.6308428891864355,0.787878787878788,0.0,0.34539851079813355,0.18181818181818182,0.0,0.023758600015430953,0.030303030303030304,0.14901283978812405,0.30997418175226943,False,0,0.0,0.0,0.0,
2019-09-18,2019-09-18,2019-09-19,2019-09-25,0.0026555526869027,0.0382294531011302,0.1367003583297933,0.0004894762604013,0.029665286018135,0.1762005110684441,-0.0032654762731882,0.0495281293437706,0.204887369357706,0.0021448605840621,0.0163989290495314,0.0382404280324263,-0.0003042596348884,-0.0146941223510597,0.0692033808740794,-0.0058296354302619,-0.0388627187079406,0.1735259567031962,-0.0011048197762739,-0.0041305245766212,0.0154086784242955,0.0,0.0,0.0,1.0,0.0310930514005911,-0.0347321941313194,-0.0019441987504693,0.0,-0.0019441987504693,0.0079834417504436,0.0780014415521453,-0.0001103549751702,0.0,-0.793452390888258,Risk-on,calibration,daily-2019-09-18,0,0.999999999997,1.000019073665228e-12,1.000019073665228e-12,1.000019073665228e-12,27.63100204244222,0.6308427283186052,0.7959183673469388,0.0,0.34539855137631204,0.17346938775510204,0.0,0.023758720305082758,0.03061224489795918,0.1490129161838949,0.30997418175226943,False,0,0.0,0.0,0.0,
2019-09-20,2019-09-20,2019-09-23,2019-09-27,-2.3481140754344487e-05,0.0296048914484898,0.1347708970709684,-0.0090227198608544,0.0148057441834577,0.1784411233331208,-0.0119303599916764,0.0358493310063989,0.2052420261632891,0.003634561374525,0.0103109928488274,0.0361056538118148,0.0197745901639345,-0.0032048072108161,0.0737275595071521,0.0391086450689099,-0.0102293069644532,0.1797040241043454,0.0017985611510791,-0.0016544877981525,0.0156532581897158,0.0,0.0,0.0,1.0,0.0135158000596435,-0.0085748191663006,-0.0089510282586181,0.0,-0.0089510282586181,0.0096836191602602,0.0848016436576696,0.0007397544015386,0.0,-0.4193769645560382,Mixed,calibration,daily-2019-09-20,1,0.999999999997,1.000019073665228e-12,1.000019073665228e-12,1.000019073665228e-12,27.63100204244222,0.6308427283186052,0.7346938775510204,0.0,0.34539855137631204,0.22448979591836735,0.0,0.023758720305082758,0.04081632653061225,0.30997478313337246,0.30997418175226943,False,0,0.0,0.0,0.0,
2019-09-24,2019-09-24,2019-09-25,2019-10-01,-0.0071267589518382,0.0377104601500015,0.0923022822438403,-0.0221147576613779,0.0190826727066817,0.133329239944083,-0.0282607189859389,0.0407270029673589,0.1756869718675269,-0.002303389272787,0.0081463009143807,0.0271211990039197,0.0147477624084622,-0.0045894442781603,0.0733626536883037,0.0326975476839237,-0.0106105263157895,0.1744976468412323,0.002210860853945,-0.0011017766147912,0.0149801346615824,0.0,0.0,0.0,1.0,0.012735745192541,-0.0095087497009982,-0.0087928464977643,0.0,-0.0087928464977643,0.014447655034452,0.1148277109991053,0.0057377049180329,0.0,-0.6528811496118836,Risk-on,calibration,daily-2019-09-24,0,0.9999999999969997,1.0001258929306154e-12,1.0001258929306154e-12,1.0001258929306154e-12,27.63089523091878,0.6308418274517372,0.7346938775510204,0.0,0.3453987786100566,0.22448979591836735,0.0,0.02375939393820616,0.04081632653061225,0.14901334400377775,0.30997418175226943,False,0,0.0,0.0,0.0,
2019-09-30,2019-09-30,2019-10-01,2019-10-07,-0.0050635718509757,0.0247221303638274,0.083605262547222,-0.0088815789473684,0.0092111874057947,0.1402615641241248,-0.0221223400519697,0.0209708168353131,0.1618607353013277,-0.0029644268774703,0.0044798407167745,0.0267236025331554,0.0031168308867886,-0.0075599323585,0.0745231117395629,0.0086140063743647,-0.0267641925027013,0.1739086753900326,0.0012420645873585,-0.0013764624913972,0.0156581492264259,0.0,0.0,0.0,1.0,0.0120397730752745,-0.0253877300113041,-0.0124447416323043,0.0,-0.0124447416323043,0.0290872617853559,0.2057996132374251,-0.0117017719826143,0.0,-0.5701921012731953,Risk-on,calibration,daily-2019-09-30,0,0.9999999999969998,1.000068666905245e-12,1.000068666905245e-12,1.000068666905245e-12,27.630952451377766,0.6308423100604389,0.7551020408163265,0.0,0.345398656878557,0.20408163265306123,0.0,0.023759033061004065,0.04081632653061225,0.14901311481381663,0.30997418175226943,False,0,0.0,0.0,0.0,
2019-10-09,2019-10-09,2019-10-10,2019-10-16,0.0102923171104989,-0.0211288814651248,0.1240615731897624,0.0173079105663376,-0.0250176755316255,0.1523541848416073,-0.0008859357696565,-0.0597512679774889,0.1273320499807959,0.0021652231845437,-0.0072595281306714,0.035779700115824,0.0025037556334501,0.0152129817444219,0.0604538124944984,0.0050964070330417,0.0295832245714782,0.1418618508485306,0.000962728648054,0.0051097914652673,0.014359467621819,0.0,0.0,0.0,0.0,-0.0224725098750934,0.0244734331062108,0.0252224957394431,0.0,0.0252224957394431,0.0014017484968091,0.0895789846210699,0.0074607081992048,0.0,1.2240483261334896,Risk-off,calibration,daily-2019-10-09,2,1.0040670861257569e-12,1.0040670861257569e-12,0.9999999999969879,1.0040670861257569e-12,0.0,8.65922765331064e-06,0.10526315789473685,0.0,2.4930374302684545e-06,0.3684210526315789,27.626962278037922,0.9999888477349165,0.5263157894736842,3.8650804380509796e-06,0.30997418175226943,False,2,0.0,0.0,0.0,
2019-10-25,2019-10-25,2019-10-28,2019-11-01,0.0117616599474792,0.0209375233261179,0.1341320444754593,0.0205949656750572,0.0460713687384821,0.1549999293884071,0.01516661919681,0.0250934713833763,0.1400512297158529,0.0034584980237153,0.0076070778898627,0.0365424025271273,0.000400922120878,0.0037208366854384,0.0443640106339737,-0.007603565810173,-0.0278253424657534,0.1109378316117686,-0.0008256501995321,0.0013791201213624,0.0126629357392662,0.0,0.0,0.0,1.0,0.0038862412044242,-0.0292044625871158,0.0151709011149696,0.0,0.0151709011149696,0.002899391127863,0.0780973922669071,0.0057759093401572,0.0,-0.1800953265457606,Mixed,calibration,daily-2019-10-25,1,0.9999999999969997,9.999923706315724e-13,9.999923706315724e-13,9.999923706315724e-13,27.63102111592555,0.6308428891864355,0.7959183673469388,0.0,0.34539851079813355,0.17346938775510204,0.0,0.023758600015430953,0.03061224489795918,0.3099748107213935,0.30997418175226943,False,0,0.0,0.0,0.0,
2019-11-06,2019-11-06,2019-11-07,2019-11-13,0.0094230211655548,0.0548002272296912,0.0700537977675094,0.0140501564074013,0.0668823562224576,0.1087111265050212,0.0118170443486722,0.075592994901352,0.1101063918362143,0.0006585446163978,0.0101379424962606,0.0288852883032698,0.0022086135930128,-0.0026973026973026,0.0551171438393253,-0.0081407563025209,-0.0424237302459223,0.1377465226360384,0.0002752924982794,-0.0015114042319318,0.0109431468307126,0.0,0.0,0.0,1.0,0.0128352451935632,-0.0409123260139905,0.0067499640959356,0.0,0.0067499640959356,0.0018201284796571,0.0331128170202311,0.0036981186270288,0.0,-0.8903094661159382,Risk-on,calibration,daily-2019-11-06,0,0.9999999999969997,9.999999999969996e-13,9.999999999969996e-13,9.999999999969996e-13,27.63102111592555,0.6308428891864355,0.9090909090909092,0.0,0.34539851079813355,0.08080808080808081,0.0,0.023758600015430953,0.010101010101010102,0.14901283978812405,0.30997418175226943,False,0,0.0,0.0,0.0,
2019-11-08,2019-11-08,2019-11-11,2019-11-15,0.0090025207057975,0.0427986602158538,0.0616996492993186,0.0118691245207709,0.052956607279484,0.1010836222356719,0.0062568756875687,0.0590491352485706,0.0987575844142939,0.0003290014805066,0.0051239669421487,0.0254786619238346,-0.0138570431661848,-0.004127655290446,0.0579658451569563,-0.0401975223078922,-0.0376965169808042,0.1373147767381695,-0.0017874329712637,-0.0002754062241807,0.0102447789187651,0.0,0.0,0.0,1.0,0.0092516222325947,-0.0374211107566234,0.0093147751605997,0.0,0.0093147751605997,0.0018201284796571,0.0532815484973212,-0.0018201284796571,0.0,-0.7632221522336975,Risk-on,calibration,daily-2019-11-08,0,0.9999999999969998,9.999771120753386e-13,9.999771120753386e-13,9.999771120753386e-13,27.63102111592555,0.6308428891864355,0.9090909090909092,0.0,0.34539851079813355,0.08080808080808081,0.0,0.023758600015430953,0.010101010101010102,0.14901283978812405,0.30997418175226943,False,0,0.0,0.0,0.0,
2019-11-13,2019-11-13,2019-11-14,2019-11-20,0.0067499640959356,0.0357947619223522,0.0546421546048154,0.0092021332217924,0.0443109884758967,0.0930109401408002,-0.0002061005770815,0.0438244154353753,0.0956481506824118,-0.0008226390259954,0.0016493485073394,0.0251054253151448,-0.0056095362115596,-0.0023115577889447,0.056507877908701,-0.010766922601712,-0.0227550130775937,0.1329051505446315,-0.0001376083665887,0.0001376462491395,0.0102342222168442,0.0,0.0,0.0,1.0,0.0039609062962842,-0.0228926593267333,0.0053851640513553,0.0,0.0053851640513553,0.0037459801392374,0.0624875132244628,0.0012838801711843,0.0,-0.6417123411654841,Risk-on,calibration,daily-2019-11-13,0,0.9999999999969998,9.999656683109553e-13,9.999656683109553e-13,9.999656683109553e-13,27.63102111592555,0.6308428891864355,0.9090909090909092,0.0,0.34539851079813355,0.08080808080808081,0.0,0.023758600015430953,0.010101010101010102,0.14901283978812405,0.30997418175226943,False,0,0.0,0.0,0.0,
2019-11-18,2019-11-18,2019-11-19,2019-11-25,0.0117272694769208,0.0398339029140482,0.0519016959638418,0.0104984148433033,0.0500648088139987,0.081867261572161,-0.0015748031496064,0.029002893232658,0.0843552198730849,0.000329055610398,0.0008230452674897,0.0272934173964762,0.009904992925005,0.003817560779586,0.05870909409523,0.022280353599134,-0.0020253610426206,0.1365357639992739,0.0017906336088155,0.0012389867841409,0.0106192729712071,0.0,0.0,0.0,1.0,-0.0029945155120962,-0.0032643478267615,0.0043114111036504,0.0,0.0043114111036504,0.0053715941619254,0.067189532771774,-0.000212036611655,0.0,-0.5636492477115144,Risk-on,calibration,daily-2019-11-18,0,0.9999999999969988,1.00042352105321e-12,1.00042352105321e-12,1.00042352105321e-12,27.630597684532063,0.6308393178325068,0.8383838383838383,0.0,0.3453994115817319,0.14141414141414144,0.0,0.023761270585761343,0.020202020202020204,0.1490145358190355,0.30997418175226943,False,0,0.0,0.0,0.0,
2019-11-19,2019-11-19,2019-11-20,2019-11-26,0.0095635727795024,0.0432169327777569,0.0485859079914553,0.0090687671658806,0.0600468180086015,0.0722625117259237,0.0018480492813142,0.0321557012904589,0.0847007393072026,-0.0034545155453199,-0.002798353909465,0.030232187142968,0.0109046849757672,0.0041119245812857,0.0588185108932462,0.0261291191523749,0.0004377133852753,0.138248239122699,0.0013770311209031,0.0008257638315443,0.010610445729956,0.0,0.0,0.0,1.0,-0.0069102784907507,-0.0003880504462689,0.0066452228623943,0.0,0.0066452228623943,0.0051606517973914,0.0668605176013991,-0.0035346930119118,0.0,-0.5363929468511817,Risk-on,calibration,daily-2019-11-19,0,0.9999999999969943,1.0019321009196743e-12,1.0019321009196743e-12,1.0019321009196743e-12,27.62909087911214,0.6308266074727799,0.8484848484848485,0.0,0.34540261618771056,0.12121212121212122,0.0,0.023770776339509452,0.030303030303030304,0.14902057200111762,0.30997418175226943,False,0,0.0,0.0,0.0,
2019-11-22,2019-11-22,2019-11-25,2019-12-02,-0.002510519430006,0.0312557119356606,0.0532390084640225,-0.005301626518427,0.0316570574418109,0.0723891221465051,-0.0045137464095198,0.0209721540295995,0.0883896536385349,-0.0027928371940199,-0.0037748235680288,0.0335155970709217,0.004909327722673,0.004909327722673,0.0596994150339973,0.0155573234332184,0.0118009687362394,0.1434459755716558,0.0001375515818431,0.001377220768489,0.0106661010292482,0.0,0.0,0.0,1.0,-0.0086841512907018,0.0104237479677504,0.0020560085076213,0.0,0.0020560085076213,0.0119193260861966,0.1014281116646185,0.0074087203119459,0.0,-0.3864264135156174,Mixed,calibration,daily-2019-11-22,1,0.1824255238059915,0.8175744761920085,1.0000561449780365e-12,1.0000561449780365e-12,25.92955169454183,0.23479393525417172,0.7346938775510204,27.42955169454183,0.7643842991278413,0.22448979591836735,0.0,0.0008217656179869168,0.04081632653061225,0.08954775095765766,0.30997418175226943,False,1,0.0,0.0,0.0,
2019-11-25,2019-11-25,2019-11-26,2019-12-03,0.0043114111036504,0.0329298876894557,0.0552378450499151,0.0056575631332613,0.0336205529417985,0.0755661934916348,0.0194074886846797,0.0337273991655076,0.1111091038327368,0.0009868421052632,-0.0011488593467914,0.0349844731707477,0.0075060048038431,0.0115554662379422,0.0596631089972519,0.0166769610870907,0.0239957340917169,0.1389318985090117,-0.0001374948439434,0.0017908802865407,0.0105896650279566,0.0,0.0,0.0,1.0,-0.0127043255847336,0.0222048538051762,-0.0121749533762623,0.0,-0.0121749533762623,0.0187353629976581,0.0895466173135037,0.0021112635912592,0.0,-0.320636305035906,Mixed,calibration,daily-2019-11-25,1,1.0052666584740462e-12,0.9999999999969843,1.0052666584740462e-12,1.0052666584740462e-12,0.0,0.0892775429112168,0.5612244897959184,27.62576827779378,0.4883374141429919,0.35714285714285715,0.0,0.42238504294579127,0.0816326530612245,0.2222136990575747,0.30997418175226943,False,1,0.0,0.0,0.0,
2019-11-27,2019-11-27,2019-11-29,2019-12-05,0.0148274271930757,0.0368585097129599,0.055156686786877,0.0192715060707826,0.0459678702083663,0.0684039816285284,0.0267361349146499,0.0410816071180313,0.1113501092531405,0.0092638544251446,0.0044451761606847,0.0344331628277729,0.0059820538384847,0.0129505069772111,0.0578886502268746,0.0008661008141348,0.0115546218487394,0.1317446508196522,-0.0005497526113249,0.0009635237439777,0.0107299804946842,0.0,0.0,0.0,1.0,-0.0085053308165263,0.0105910981047616,-0.0105561187039044,0.0,-0.0105561187039044,0.0187353629976581,0.0985709636059605,-0.0034604495088955,0.0,-0.4277358719157331,Mixed,calibration,daily-2019-11-27,1,1.00042352105321e-12,0.9999999999969988,1.00042352105321e-12,1.00042352105321e-12,0.0,0.08928303135749838,0.7272727272727273,27.630597684532063,0.48851788823273995,0.22222222222222224,0.0,0.4221990804097616,0.05050505050505051,0.2221131493421713,0.30997418175226943,False,1,0.0,0.0,0.0,
2019-11-29,2019-11-29,2019-12-02,2019-12-06,0.0129685556937291,0.0362750799651059,0.0558249182549558,0.016880695940348,0.0406995230524642,0.0723683072098391,0.0253618194348725,0.0402740875402041,0.1121047226930237,0.0066148503390111,0.0054509415262635,0.0332429147645431,0.0064974010395841,0.0047899411236402,0.054986253068387,0.0049677531811052,-0.0040594230437035,0.1228750946204172,0.0002750275027503,-0.0005496015388843,0.0086075498987078,0.0,0.0,0.0,1.0,0.0006610004026232,-0.0035098215048191,0.0015783935461239,0.0,0.0015783935461239,0.0153279551034726,0.1231122726410346,-0.0084882497369345,0.0,-0.5822688989666208,Risk-on,calibration,daily-2019-11-29,0,0.9999999999969997,9.999923706315724e-13,9.999923706315724e-13,9.999923706315724e-13,27.63102111592555,0.6308428891864355,0.9090909090909092,0.0,0.34539851079813355,0.08080808080808081,0.0,0.023758600015430953,0.010101010101010102,0.14901283978812405,0.30997418175226943,False,0,0.0,0.0,0.0,
2019-12-02,2019-12-02,2019-12-03,2019-12-09,0.0020560085076213,0.0179330212459487,0.0595134691384059,0.0057956015523932,0.0207972270363951,0.0794833294228627,0.0125721352019785,0.0134075907590758,0.104227866137994,0.002141680395387,0.0006580029610132,0.0300704465225842,-0.0004985044865403,-0.0005981457481806,0.0572649714500834,-0.0097484550439551,-0.0143810101360132,0.1312404306999203,0.0001375326640078,-0.0001374948439434,0.008307771991771,0.0,0.0,0.0,1.0,0.0012561487091938,-0.0142435152920697,0.0071458893448421,0.0,0.0071458893448421,0.0068982595160606,0.1027479375686231,-0.0068982595160606,0.0,-0.4255995349357995,Mixed,calibration,daily-2019-12-02,1,0.9999999999969998,9.999656683109553e-13,9.999656683109553e-13,9.999656683109553e-13,27.63102111592555,0.6308428891864355,0.8484848484848485,0.0,0.34539851079813355,0.12121212121212122,0.0,0.023758600015430953,0.030303030303030304,0.3099748107213935,0.30997418175226943,False,0,0.0,0.0,0.0,
2019-12-06,2019-12-06,2019-12-09,2019-12-13,0.0015783935461239,0.0214630656412089,0.0727416062086153,-0.0005092168245238,0.022824387701928,0.0909202439343212,0.0068557601828203,0.0262382681372885,0.1105521155930085,0.0039428289797931,0.0059259259259258,0.0312941151342677,0.0003972589134968,0.0169611307420496,0.0445217802942305,-0.0130084121064955,0.0229192881538737,0.1268245569805468,-0.00013747594171,0.0019286403085825,0.0081400111647264,0.0,0.0,0.0,1.0,-0.0110352048161237,0.0209906478452912,0.0078445105935918,0.0,0.0078445105935918,0.0039572754333743,0.0709713113261658,-0.0029767116091752,0.0,-0.1811056595169347,Mixed,calibration,daily-2019-12-06,1,1.000763230562454e-12,0.9999999999969977,1.000763230562454e-12,1.000763230562454e-12,0.0,0.08928264594230874,0.7346938775510204,27.630258176475422,0.4885052010736145,0.23469387755102042,0.0,0.4222121529840769,0.030612244897959183,0.2221202171608052,0.30997418175226943,False,1,0.0,0.0,0.0,
2019-12-12,2019-12-12,2019-12-13,2019-12-19,0.0159677818207513,0.025641940085592,0.0788081174969092,0.0181771369721936,0.0244016164128069,0.0962328732228344,0.0187073681366922,0.036487322201608,0.111951527206749,0.0081940347427074,0.013008397826445,0.0325599264042644,-0.0013891645167691,0.0138007454417246,0.0490999949882538,-0.0119713386927647,0.0087429743955749,0.1406318351448705,-0.0009621993127146,0.0002752546105149,0.0094192564854488,0.0,0.0,0.0,1.0,-0.0007923476152795,0.00846771978506,0.0119614729302135,0.0,0.0119614729302135,0.0,0.0481196925040976,0.000695434472687,0.0,-0.3711082051954572,Mixed,calibration,daily-2019-12-12,1,0.9999999999969995,1.0002021993916193e-12,1.0002021993916193e-12,1.0002021993916193e-12,27.63081893697347,0.6308411839682593,0.7959183673469388,0.0,0.3453989409156232,0.17346938775510204,0.0,0.023759875116117723,0.03061224489795918,0.30997451829607775,0.30997418175226943,False,0,0.0,0.0,0.0,
2019-12-13,2019-12-13,2019-12-16,2019-12-20,0.0078445105935918,0.0250391793702808,0.0788352545642403,0.0106990014265335,0.028621798195582,0.0961776497149465,0.0027369826435246,0.0325840379459683,0.1137290046183281,0.0076910489281623,0.0146646894051738,0.0322045893323083,0.0056586915516727,0.0151317767311351,0.0509115263543001,0.0050083472454089,0.0099779249448124,0.1418472377439962,0.0005499793757732,0.0006875687568757,0.0099875354566695,0.0,0.0,0.0,1.0,-0.0004670873259613,0.0092903561879367,0.0216477014489733,0.0,0.0216477014489733,0.0,0.0700062671133982,0.0069147642378122,0.0,-0.3717683500687277,Mixed,calibration,daily-2019-12-13,1,0.9999999999969998,9.999771120753386e-13,9.999771120753386e-13,9.999771120753386e-13,27.63102111592555,0.6308428891864355,0.836734693877551,0.0,0.34539851079813355,0.14285714285714288,0.0,0.023758600015430953,0.020408163265306124,0.3099748107213935,0.30997418175226943,False,0,0.0,0.0,0.0,
2019-12-16,2019-12-16,2019-12-17,2019-12-23,0.0178433438707414,0.0246455217283692,0.0784523655962086,0.0254874865653309,0.0313465101914762,0.098791915202533,0.0123770656318993,0.0348789495281083,0.1149181002527277,0.0098183603338242,0.0137999014292755,0.0315538635323787,0.003574620196604,0.0126239855725878,0.0520128003243197,-0.0061376589215256,0.0019446654291523,0.1457808092587546,0.0,0.0004126547455296,0.0101467610048592,0.0,0.0,0.0,1.0,0.0011759158566877,0.0015320106836227,0.0159501414743732,0.0,0.0159501414743732,0.0,0.0681194959833487,0.0001725446890745,0.0,-0.3992135854724787,Mixed,calibration,daily-2019-12-16,1,0.9999999999969998,9.999656683109553e-13,9.999656683109553e-13,9.999656683109553e-13,27.63102111592555,0.6308428891864355,0.888888888888889,0.0,0.34539851079813355,0.10101010101010102,0.0,0.023758600015430953,0.010101010101010102,0.3099748107213935,0.30997418175226943,False,0,0.0,0.0,0.0,
2020-01-10,2020-01-10,2020-01-13,2020-01-17,0.0099356902242331,0.0466622177305759,0.0776855900767427,0.0198530485134544,0.0679201059818608,0.0946646418129829,-0.001771072482781,0.0176541393607063,0.0610811140081491,0.001928330387273,0.0158031932225479,0.0247268549533142,0.000294753389664,0.0070227497527202,0.0459257157233288,-0.0048857093002966,-0.0078288100208767,0.1282360357127969,-0.0005483207676492,0.0021993127147765,0.0080255607085131,0.0,0.0,0.0,1.0,0.0087804434698277,-0.0100281227356533,0.0195748121694014,0.0,0.0195748121694014,0.0015390277359561,0.0618625451452016,0.00700785013982,0.0,-0.718921161582703,Risk-on,calibration,daily-2020-01-10,0,0.999999999997,1.000030518040791e-12,1.000030518040791e-12,1.000030518040791e-12,27.630990598350422,0.6308426317977132,0.8787878787878788,0.0,0.3453985757231169,0.11111111111111112,0.0,0.023758792479170066,0.010101010101010102,0.1490129620214557,0.30997418175226943,False,0,0.0,0.0,0.0,
2020-01-17,2020-01-17,2020-01-21,2020-01-27,0.0195748121694014,0.0496984154945181,0.077522103114201,0.0226632950045326,0.068281499202552,0.1010563039433324,0.0258246812984623,0.0244110505938712,0.0680696196749685,-0.0003207698476344,0.0051604579906465,0.0215761150123412,0.0022591101070621,0.0110978993261989,0.0363557445269493,-0.0029808872523233,0.0130055228932834,0.1055741700798212,0.0008229323823891,0.0030240549828177,0.0052373906403327,0.0,0.0,0.0,1.0,-0.0059374413355524,0.0099814679104657,-0.0256096755006279,0.0,-0.0256096755006279,0.0256096755006279,0.115784139664702,-0.0021809530103761,0.0,-0.4842786050403155,Risk-on,calibration,daily-2020-01-17,0,1.0142570170573908e-12,0.9999999999969573,1.0142570170573908e-12,1.0142570170573908e-12,0.0,0.08926739043902522,0.7575757575757576,27.616864774375813,0.48800467601774883,0.20202020202020204,0.0,0.422727933543226,0.04040404040404041,0.5387377647951894,0.30997418175226943,False,1,0.0,0.0,0.0,
2020-01-24,2020-01-24,2020-01-27,2020-01-31,-0.006366681035912,0.023394808743169,0.0823887777512265,0.0018753809367528,0.0508482911236785,0.1087349189159713,-0.0246629608331735,-0.0081221572449642,0.0886764359555013,-0.0083360051298493,-0.0016139444803099,0.0298520196716444,0.0082312591866733,0.017202174987642,0.0392665541132086,0.0205754141238012,0.0382261640798227,0.115023662188494,0.001507882111035,0.0041231445849367,0.0050709902335712,0.0,0.0,0.0,0.6666666666666666,-0.018816119467952,0.0341030194948859,-0.0212915067578842,0.0,-0.0212915067578842,0.0212915067578842,0.1951318325847003,-0.0159519439345904,0.0,0.1925680836263711,Risk-off,calibration,daily-2020-01-24,2,9.999999999969996e-13,0.9999999999969997,9.999999999969996e-13,9.999999999969996e-13,0.0,0.08928351195411083,0.2631578947368421,27.63102111592555,0.4885337115013817,0.631578947368421,0.0,0.4221827765445076,0.10526315789473685,0.26067819245316404,0.30997418175226943,False,1,0.0,0.0,0.0,
2020-01-30,2020-01-30,2020-01-31,2020-02-06,-0.0125979565519295,0.017930188164712,0.105174110220048,-0.0088631090487238,0.0469584824273321,0.1391131529404778,-0.0215901745313508,-0.0107189542483658,0.1016830156678951,-0.0019317450096586,-0.0006447453255963,0.0495590291074452,0.0069119937694703,0.0218336297174472,0.0364330611307168,0.0258353427488804,0.0671922594517111,0.1227889844071363,0.0020539504313297,0.0045298558682225,0.0067754736703392,0.0,0.0,0.0,0.6666666666666666,-0.0224783750430436,0.0626624035834886,0.0192552407742281,0.0,0.0192552407742281,0.0179157457638471,0.2060643825312136,-0.0179157457638471,0.0,0.3992725533426449,Risk-off,calibration,daily-2020-01-30,2,1.000660160433996e-12,0.9999999999969981,1.000660160433996e-12,1.000660160433996e-12,0.0,0.08928276287278508,0.22448979591836735,27.630361173301594,0.4885090499902277,0.5918367346938775,0.0,0.42220818713698716,0.1836734693877551,0.26066276201525357,0.30997418175226943,False,1,0.0,0.0,0.0,
2020-02-03,2020-02-03,2020-02-04,2020-02-10,0.0018991419947773,0.0052400558031913,0.1196859645505184,0.0195909785932721,0.0382949734806092,0.1461463049185032,-0.0072194992714267,-0.0167923909478517,0.1315052918009859,0.0048828125,-0.0078740157480313,0.0488069323357006,0.0051411388107478,0.0180782078993908,0.0358764539977075,0.0103465679676986,0.0478974001046936,0.1128848168615197,0.0015039649986328,0.004112405757368,0.0078921561399934,0.0,0.0,0.0,0.6666666666666666,-0.0259522236474222,0.0437849943473256,0.0327657990048402,0.0,0.0327657990048402,0.0050596313697145,0.1244631557294218,0.0152320346613412,0.0,0.627205513421587,Risk-off,calibration,daily-2020-02-03,2,1.0031635628691362e-12,0.9999999999969906,1.0031635628691362e-12,1.0031635628691362e-12,0.0,0.08927992456322888,0.18367346938775508,27.62786254659261,0.48841567734632196,0.6530612244897959,0.0,0.4223043980904491,0.16326530612244897,0.26060434333179505,0.30997418175226943,False,1,0.0,0.0,0.0,
2020-02-21,2020-02-21,2020-02-24,2020-02-28,-0.0110308473252632,0.0049598254141451,0.1405533205280356,-0.0158129175946548,0.025290023201856,0.1863068960243344,-0.0090593677717809,-0.0030381383322559,0.1568587242009756,-0.000958007344723,0.0072440437862202,0.054506105345588,0.0083960625361898,0.017231308411215,0.0297160265346302,0.0286243475332548,0.0521873923527385,0.1252564386631922,0.0019133524668579,0.0038340408051484,0.0101612780632598,0.0,0.0,0.0,0.6666666666666666,-0.0099872646249947,0.04835335154759,-0.1116046458066002,0.0,-0.1116046458066002,0.1116046458066002,0.2912900568330022,-0.0330668245977689,0.0,0.4356458860210811,Risk-off,calibration,daily-2020-02-21,2,1.0000762968527692e-12,0.9999999999969998,1.0000762968527692e-12,1.0000762968527692e-12,0.0,0.08928342536748682,0.25510204081632654,27.630944821983235,0.4885308604655286,0.5612244897959184,0.0,0.4221857141669844,0.1836734693877551,0.2606764085711183,0.30997418175226943,False,1,0.0,0.0,0.0,
2020-02-27,2020-02-27,2020-02-28,2020-03-05,-0.1166167469722621,-0.0885455156197514,0.248690506049558,-0.1241122159090909,-0.072918624318737,0.2916567977879796,-0.1170055808582973,-0.090638832001057,0.2456031708203087,-0.0308159029219223,-0.0200193735873425,0.0741230266603027,-0.005945531261987,0.0028054561284704,0.0376675127978586,0.0354399008674102,0.0523045923935858,0.1214644013890099,0.0054607508532424,0.0065600656006561,0.0114042490528255,0.0,0.0,0.0,0.0,-0.022824829715813,0.0457445267929297,0.0161789636618268,0.0,0.0161789636618268,0.033679119646737,0.5878214002807867,-0.0049015994693005,0.0,2.3164893440972336,Risk-off,calibration,daily-2020-02-27,2,1.0000610370159326e-12,1.0000610370159326e-12,0.9999999999969998,1.0000610370159326e-12,0.0,8.650170430792304e-06,0.010101010101010102,0.0,2.4900037390509003e-06,0.09090909090909091,27.630960080772297,0.9999888598258301,0.898989898989899,3.860890014052044e-06,0.30997418175226943,False,2,0.0,0.0,0.0,
2020-02-28,2020-02-28,2020-03-02,2020-03-06,-0.1116046458066002,-0.0958073806175073,0.2470653295584328,-0.1062683865127857,-0.0754716981132075,0.290923629951449,-0.1174220320300848,-0.1006871035940804,0.2460146268180635,-0.0258910020776729,-0.0169354838709676,0.0760509959398936,0.0032538998947269,0.0135357246446872,0.0546576575433013,0.0491078736290717,0.0760577568838145,0.1402848218524777,0.0083208293547947,0.0101120524733533,0.0164061966834794,0.0,0.0,0.0,0.0,-0.0304712085156548,0.0659457044104612,0.0040368875226846,0.0,0.0040368875226846,0.0499053760426158,0.6046777485747697,0.0427391578089701,0.0,2.5048799926584464,Risk-off,calibration,daily-2020-02-28,2,9.999732974726596e-13,9.999732974726596e-13,0.9999999999970001,9.999732974726596e-13,0.0,8.650032226037982e-06,0.010101010101010102,0.0,2.489957451778239e-06,0.08080808080808081,27.63102111592555,0.9999888600103222,0.9090909090909092,3.860826073602361e-06,0.30997418175226943,False,2,0.0,0.0,0.0,
2020-03-02,2020-03-02,2020-03-03,2020-03-09,-0.041955900367497,-0.0399631738670849,0.2940487784349881,-0.0224544555853692,-0.0121307264164407,0.3468885372627915,-0.0674112218283957,-0.0592957366432812,0.2601301616161565,-0.0079159935379644,-0.005506072874494,0.0805822593464863,0.0022009569377989,0.0102247516157036,0.0545884760584104,0.0260483870967742,0.0583978038432744,0.1440324872051299,0.0061274509803921,0.0083242358078603,0.0163761713171276,0.0,0.0,0.0,0.0,-0.0157308244901976,0.050073568035414,-0.1054519623512696,0.0,-0.1054519623512696,0.1173337071563747,0.6517289671324036,-0.027774817971941,0.0,1.9822049613637271,Risk-off,calibration,daily-2020-03-02,2,9.999732974726596e-13,9.999732974726596e-13,0.9999999999970001,9.999732974726596e-13,0.0,8.650032226037982e-06,0.020408163265306124,0.0,2.489957451778239e-06,0.1836734693877551,27.63102111592555,0.9999888600103222,0.7959183673469388,3.860826073602361e-06,0.30997418175226943,False,2,0.0,0.0,0.0,
2020-03-17,2020-03-17,2020-03-18,2020-03-24,-0.1186472915398659,-0.2451127329597289,0.7178370166074629,-0.1076333929027315,-0.2240376504018114,0.8524670862314098,-0.190269051071371,-0.3502682438110013,0.7869023895489141,-0.0755102040816326,-0.13024,0.3678102651736157,-0.090534171249018,-0.1101076095311298,0.3530235590218298,-0.0586658725431804,0.0527016901173924,0.4955452541666527,-0.0008052610387867,0.0166598388638536,0.0342282836410445,0.0,0.0,0.0,0.0,-0.0201323904688701,0.0360418512535387,-0.0359845175665761,0.0,-0.0359845175665761,0.1129336958867452,0.9759463296544016,-0.0728128102205534,0.0,5.554568083413622,Risk-off,calibration,daily-2020-03-17,2,1.0000228884425302e-12,1.0000228884425302e-12,0.999999999997,1.0000228884425302e-12,0.0,8.650084052557827e-06,0.0,0.0,2.489974809403231e-06,0.03,27.630998227744954,0.999988859941138,0.97,3.8608500510750055e-06,0.30997418175226943,False,2,0.0,0.0,0.0,
2020-03-18,2020-03-18,2020-03-19,2020-03-25,-0.140616874024883,-0.3033693290527611,0.7447430098354292,-0.0953982489856929,-0.2548045208672325,0.8513510375431088,-0.1990195235228348,-0.4010547302077304,0.802838713794818,-0.0921418636995827,-0.1648808571885495,0.3843288121046881,-0.0972490102527662,-0.1443279130183777,0.3728141510923471,-0.0777614593800727,-0.0065778517901747,0.5386772179425918,-0.000940607363612,0.0151556526488256,0.0350190219974478,0.0,0.0,0.0,0.0,-0.0205529441701717,-0.0217335044390004,0.06029273482662,0.0,0.06029273482662,0.0626025450399087,0.776455537948856,0.0206219160227165,0.0,6.157563499118221,Risk-off,calibration,daily-2020-03-18,2,9.999618537519303e-13,9.999618537519303e-13,0.9999999999970001,9.999618537519303e-13,0.0,8.650032226037982e-06,0.0,0.0,2.489957451778239e-06,0.03,27.63102111592555,0.9999888600103222,0.97,3.860826073602361e-06,0.30997418175226943,False,2,0.0,0.0,0.0,
2020-03-27,2020-03-27,2020-03-30,2020-04-03,0.1072175732217572,-0.1317867500277765,0.8699633836094316,0.0878564014897125,-0.0976857244138349,0.9231856800297452,0.119271948608137,-0.232001175433441,0.9577434863056856,0.1043723554301834,-0.1007383100902379,0.4878415509203014,0.14691328934967,-0.0713536201469046,0.5563762323344738,0.0519086286711694,0.0813699485099079,0.6262820532660571,0.0018746652383501,0.0121753246753244,0.0351560033711057,0.0,0.0,0.0,0.0,-0.0293846899433333,0.0691946238345835,-0.0237900974792804,0.0,-0.0237900974792804,0.0593386430924479,0.4895327672553409,0.029802035470434,0.0,5.428010124773325,Risk-off,calibration,daily-2020-03-27,2,9.99984741324352e-13,9.99984741324352e-13,0.999999999997,9.99984741324352e-13,0.0,8.650032226037982e-06,0.0,0.0,2.489957451778239e-06,0.030303030303030304,27.63102111592555,0.9999888600103222,0.9696969696969697,3.860826073602361e-06,0.30997418175226943,False,2,0.0,0.0,0.0,
2020-04-07,2020-04-07,2020-04-08,2020-04-15,0.0303877940241579,-0.0689867623665132,0.8409033841417041,0.0314599377355397,-0.035741639009446,0.88454955518256,-0.0111457447813356,-0.1566779442564846,0.953543165356565,-0.0175054704595186,-0.083673469387755,0.4539112939821927,0.0020325203252031,-0.0318146111547525,0.5526345350408874,0.0095342867620096,0.0247915425848721,0.5563935653336632,-0.0002672367717799,0.0041605153670647,0.0198939732749949,0.0,0.0,0.0,0.0,-0.0518588582330024,0.0206310272178074,0.0474251398486342,0.0,0.0474251398486342,0.0213297463489622,0.3814263836938975,0.0332757486015133,0.0,5.1834351038265885,Risk-off,calibration,daily-2020-04-07,2,1.0000343328617497e-12,1.0000343328617497e-12,0.999999999997,1.0000343328617497e-12,0.0,8.650109965937605e-06,0.010204081632653062,0.0,2.489983488262242e-06,0.09183673469387756,27.630986783653157,0.9999888599065457,0.8979591836734694,3.860862039980009e-06,0.30997418175226943,False,2,0.0,0.0,0.0,
2020-04-14,2020-04-14,2020-04-15,2020-04-21,0.0720171390903097,0.1921486654502424,0.6472790521528089,0.0782829619435769,0.2540473991997538,0.5954710091749889,0.0904387813757425,0.1683432560049269,0.7038154641844888,0.0820341499628802,0.0828380386329865,0.4404579741436552,0.0520113774888257,0.1170316039262215,0.4668682579953769,-0.0250898634076203,0.0010334391378166,0.4808831210520837,0.0008018174528932,0.0036183328866254,0.0181958909578232,0.0,0.0,0.0,1.0,-0.034193565293235,-0.0025848937488088,-0.0374711760184471,0.0,-0.0374711760184471,0.046667427962392,0.3678144058126774,-0.0213297463489622,0.0,1.2582507962279244,Risk-off,calibration,daily-2020-04-14,2,1.0111008966119968e-12,1.0111008966119968e-12,0.9999999999969668,1.0111008966119968e-12,0.0,8.675065966942442e-06,0.052631578947368425,0.0,2.4983436755379684e-06,0.2631578947368421,27.61998138204183,0.9999888265903575,0.6842105263157895,3.872408640831828e-06,0.30997418175226943,False,2,0.0,0.0,0.0,
2020-04-20,2020-04-20,2020-04-21,2020-04-27,0.0222389299988128,0.228271205781666,0.5484925168776564,0.0478410080417968,0.2489773490445082,0.5067947007703413,0.0018822264049476,0.1967880085653104,0.6598653415856204,-0.0160206718346253,0.1509167842031029,0.3880302521334007,-0.0055731719035264,0.2192507068803015,0.3576067154344471,0.0322176349159539,0.0625332017909994,0.2386372547038167,0.0002670583522499,0.0030798071772897,0.0104766416675812,0.0,0.0,0.0,1.0,-0.0683339226771986,0.0594533946137096,0.0189292765067938,0.0,0.0189292765067938,0.0305036194015405,0.3301182048027484,-0.0305036194015405,0.0,1.1444107610559358,Risk-off,calibration,daily-2020-04-20,2,1.005209138300128e-12,1.005209138300128e-12,0.9999999999969844,1.005209138300128e-12,0.0,8.661804816157441e-06,0.052631578947368425,0.0,2.493900738556582e-06,0.2631578947368421,27.625825498252766,0.9999888442944453,0.6842105263157895,3.866272823756386e-06,0.30997418175226943,False,2,0.0,0.0,0.0,
2020-05-01,2020-05-01,2020-05-04,2020-05-08,-0.0001927822331894,0.1226513118018877,0.3854795472563961,-0.00510650714911,0.1437437101643741,0.4062662833248597,0.0228193832599119,0.1627604166666667,0.5520615974346732,0.0092840564184968,0.051720930232558,0.3172627519556162,-0.0095605987445678,0.0568837592745259,0.2051251117083645,-0.0156294200848656,0.0003593502946672,0.1763706056893798,0.0005341167045,0.0004005340453938,0.0097012986452756,0.0,0.0,0.0,1.0,-0.0051628290419678,-4.1183750726592194e-05,0.0342061625081946,0.0,0.0342061625081946,0.0063274251953497,0.1415431367767707,0.0026609077937602,0.0,0.2070247033369546,Risk-off,calibration,daily-2020-05-01,2,1.000061801176558e-12,0.8519528019666065,0.14804719803139335,1.000061801176558e-12,0.0,0.0002475260638309195,0.08333333333333333,27.470735166221516,0.0004458994867468425,0.3333333333333333,25.720735166221516,0.9993065744494222,0.5833333333333334,0.0002403830884489221,0.30997418175226943,False,1,0.0,0.0,0.0,
2020-05-05,2020-05-05,2020-05-06,2020-05-12,0.0016034818462946,0.0808750823994728,0.3017975252983281,0.029158676304273,0.1078177102630604,0.322200395710983,-0.0183232931726907,0.1240659130101551,0.4735943858754503,0.0092182237191986,0.0566072754268744,0.2956451930490737,-0.0039805825242718,0.042157659488013,0.1957181891377437,-0.0193773598347225,-0.0104241552839683,0.1781000593623363,0.0,0.0012027261793399,0.0092057903547094,0.0,0.0,0.0,1.0,0.0144496159388614,-0.0116268814633082,0.0014103297122163,0.0,0.0014103297122163,0.0207246160727596,0.2365401825284724,-0.0063274251953497,0.0,-0.1502097322409318,Mixed,calibration,daily-2020-05-05,1,1.000091556922454e-12,0.9999999999969998,1.000091556922454e-12,1.000091556922454e-12,0.0,0.08928340804977329,0.12244897959183673,27.630929563194172,0.48853029025815364,0.5918367346938775,0.0,0.4221863016920731,0.28571428571428575,0.22210624047406052,0.30997418175226943,False,1,0.0,0.0,0.0,
2020-05-08,2020-05-08,2020-05-11,2020-05-15,0.0342061625081946,0.0513564371961734,0.2860276202471881,0.0569487217089506,0.1194988091539817,0.3184929705872583,0.0571108622620379,0.0699215344376633,0.4438698009263119,0.0134441889262337,-0.0273344651952461,0.1568733746969872,-0.0129680187207488,-0.0367304215434389,0.0837838895992768,-0.0236367555140455,-0.0072320841551609,0.1973760149120141,0.000667289470172,0.0012017625851248,0.0093574905157186,0.0,0.0,0.0,1.0,0.0093959563481927,-0.0084338467402858,-0.0212543813856365,0.0,-0.0212543813856365,0.0380199791262859,0.2288294631806312,0.0003728838839585,0.0,0.1161190988462348,Risk-off,calibration,daily-2020-05-08,2,1.0000534071848315e-12,0.999999999997,1.0000534071848315e-12,1.0000534071848315e-12,0.0,0.08928345134381464,0.2,27.63096771016683,0.4885317157764775,0.65,0.0,0.422184832879708,0.15,0.2606769437353014,0.30997418175226943,False,1,0.0,0.0,0.0,
2020-05-12,2020-05-12,2020-05-13,2020-05-19,0.0014103297122163,0.009684857801691,0.2765666723669847,0.0204968944099377,0.0484488513646181,0.2983759787248862,0.0023864314327111,0.0332981901247584,0.4499124088235438,0.0005269629369402,-0.022984562607204,0.1484464841265655,-0.0125743249829418,-0.0218230977211278,0.0913254816525419,-0.0103160188884854,0.0045719342231396,0.2001620834675604,0.0006673785371063,0.0010682334089997,0.009430987551448,0.0,0.0,0.0,1.0,-0.0011614648860761,0.0035037008141398,0.019754872107186,0.0,0.019754872107186,0.0176613885505482,0.2975881296636506,-0.0176613885505482,0.0,0.6070271976665343,Risk-off,calibration,daily-2020-05-12,2,1.0014429956811999e-12,0.9999999999969957,1.0014429956811999e-12,1.0014429956811999e-12,0.0,0.08928187491980594,0.10526315789473685,27.62957916036214,0.48847982666538264,0.5263157894736842,0.0,0.4222382984148114,0.3684210526315789,0.26064447780892636,0.30997418175226943,False,1,0.0,0.0,0.0,
2020-05-28,2020-05-28,2020-05-29,2020-06-04,0.0203062460984833,0.0338207389217541,0.227491702497654,-0.006067415730337,0.0501448311885655,0.2024007336524957,0.0427467396554499,0.0320293203728785,0.4433604848825213,0.0127082260003434,0.0278891406658532,0.1164096422647304,0.0028699894767052,0.0111893508247322,0.092531394021292,-0.0104381064392824,-0.0359495846462329,0.1620674194776866,0.0,0.0009344546789482,0.0098911093573431,0.0,0.0,0.0,1.0,0.0166997898411209,-0.0368840393251812,0.0272799251421578,0.0,0.0272799251421578,0.0024114912801872,0.0921381231979724,0.0046786151299216,-0.0001189060642091,-0.1168111290060175,Mixed,calibration,daily-2020-05-28,1,1.0032362740448345e-12,0.9999999999969904,1.0032362740448345e-12,1.0032362740448345e-12,0.0,0.08927984217881882,0.28571428571428575,27.627790067344563,0.4884129688026964,0.5306122448979592,0.0,0.42230718901848474,0.1836734693877551,0.22217160164888844,0.30997418175226943,False,1,0.0,0.0,0.0,
2020-06-03,2020-06-03,2020-06-04,2020-06-10,0.0281351060007186,0.0906422717743467,0.1983289148095659,0.0278179190751444,0.0874343048256089,0.1668067673199242,0.0112325669053898,0.1432711156566946,0.393397751488563,0.0273251866938222,0.0632355524328123,0.0954349467928173,0.0094519763223219,0.0306072716639049,0.0888879154924951,-0.0202042628774423,-0.0382128586996005,0.1623150725524428,-0.000533689126084,-0.0001334757074212,0.0062013041749291,0.0,0.0,0.0006124466945798,1.0,0.0326282807689073,-0.0380793829921792,0.0222626079054975,0.0,0.0222626079054975,0.0127248793330407,0.2238060137253583,-0.0024114912801872,0.0,-0.9919341448059398,Risk-on,calibration,daily-2020-06-03,0,0.9999999999969997,1.0001258929306154e-12,1.0001258929306154e-12,1.0001258929306154e-12,27.63089523091878,0.6308418274517372,0.7272727272727273,0.0,0.3453987786100566,0.22222222222222224,0.0,0.02375939393820616,0.05050505050505051,0.14901334400377775,0.30997418175226943,False,0,0.0,0.0,0.0,
2020-06-11,2020-06-11,2020-06-12,2020-06-18,-0.0341928251121074,0.0681959082455052,0.2848876317422604,-0.00429203539823,0.0669479872931582,0.2394551563454928,-0.0653633786002089,0.1020587717754708,0.4671124932142824,-0.0243619489559165,0.03900458877515,0.138612940603707,0.0009486765961483,0.039200236383335,0.0789086698310669,0.0422286940527285,-0.0086747339262283,0.1673347244205442,-0.0001334578940345,-0.0006669334400426,0.006441205172693,0.0001189060642092,0.0001189060642092,0.0007437981851313,1.0,-0.000195647608185,-0.0080078004861856,0.0368180499129424,-1.1102230246251563e-16,0.0368180499129425,0.0034874799469899,0.140870382209917,0.0122605919907139,-0.000118891927238,0.1418709722486707,Risk-off,calibration,daily-2020-06-11,2,1.000873947340446e-12,0.9999999999969974,1.000873947340446e-12,1.000873947340446e-12,0.0,0.08928252034375053,0.12371134020618557,27.63014755025472,0.48850106704899154,0.5979381443298969,0.0,0.42221641260725806,0.27835051546391754,0.2606577672603577,0.30997418175226943,False,1,0.0,0.0,0.0,
2020-07-02,2020-07-02,2020-07-06,2020-07-10,0.016045804764261,0.0119899073811977,0.2955044129921496,0.0250221528334528,0.0748672566371679,0.2658570432829937,0.0150980993255671,-0.0117146694523206,0.4315518209049604,0.0042208340368057,-0.0142525687769308,0.1374745952414663,0.0148806738418343,0.0287449008632956,0.0809302352369345,0.0016951650943395,0.0416155732679337,0.1394689392398865,0.0005335467520342,0.0010676631522754,0.0050689566709926,0.0001914387633767,0.0001914387633763,0.0017569945055146,0.6666666666666666,-0.0429974696402264,0.0405479101156582,0.017462084318909,0.0,0.017462084318909,0.0102082762400658,0.1696529339203122,0.0154445526645332,-0.000118891927238,1.6196457886840263,Risk-off,calibration,daily-2020-07-02,2,9.999898567219402e-13,0.02297736990997966,0.9770226300880203,9.999898567219402e-13,0.0,0.00010380935839538862,0.08247422680412371,23.857775651554125,0.00013699348806405542,0.2268041237113402,27.607775651554125,0.9997591971535406,0.6907216494845362,8.346313726759376e-05,0.30997418175226943,False,2,0.0,0.0,0.0,
2020-07-08,2020-07-08,2020-07-09,2020-07-15,0.0233751625716194,-0.0058113885145035,0.2853956704507825,0.050062893081761,0.0704851463988032,0.2744683407307033,-0.0092314620234165,-0.0532845668387838,0.402675744185,0.01358926448106,-0.0138820029747148,0.134970508839508,0.0087238979118329,0.0246040723981899,0.079377880693379,0.0049250220523375,0.0394616788321167,0.1415053937394081,0.0,0.001201441730076,0.0050716950477974,0.0001914387633767,0.0001914387633763,0.0018606525371998,0.3333333333333333,-0.0384860753729048,0.0382602371020406,0.0184103867555127,0.0,0.0184103867555127,0.008888888888889,0.1569715570569113,-0.0049460740537199,0.0,1.8549533477501725,Risk-off,calibration,daily-2020-07-08,2,9.999907817221256e-13,0.11920292202187915,0.8807970779761208,9.999907817221256e-13,0.0,0.00012655785283250808,0.052631578947368425,25.504093104883577,0.00018632984252172117,0.2631578947368421,27.504093104883577,0.9996871123046457,0.6842105263157895,0.00010845083203020112,0.30997418175226943,False,2,0.0,0.0,0.0,
2020-07-23,2020-07-23,2020-07-24,2020-07-30,0.0064981216367139,0.0615763546798027,0.1654872951002675,-0.0042868589743589,0.0587007454739083,0.2371003359944108,0.0148649643093679,0.071978235522736,0.2610386640169275,0.014920424403183,0.0339469684174971,0.0847315544224102,0.0107301991452215,0.0413153456998314,0.0359244029687347,0.015700396110911,0.0424273782245547,0.1026897898668264,0.0001333155579255,0.0006669334400426,0.0038156211413407,0.0,0.0003103817338563,0.0009923534619599,1.0,-0.0073683772823343,0.0417604447845121,0.0031944584552272,-0.0001188919272385,0.0033133503824658,0.0063216651535017,0.1312021578158933,-0.0063216651535017,0.0,-0.1835518695882902,Mixed,calibration,daily-2020-07-23,1,1.000038147697261e-12,0.999999999997,1.000038147697261e-12,1.000038147697261e-12,0.0,0.0892834686612048,0.5612244897959184,27.63098296895589,0.48853228598370085,0.35714285714285715,0.0,0.42218424535509436,0.0816326530612245,0.2221051287135521,0.30997418175226943,False,1,0.0,0.0,0.0,
2020-07-27,2020-07-27,2020-07-28,2020-08-03,-0.0030809416965273,0.0772598972280522,0.1371025845672633,-0.0249824889096428,0.0828471411901985,0.2256581817117124,0.01171702284451,0.0786455059710873,0.2476595526427806,0.00936729663106,0.0470508012274122,0.0732994180027618,0.0,0.0338475923328658,0.0426152624695901,0.011519078473722,0.0245752205935974,0.0993303563892974,-0.0001333155579257,0.0001333511134817,0.0040316864935792,0.0,0.0001914387633767,0.0009147530022841,1.0,0.0132032088945464,0.0244418694801156,0.0166952198595857,0.0002437284508376,0.0164514914087481,0.0061137424837917,0.1202473353263895,-0.0061137424837917,-0.0001188919272384,-0.7976564192643124,Risk-on,calibration,daily-2020-07-27,0,0.9999999999969994,1.0002174613824391e-12,1.0002174613824391e-12,1.0002174613824391e-12,27.630803678184407,0.6308410552708493,0.7142857142857143,0.0,0.3453989733763113,0.25510204081632654,0.0,0.02375997135283954,0.030612244897959183,0.14901371071125863,0.30997418175226943,False,0,0.0,0.0,0.0,
2020-07-30,2020-07-30,2020-07-31,2020-08-06,0.0031944584552272,0.0431833280883946,0.1329460163333635,0.012070977346799,0.0424385594098388,0.2233379419012074,0.0031904865491987,0.0489006823351023,0.2306698763204621,0.0083306109114669,0.045385266723116,0.066497617953248,-0.001889338731444,0.0255130338325013,0.0441211431416322,0.0080124796142664,0.0470648891507696,0.0979568788273898,0.0005331911490269,0.0010669511869831,0.0040270383650722,-0.0001188919272385,-0.0001188919272385,0.0009633860301188,1.0,0.0198722328906146,0.0459979379637864,0.0319099014547163,0.0002437425895736,0.0316661588651427,0.0,0.0215013666133336,0.007474693302943,0.0001189060642092,-0.6517792475900328,Risk-on,calibration,daily-2020-07-30,0,0.07585818002109183,0.924141819976908,9.999982051601859e-13,9.999982051601859e-13,25.052131381634,0.23029659083203033,0.6326530612244898,27.552131381634,0.7686870156814345,0.30612244897959184,0.0,0.001016393486535114,0.061224489795918366,0.39657216204162316,0.30997418175226943,False,1,0.0,0.0,0.0,
2020-08-05,2020-08-05,2020-08-06,2020-08-12,0.02158441645227,0.0501820430033659,0.1170378898446329,0.0434417712413075,0.0425251557259223,0.2126404972905099,0.0296744454047825,0.0829482614953414,0.2339441033125953,0.0056818181818181,0.0382101558572147,0.0534098269194845,0.0039618224383215,0.0258533443739075,0.0442881837128998,0.0015577426892303,0.0346719332894447,0.0987479221370283,0.0002665245202557,0.0008000000000001,0.0035736439955241,0.0001248216833094,0.0001248216833089,0.0013095703604968,1.0,0.0123568114833072,0.0338719332894446,0.0159280457890433,0.0001188919272383,0.015809153861805,0.0081553398058251,0.1267423317699053,0.0069010629599346,0.0,-0.6441743755157026,Risk-on,calibration,daily-2020-08-05,0,0.9999999999969668,1.0111008966119968e-12,1.0111008966119968e-12,1.0111008966119968e-12,27.61998138204183,0.6307497166043297,0.8080808080808081,0.0,0.345421960392607,0.1717171717171717,0.0,0.023828323003063378,0.0202020202020202,0.1490570893439191,0.30997418175226943,False,0,0.0,0.0,0.0,
2020-08-11,2020-08-11,2020-08-12,2020-08-18,0.0085560089509018,0.0435493207123158,0.1041781991392367,-0.0191975427145325,0.0185406698564591,0.217858230939749,0.0402167712492869,0.1059055416571905,0.207213599774424,-0.0071151358344114,0.024528616719506,0.0550579277367714,-0.0083296014330497,0.0116959064327486,0.0471925645048946,-0.0259985984583039,0.0010082823190493,0.0989387386783924,-0.000799147575919,0.0002666666666666,0.0033557862414517,0.0,0.0001248216833089,0.0016851425262961,1.0,0.0128327102867573,0.0007416156523827,0.0173583920647351,0.0001188919272383,0.0172395001374967,0.0014809091494426,0.0935508375665137,0.013508222396241,0.0001188919272383,-0.6524053865177863,Risk-on,calibration,daily-2020-08-11,0,0.9999999999969997,9.999885559706862e-13,9.999885559706862e-13,9.999885559706862e-13,27.63102111592555,0.6308428891864355,0.888888888888889,0.0,0.34539851079813355,0.10101010101010102,0.0,0.023758600015430953,0.010101010101010102,0.14901283978812405,0.30997418175226943,False,0,0.0,0.0,0.0,
2020-08-18,2020-08-18,2020-08-19,2020-08-25,0.0173583920647351,0.0421471305859155,0.105839765708691,0.0481894695635154,0.0529296106960281,0.2110093029707409,-0.0029476281875514,0.0567422260970649,0.1663678135654445,0.003257328990228,0.0075237160614982,0.0521053685694347,-0.0110187861271676,-0.0109294553337547,0.0586898332609434,-0.0140297863155623,-0.0140297863155623,0.1118912804784768,0.0,-0.0001332800213248,0.0031809888617545,0.0001188919272383,0.0002437284508376,0.0018365781771761,1.0,0.018453171395253,-0.0138965062942375,0.0163887107119946,0.0,0.0163887107119946,0.0043296985246953,0.0813998804687194,-0.0043296985246953,0.0,-0.7332146227143506,Risk-on,calibration,daily-2020-08-18,0,0.9999999999970001,1.0000038147015416e-12,1.0000038147015416e-12,1.0000038147015416e-12,27.63101730123128,0.6308428570129196,0.8484848484848485,0.0,0.3453985189137818,0.12121212121212122,0.0,0.023758624073298724,0.030303030303030304,0.1490128550672533,0.30997418175226943,False,0,0.0,0.0,0.0,
2020-08-19,2020-08-19,2020-08-20,2020-08-26,-0.0005472925117504,0.0315324295587455,0.1071643377332569,0.0155802497422383,0.0421238244514106,0.2135951782975327,-0.0075085324232081,0.0555353901996371,0.1666008235313784,0.0,0.0026118184786156,0.0530144907788147,-0.0111372691053965,-0.0167461960925542,0.057351893280319,-0.0112539025629854,-0.0230989956958392,0.1127080252090608,0.0002666666666666,0.0,0.0031456006244939,0.0,0.0002437284508376,0.0018365781771761,1.0,0.0193580145711699,-0.0230989956958392,0.0310839104525688,-0.0001188777936282,0.0312027882461971,0.0,0.0573704316059666,0.0035110323723628,0.0,-0.6559047666166165,Risk-on,calibration,daily-2020-08-19,0,0.9999999999969998,9.9996185375193e-13,9.9996185375193e-13,9.9996185375193e-13,27.63102111592555,0.6308428891864355,0.836734693877551,0.0,0.34539851079813355,0.1326530612244898,0.0,0.023758600015430953,0.030612244897959183,0.14901283978812405,0.30997418175226943,False,0,0.0,0.0,0.0,
2020-08-20,2020-08-20,2020-08-21,2020-08-27,0.0044493164818157,0.0475806180436468,0.0947756320141543,0.0273174077037374,0.0849394439303101,0.1891325600587593,-0.0092332945762942,0.0503951852657531,0.1681125251426557,0.0062040816326531,0.0066971577915715,0.0541689192370977,0.0013704888076746,-0.0139451192082772,0.0592407807802119,0.0084397475414648,-0.0256682975253492,0.1090241410105034,0.0004000533404453,0.0,0.0031456006244939,0.0001188919272383,0.0002437284508376,0.0018365781771761,1.0,0.0206422769998487,-0.0256682975253492,0.0296270141875838,0.0,0.0296270141875838,0.0,0.0621568675999702,0.003370353726648,0.0,-0.863822232591275,Risk-on,calibration,daily-2020-08-20,0,0.999999999997,1.0000228884425302e-12,1.0000228884425302e-12,1.0000228884425302e-12,27.630998227744954,0.6308426961449894,0.8484848484848485,0.0,0.3453985594919225,0.12121212121212122,0.0,0.02375874436308812,0.030303030303030304,0.1490129314630742,0.30997418175226943,False,0,0.0,0.0,0.0,
2020-08-26,2020-08-26,2020-08-27,2020-09-02,0.0310839104525688,0.0695312238965553,0.0832128541388979,0.0574544087234443,0.1239309407721205,0.1724707749871799,-0.0057083906464925,0.0412705272255833,0.139910026789267,0.0087919244545751,0.0058441558441557,0.0510843601748461,-0.0003662668253822,-0.0170178282009724,0.0564115029727259,0.0018358055514759,-0.0339871132195708,0.1104159372862291,-0.0001332977872565,-0.0003997867803837,0.0025008379509663,-0.0001188777936282,0.0001248216833094,0.0017929100474813,1.0,0.0228619840451281,-0.033587326439187,0.0292721024679787,0.0001997576640411,0.0290723448039376,0.0021373478301274,0.0997440054703497,0.0020930959075284,0.0001188919272383,-1.1335484367647222,Risk-on,calibration,daily-2020-08-26,0,0.9999999999969997,9.999923706315724e-13,9.999923706315724e-13,9.999923706315724e-13,27.63102111592555,0.6308428891864355,0.9090909090909092,0.0,0.34539851079813355,0.08080808080808081,0.0,0.023758600015430953,0.010101010101010102,0.14901283978812405,0.30997418175226943,False,0,0.0,0.0,0.0,
2020-08-27,2020-08-27,2020-08-28,2020-09-03,0.0296270141875838,0.0751826774820674,0.0797385688337913,0.0397567126539091,0.1146185345684411,0.1754146925764814,0.0004832251829351,0.0475605348753163,0.1383429456989339,0.0038942073665422,0.0022679410335331,0.0509716879346951,-0.0118613138686131,-0.0237966468361275,0.0618220710880173,-0.0240157193799576,-0.0566263365222283,0.1183904396439314,-0.0002665955745133,-0.0007993605115907,0.0022868791224585,0.0,0.0003626634958382,0.0017713353757314,1.0,0.0260645878696607,-0.0558269760106375,-0.0080431461795054,8.085612366248718e-05,-0.0081240023031678,0.0342368045649075,0.3056976705471469,0.0064220469495277,0.0,-1.251659950750467,Risk-on,calibration,daily-2020-08-27,0,0.9999999999969997,9.999923706315724e-13,9.999923706315724e-13,9.999923706315724e-13,27.63102111592555,0.6308428891864355,0.9090909090909092,0.0,0.34539851079813355,0.08080808080808081,0.0,0.023758600015430953,0.010101010101010102,0.14901283978812405,0.30997418175226943,False,0,0.0,0.0,0.0,
2020-09-03,2020-09-03,2020-09-04,2020-09-11,-0.0080431461795054,0.0335542129539401,0.1618485011993265,-0.0125196176344699,0.0464940464940464,0.2615155471263632,-0.012695784171669,0.0005594014404588,0.1637261133895376,-0.0003232584451268,-0.0038653567402158,0.0588970250777016,0.0156971375807941,-0.0175939983924264,0.0685030395950051,0.0299753933338302,-0.0288948256467942,0.1277535355668482,0.0005333333333334,-0.0002664535038635,0.0027376541097426,8.085612366248718e-05,0.0001997576640411,0.0017298205711045,1.0,0.0137286416522106,-0.0286283721429306,-0.033124862503536,0.0,-0.033124862503536,0.0354819447499922,0.2778691423698504,-0.0092083346428234,0.0,-0.3407875454404018,Mixed,calibration,daily-2020-09-03,1,0.7310585786285427,0.26894142136945726,9.99951662036766e-13,9.99951662036766e-13,27.317759428408326,0.25289262649363564,0.5670103092783505,26.317759428408326,0.7464327277252661,0.3092783505154639,0.0,0.000674645781098209,0.12371134020618556,0.09711628940264397,0.30997418175226943,False,0,0.0,0.0,0.0,
2020-09-04,2020-09-04,2020-09-08,2020-09-14,-0.023448874020382,0.0232724203966376,0.1664205083354175,-0.0305912413939951,0.0446288577001032,0.2628354080190603,-0.0278481012658227,-0.0218244406196213,0.1546551845474899,-0.0037144702842377,-0.0038753431293395,0.0589024168580097,0.0018411120316672,-0.0253447967042808,0.0765972792649087,0.011193194537721,-0.0409766454352442,0.1412160228986088,-0.0002665600426495,-0.0005329780146567,0.0030393989402351,8.085612366248718e-05,8.085612366248718e-05,0.001681350922578,0.6666666666666666,0.0214694535749412,-0.0404436674205874,-0.0114191461016308,0.0,-0.0114191461016308,0.0265177948360085,0.3079167617128386,-0.0265177948360085,0.0,-0.1624048292344098,Mixed,calibration,daily-2020-09-04,1,9.999847413243519e-13,0.9999999999969997,9.999847413243519e-13,9.999847413243519e-13,0.0,0.08928351195411083,0.2857142857142857,27.63102111592555,0.4885337115013817,0.5714285714285714,0.0,0.4221827765445076,0.14285714285714285,0.22210433460089601,0.30997418175226943,False,1,0.0,0.0,0.0,
2020-09-25,2020-09-25,2020-09-28,2020-10-02,-0.0061803080344005,-0.0483806241757243,0.2361201791273702,0.0190616976581341,-0.0656299044086176,0.3580574736709889,-0.0411756453423119,-0.0568550334644312,0.2638296501430088,-0.0159246018849528,-0.0211734281558104,0.0716795288534005,-0.0111456239722272,-0.0005540166204985,0.0605555678506991,0.0094713656387666,0.0252031914100365,0.0999498649896403,0.0,0.0005333333333334,0.0028799539096754,0.0001188919272381,8.085612366248718e-05,0.0015658958529609,0.0,-0.0206194115353118,0.024669858076703,0.0156949197157145,6.181645268665825e-05,0.0156331032630279,0.0091799069170278,0.1668202004096563,0.0168136351671492,0.000118877793628,1.892256300048164,Risk-off,calibration,daily-2020-09-25,2,9.999618537519303e-13,9.999618537519303e-13,0.9999999999970001,9.999618537519303e-13,0.0,8.650032226037982e-06,0.030612244897959183,0.0,2.489957451778239e-06,0.17346938775510207,27.63102111592555,0.9999888600103222,0.7959183673469388,3.860826073602361e-06,0.30997418175226943,False,2,0.0,0.0,0.0,
2020-10-05,2020-10-05,2020-10-06,2020-10-12,0.0163738148399832,0.0006517932515153,0.2165181416043345,0.0106955871353777,-0.0106164885049057,0.3383800755167292,0.0464469178082191,0.0323057432432429,0.2761360751502148,0.0159120734908135,0.0038904198411411,0.0771381724533335,-0.0018384042650979,-0.0022052742809886,0.0398775209843624,-0.0298322392414296,-0.0184488229650948,0.0917904249656421,-0.0003997335109926,0.0001333155579255,0.0022215818278903,-5.705455842142104e-05,6.181645268665825e-05,0.001386584346046,0.6666666666666666,0.0060956941221297,-0.0185821385230203,0.0371867935941927,0.0,0.0371867935941927,0.0140405616224645,0.2006998833474955,-0.0140405616224645,0.0,0.5092433907008189,Risk-off,calibration,daily-2020-10-05,2,9.999999999969996e-13,0.9999999999969997,9.999999999969996e-13,9.999999999969996e-13,0.0,0.08928351195411083,0.1836734693877551,27.63102111592555,0.4885337115013817,0.6326530612244898,0.0,0.4221827765445076,0.1836734693877551,0.26067819245316404,0.30997418175226943,False,1,0.0,0.0,0.0,
2020-10-12,2020-10-12,2020-10-13,2020-10-19,0.0371867935941927,0.0498512295217032,0.1925063996168694,0.051283948790054,0.0719486889266176,0.2885841711512512,0.0424763073566512,0.0741131015103617,0.2496794523711619,0.0108186662360729,0.016398766033447,0.0698338445209191,0.010037756699512,0.0021929824561404,0.0456180990643081,0.0064656792722352,-0.0224899598393573,0.0946199614864268,0.0001332977872567,0.0,0.002059278802403,0.0,6.181645268665825e-05,0.0012440678052999,1.0,0.0142057835773066,-0.0224899598393573,-0.0290081959664794,0.0,-0.0290081959664794,0.0290081959664794,0.0911967115354658,-0.0062006937409829,0.0,-0.353684262093887,Mixed,calibration,daily-2020-10-12,1,0.9999999999969966,1.0011336071322787e-12,1.0011336071322787e-12,1.0011336071322787e-12,27.629888150840657,0.630833332990439,0.7346938775510204,0.0,0.3454009207582573,0.22448979591836735,0.0,0.023765746251303666,0.04081632653061225,0.3099731722568737,0.30997418175226943,False,0,0.0,0.0,0.0,
2020-10-16,2020-10-16,2020-10-19,2020-10-23,0.001684499485292,0.0500310650403845,0.1895904391330004,0.009796451507565,0.0826655255582353,0.2697533395255532,-0.002107065253177,0.063061167227834,0.2539736926488907,-0.003852945898218,0.0082872928176795,0.0719486971840025,0.0030261348005502,-0.0007308605883427,0.0456591944546922,0.0081684652278177,-0.0122613803230542,0.0980943515734482,0.0002666311158512,-0.0001332622601279,0.0022216970526092,0.0,0.000180715729402,0.0009829721707132,1.0,0.0090181534060223,-0.0121281180629262,-0.0048892902743605,0.0001188777936282,-0.0050081680679888,0.0149170066332409,0.131606962385895,-0.0149170066332409,0.0,-0.2757615943857827,Mixed,calibration,daily-2020-10-16,1,0.9999999999969957,1.0014544563523502e-12,1.0014544563523502e-12,1.0014544563523502e-12,27.629567716270344,0.6308306299897313,0.5918367346938775,0.0,0.34540160222139343,0.30612244897959184,0.0,0.023767767788875297,0.10204081632653063,0.3099727089502706,0.30997418175226943,False,0,0.0,0.0,0.0,
2020-10-20,2020-10-20,2020-10-21,2020-10-27,-0.0196138996138997,0.0393607963848319,0.1918261004354816,-0.0343176938509731,0.0437892334030816,0.273306515228389,-0.011918872645858,0.0823775517564742,0.2193055137762773,-0.0043324775353017,0.0128958537381651,0.0663249674703279,-0.0057492243110056,-0.004295375616889,0.0466354659972598,-0.0155010012608469,-0.0295364819418042,0.100940695362817,0.0,-0.0002665245202559,0.0021598814203415,0.0,6.181645268665825e-05,0.0008932423043927,1.0,0.0171912293550542,-0.0292699574215482,-0.014492753623188,2.220446049250313e-16,-0.0144927536231882,0.021092820930087,0.1456230210412833,-0.0018903591682416,0.0,-0.3227292206380213,Mixed,calibration,daily-2020-10-20,1,1.0001602301176301e-12,0.9999999999969996,1.0001602301176301e-12,1.0001602301176301e-12,0.0,0.08928333011846137,0.3157894736842105,27.63086089864339,0.48852772432421526,0.5789473684210527,0.0,0.4221889455573233,0.10526315789473684,0.2221076698850606,0.30997418175226943,False,1,0.0,0.0,0.0,
2020-10-22,2020-10-22,2020-10-23,2020-10-29,-0.0083405950454374,0.0656143401779145,0.1677666242246478,-0.0204037877434341,0.0708175461896019,0.2451505847929489,-0.0040147426615768,0.1254648222519709,0.1902504170647792,0.0004828585224527,0.0245590901598813,0.0526090217993415,-0.0094916491740438,0.001661282879557,0.0388075573452539,-0.0295774647887324,-0.0478580260382573,0.1028060123930927,-0.0006663113006397,-0.0006663113006397,0.0025570936195106,0.0,0.000180715729402,0.0007689766393004,1.0,0.0228978072803243,-0.0471917147376176,-0.0422420286216417,0.0001188777936282,-0.04236090641527,0.0547349314639793,0.2829628950953105,0.0028245041426062,0.0001188777936282,-0.7427689716272271,Risk-on,calibration,daily-2020-10-22,0,0.9999999999969574,1.0142260648619294e-12,1.0142260648619294e-12,1.0142260648619294e-12,27.616895291953938,0.6307236484438625,0.6326530612244898,0.0,0.34542850228791794,0.28571428571428575,0.0,0.023847849268219524,0.0816326530612245,0.14906947039940555,0.30997418175226943,False,0,0.0,0.0,0.0,
2020-10-23,2020-10-23,2020-10-26,2020-10-30,-0.0048892902743605,0.0513951039747304,0.1604118037526198,-0.0130430095936185,0.0485570316078791,0.2338450209034162,0.0039590894094359,0.1131026410125102,0.1860901499929706,0.0029008863819499,0.0275759577278731,0.0513824295311813,-0.0053026147376119,0.0051736881005173,0.0394756878763579,-0.0209618672415073,-0.0420394210488035,0.1069269757635532,-0.0003998400639744,-0.0005330490405117,0.0026230952796334,0.0001188777936282,0.0001807015949184,0.0007689498605129,1.0,0.0224022696273558,-0.0415063720082917,-0.0547662264505226,2.220446049250313e-16,-0.0547662264505228,0.0547662264505226,0.2647256159015138,-0.0179633222757713,0.0,-0.6477574758108859,Risk-on,calibration,daily-2020-10-23,0,0.9525741268205281,0.04742587317747193,1.0000042622028725e-12,1.0000042622028725e-12,27.582429502159016,0.2753554521437799,0.6326530612244898,24.582429502159016,0.7238274040317245,0.28571428571428575,0.0,0.0008171438244957862,0.0816326530612245,0.3604861373621203,0.30997418175226943,False,0,0.0,0.0,0.0,
2020-11-11,2020-11-11,2020-11-12,2020-11-18,0.0380197022629278,0.0252735637901024,0.2154401649614109,0.0099360479820789,-0.0078796053098602,0.311633532632289,0.0766147885912764,0.0717467916749785,0.2791290628367457,0.0058954748247292,0.0154415312851858,0.0758248678238497,-0.0077104499274309,-0.0026440554339898,0.0760611194082006,-0.033256454132877,-0.0384074594834603,0.15115707465459,-0.0007997867235404,-0.0007997867235404,0.003227771251191,-0.0001188636633776,6.0798763818592505e-05,0.0010821473019177,0.6666666666666666,0.0180855867191757,-0.0376076727599199,-0.0013341014523514,0.0001188777936278,-0.0014529792459793,0.0174512260604977,0.1963183441832701,-0.0094903126042267,0.0001188777936278,0.0890964805100585,Risk-off,calibration,daily-2020-11-11,2,0.9999999999969574,1.0142144580321553e-12,1.0142144580321553e-12,1.0142144580321553e-12,27.616906736045735,0.6307237451299955,0.6326530612244898,0.0,0.34542847803947146,0.28571428571428575,0.0,0.023847776830533053,0.0816326530612245,0.636533816339035,0.30997418175226943,False,0,0.0,0.0,0.0,
2020-11-16,2020-11-16,2020-11-17,2020-11-23,0.0224486061123647,0.0597496206373295,0.2172771972993065,0.0159847695678723,0.0331299996347298,0.3063525787275107,0.0461431637419518,0.1064156485746712,0.294889216919601,0.0004743833017077,0.0232896652110625,0.0809012422050154,0.0076733351603179,0.0104424292388018,0.0773625867286821,0.0110582091844571,-0.0176093120429787,0.1650435595678034,0.0,-0.0006664001066239,0.0032115783194126,0.0,0.0001796837850691,0.0011573730188034,1.0,0.0128472359722606,-0.0169429119363547,-0.0139311496927392,0.0,-0.0139311496927392,0.019927211980192,0.1277563847294766,-0.0048326472167532,-0.0001188636633776,-0.3062356184251551,Mixed,calibration,daily-2020-11-16,1,0.9999999999969797,1.0067594983471295e-12,1.0067594983471295e-12,1.0067594983471295e-12,27.624284360557454,0.6307860475061278,0.6326530612244898,0.0,0.34541282923370353,0.28571428571428575,0.0,0.023801123260168682,0.0816326530612245,0.3099650761090397,0.30997418175226943,False,0,0.0,0.0,0.0,
2020-11-19,2020-11-19,2020-11-20,2020-11-27,0.0130708950655074,0.0386329399949787,0.2250193858279932,0.0138025232737861,0.0288538702852558,0.309250340589005,0.0432974097182832,0.0939007467124826,0.2956582116303363,0.0110047846889951,0.0197876447876448,0.081396698528743,0.0153874169170535,0.0275499861789365,0.0775853137245261,0.0108967082860385,0.0204720800549995,0.1592695848483806,0.0004002134471718,0.0,0.0030711288699679,0.0,0.0001796837850691,0.0013093251750043,1.0,-0.0077623413912917,0.0204720800549995,0.0160749357909051,0.0001188636633784,0.0159560721275267,0.0072820667774586,0.1373772393989998,-0.0072820667774586,-0.0001188636633776,0.2657707805706099,Risk-off,calibration,daily-2020-11-19,2,9.999809266925695e-13,0.9999999999969998,9.999809266925695e-13,9.999809266925695e-13,0.0,0.08928351195411083,0.42857142857142855,27.63102111592555,0.4885337115013817,0.46938775510204084,0.0,0.4221827765445076,0.10204081632653061,0.26067819245316404,0.30997418175226943,False,1,0.0,0.0,0.0,
2020-11-23,2020-11-23,2020-11-24,2020-12-01,-0.0139311496927392,0.0533779477374123,0.2158230581657334,-0.0095813887710365,0.0353710821998816,0.3048460554054135,0.0188258010016291,0.1335257787325454,0.2843041189886552,0.0014224751066855,0.027237354085603,0.073630680983519,0.0113317015683074,0.023204622580941,0.077795082808262,0.0189123499924046,0.0091777627322651,0.158998297496053,0.0002667377967457,-0.0001333155579257,0.0030305637213462,0.0,6.079876381792637e-05,0.0013858886885649,1.0,0.0040327315046619,0.0093110782901908,0.0232642565421268,-5.378580767834151e-05,0.0233180423498051,0.0041335831326018,0.1307430027992946,0.0157011042202392,-0.0001188636633776,-0.1038041463220644,Mixed,calibration,daily-2020-11-23,1,0.9999999999969452,1.0182849718492568e-12,1.0182849718492568e-12,1.0182849718492568e-12,27.61290130391683,0.6306898967737876,0.6326530612244898,0.0,0.34543696010737757,0.28571428571428575,0.0,0.023873143118834896,0.0816326530612245,0.30994867085629757,0.30997418175226943,False,0,0.0,0.0,0.0,
2020-11-24,2020-11-24,2020-11-25,2020-12-02,0.0064148681055158,0.0733375959079287,0.2193841044684748,0.007519330353976,0.0417721054754831,0.3072340383078578,0.0318650984157464,0.1644206677050179,0.2814360520870447,0.0042660767893822,0.0299789337222493,0.073822800102013,0.0057829583446282,0.0168082579702202,0.0779071129736056,0.0022638092363416,-0.0075468878427857,0.1612911661062177,0.0005335467520342,0.0,0.0030711288699679,0.0,6.0798763818148416e-05,0.0013858886885646,1.0,0.0131706757520291,-0.0075468878427857,0.0101268838982544,6.508559201123809e-05,0.0100617983062432,0.0041335831326018,0.0865172652388696,-0.0017870971585156,0.0,-0.4152716767157706,Mixed,calibration,daily-2020-11-24,1,0.9999999999969988,1.0004120721801106e-12,1.0004120721801106e-12,1.0004120721801106e-12,27.63060912862386,0.6308394143579977,0.6326530612244898,0.0,0.3453993872376639,0.2653061224489796,0.0,0.023761198404338397,0.10204081632653061,0.30997421485393384,0.30997418175226943,False,0,0.0,0.0,0.0,
2020-11-27,2020-11-27,2020-11-30,2020-12-04,0.0160749357909051,0.1018743036896259,0.1683178998604253,0.0226555575252613,0.0818393218813291,0.2621667552443629,0.0401111513833516,0.1890062840964022,0.2467963818640029,0.0037860861334595,0.0368258106566727,0.0643449466624662,0.00224175035868,0.028716060745513,0.0740507432504404,0.0007485590238789,0.0078401809272521,0.161549689775108,0.0004000533404453,-0.0001332800213248,0.002951767140287,0.0001188636633784,0.0001796696539599,0.0015697198972885,1.0,0.0081097499111597,0.0079734609485769,0.0166830225711482,-0.0001726289517471,0.0168556515228954,0.0041335831326018,0.0945102686784455,-0.0041335831326018,-0.0001188495364871,-0.778334720729245,Risk-on,calibration,daily-2020-11-27,0,0.9999999999969998,1.0000572220931057e-12,1.0000572220931057e-12,1.0000572220931057e-12,27.630963895469563,0.6308424065817774,0.787878787878788,0.0,0.3453986325320179,0.18181818181818182,0.0,0.023758960886204588,0.030303030303030304,0.14901306897602887,0.30997418175226943,False,0,0.0,0.0,0.0,
2020-12-07,2020-12-07,2020-12-08,2020-12-14,0.0192009077878647,0.0542068198665681,0.1293834083768333,0.025464484655572,0.0428923293455312,0.1637054104297561,0.0391705069124423,0.1519418429497674,0.2263141445248375,0.0097545626179988,0.022625876354366,0.0512435353927011,-0.0075804869348077,0.0088848594741615,0.0562611844762908,-0.0203699543173818,-0.0166140430010525,0.1543910535008938,0.0001332800213249,0.0003999466737767,0.0035197103213845,-5.378580767834151e-05,-5.378580767834151e-05,0.0016310187347309,1.0,0.0137410168802045,-0.0170139896748292,-0.0115437578740738,0.0001188777936282,-0.011662635667702,0.0142873838602234,0.0717484263013137,0.0027833933960328,0.0,-0.64949370690646,Risk-on,calibration,daily-2020-12-07,0,0.9999999999969997,9.999923706315724e-13,9.999923706315724e-13,9.999923706315724e-13,27.63102111592555,0.6308428891864355,0.8787878787878788,0.0,0.34539851079813355,0.11111111111111112,0.0,0.023758600015430953,0.010101010101010102,0.14901283978812405,0.30997418175226943,False,0,0.0,0.0,0.0,
2020-12-08,2020-12-08,2020-12-09,2020-12-15,0.0118850520340587,0.0439211858720183,0.1239032266178075,0.0158844025415043,0.0682495779302416,0.1402538840827333,0.044633431085044,0.1242898623911124,0.1974681724861037,0.0046999843333854,0.0140733712839973,0.0454130979343244,-0.0051910856529132,0.0153466703206357,0.0482701033776224,-0.0010641532380664,0.0092151743203807,0.1354633425609505,0.0004000533404453,0.0005334755934915,0.0033356146367307,0.0,-5.378580767834151e-05,0.0016310187347309,1.0,-0.0012732990366384,0.0086816987268891,-0.0016946181265705,0.0001188777936282,-0.0018134959201988,0.0142873838602234,0.1288167913029063,-0.0092327470344184,0.0,-0.3221219847040292,Mixed,calibration,daily-2020-12-08,1,0.9999999999969988,1.0003968072197883e-12,1.0003968072197883e-12,1.0003968072197883e-12,27.630624387412922,0.630839543058444,0.8163265306122449,0.0,0.3453993547787824,0.1530612244897959,0.0,0.023761102162773537,0.03061224489795918,0.30997423692183207,0.30997418175226943,False,0,0.0,0.0,0.0,
2020-12-09,2020-12-09,2020-12-10,2020-12-16,-0.0001179453912838,0.0358626588465296,0.1298389854852952,-0.0083586366892974,0.0631309436722753,0.150349446070326,0.0348381052754847,0.0967421656841451,0.1983943332562817,0.0020344287949922,0.0139350752177356,0.0455001463809803,-0.0055675287356322,0.0141954391427785,0.0494553877635351,0.0036778790897251,0.0117401714682938,0.1342225372459362,0.0,0.0005335467520342,0.0033355693892672,0.0,-5.378580767834151e-05,0.0016310187347309,1.0,-0.0002603639250429,0.0112066247162596,0.0089649071070478,0.0001188777936282,0.0088460293134196,0.0053657242253603,0.1017081715972037,0.00026540843409,0.0001188777936282,-0.2482619344964954,Mixed,calibration,daily-2020-12-09,1,0.9999999999969996,1.0001487842576388e-12,1.0001487842576388e-12,1.0001487842576388e-12,27.630872342735188,0.630841634407319,0.7959183673469388,0.0,0.34539882730209853,0.17346938775510204,0.0,0.023759538290582565,0.03061224489795918,0.30997459553883877,0.30997418175226943,False,0,0.0,0.0,0.0,
2020-12-10,2020-12-10,2020-12-11,2020-12-17,0.0005604719764007,0.0284406173251263,0.1281614702194365,-0.0057915715599767,0.0440397824842586,0.1321521578844112,0.0400698893418756,0.107953840426852,0.1986273082029162,0.0032843290584925,0.0161571360684302,0.0455179287806156,-0.0045617173524149,0.0173690465307616,0.0516039736390341,0.0044082997643841,0.0170078497768202,0.1370302839789632,0.0,0.0009338313767344,0.0033828409117109,0.0,0.000183971122871,0.001624719325722,1.0,-0.0012119104623313,0.0160740184000858,0.0145051446092161,7.345774396738669e-05,0.0144316868652487,0.0053657242253603,0.1039276437948718,-0.0020047760842004,0.0,-0.1772298116896904,Mixed,calibration,daily-2020-12-10,1,0.9999999999969986,1.0004655013755584e-12,1.0004655013755584e-12,1.0004655013755584e-12,27.63055572286214,0.6308389639045606,0.7474747474747475,0.0,0.3453995008426326,0.22222222222222224,0.0,0.023761535252806793,0.030303030303030304,0.30997413761705805,0.30997418175226943,False,0,0.0,0.0,0.0,
2020-12-14,2020-12-14,2020-12-15,2020-12-21,-0.0115437578740738,0.0189984293826266,0.1154391566195746,-0.0104591922804412,0.0450383039372885,0.1298461090188012,0.012621524816647,0.0999876482213439,0.1793305565874381,-0.0012464942349643,0.0187539732994277,0.0353863039344213,0.0004493170381021,0.0125511596180081,0.0504885439169859,0.0110083326962771,0.0021216943244677,0.1240452389500575,0.0002665245202557,0.001334044823906,0.0038532062641776,0.0001188777936282,6.508559201168218e-05,0.0015722362923972,1.0,0.0062028136814196,0.0007876495005616,0.0164910703805796,7.345774396738669e-05,0.0164176126366122,0.0040554339897883,0.1006563328068465,0.0127752912232861,0.0,-0.2844433272801154,Mixed,calibration,daily-2020-12-14,1,0.9999999999970001,1.0000152589024783e-12,1.0000152589024783e-12,1.0000152589024783e-12,27.631005857139485,0.630842760492206,0.787878787878788,0.0,0.3453985432606928,0.18181818181818182,0.0,0.023758696247101127,0.030303030303030304,0.3099747886509654,0.30997418175226943,False,0,0.0,0.0,0.0,
2020-12-17,2020-12-17,2020-12-18,2020-12-24,0.0145051446092161,0.0447521024987096,0.1019300108180574,0.0280300174759278,0.0720002858572141,0.1254610451515925,0.0293425915556051,0.1192157817827568,0.1719262826934543,0.0023382696804363,0.0178882380876996,0.0317322257969577,0.0029652259861623,0.0064923354373309,0.0487072370756955,-0.00786984487325,-0.0134687735139201,0.1219274051896087,0.0003998400639744,0.0012004801920768,0.0037271120010758,7.345774396738669e-05,0.0001385481170199,0.0014692672095142,1.0,0.0113959026503687,-0.014669253705997,0.0003181916389303,0.0,0.0003181916389303,0.005018234865062,0.0473649000741191,0.0006393304466594,0.0,-0.6464660955076522,Risk-on,calibration,daily-2020-12-17,0,0.9999999999969998,9.999656683109553e-13,9.999656683109553e-13,9.999656683109553e-13,27.63102111592555,0.6308428891864355,0.9090909090909092,0.0,0.34539851079813355,0.08080808080808081,0.0,0.023758600015430953,0.010101010101010102,0.14901283978812405,0.30997418175226943,False,0,0.0,0.0,0.0,
2020-12-21,2020-12-21,2020-12-22,2020-12-29,0.0164910703805796,0.0438107762047121,0.098279091724105,0.0179003716458112,0.0657575324860775,0.1224800648124807,0.0262758969176351,0.1032713664896185,0.1763284240967922,0.0003120124804993,0.0134344871186977,0.0326595265847155,-8.982304859428414e-05,-0.0008975049362772,0.045096642854351,-0.0076370510396974,-0.0261927728723009,0.1160359133407145,0.0,0.0008000000000001,0.0036390145338296,7.345774396738669e-05,0.0002574423809422,0.0013928867835888,1.0,0.014331992054975,-0.026992772872301,0.0108097023670024,0.0,0.0108097023670024,0.0015914351851854,0.067636127645751,-0.0009667213498947,0.0,-0.7061442773949023,Risk-on,calibration,daily-2020-12-21,0,0.999999999997,1.0000343328617497e-12,1.0000343328617497e-12,1.0000343328617497e-12,27.630986783653157,0.6308425996240525,0.9090909090909092,0.0,0.3453985838387007,0.08080808080808081,0.0,0.02375881653724662,0.010101010101010102,0.14901297730065774,0.30997418175226943,False,0,0.0,0.0,0.0,
2020-12-28,2020-12-28,2020-12-29,2021-01-05,0.0083150984682716,0.03248323625533,0.0865460005561637,0.0102975593447007,0.0476355567882402,0.1186475807032061,0.0155822854018587,0.0788128702520618,0.1633171976982756,0.0054390054390056,0.0168159673110168,0.034215170962059,0.0051102743410436,0.0030419611702603,0.0450434559082875,0.0065789473684212,-0.0157827810606626,0.1095140363778437,0.0,0.0005331911490269,0.0036711723937316,0.0,1.968211415337429e-05,0.0009269748496482,1.0,0.0137740061407565,-0.0163159722096896,-0.0021990740740743,0.0001188636633782,-0.0023179377374525,0.0141011252122364,0.1329191133683104,-0.0015914351851854,0.0,-0.6525102672068737,Risk-on,calibration,daily-2020-12-28,0,0.999999999997,1.0000228884425302e-12,1.0000228884425302e-12,1.0000228884425302e-12,27.630998227744954,0.6308426961449894,0.888888888888889,0.0,0.3453985594919225,0.10101010101010102,0.0,0.02375874436308812,0.010101010101010102,0.1490129314630742,0.30997418175226943,False,0,0.0,0.0,0.0,
2021-01-20,2021-01-20,2021-01-21,2021-01-27,0.0135673246487288,0.0396790663749082,0.1139324840859532,0.0313808220984275,0.0461049816115011,0.1768169293433176,0.0150672464354333,0.0976489885183158,0.2266164508076181,0.0058832636631056,0.0096348096348097,0.0390962383072793,0.006445170660857,-0.0060068136991213,0.0558319748445096,0.009982570115671,-0.0247858017135862,0.108944696144091,0.0003998400639744,0.0,0.0028293060524182,0.0,0.0,0.0006121555212518,1.0,0.0156416233339311,-0.0247858017135862,-0.0238248912585939,0.0001188636633782,-0.0239437549219722,0.0257114048846068,0.1750574410823635,0.0009260558439736,0.0,-0.6287108305467408,Risk-on,prompt_validation,daily-2021-01-20,0,0.9999999999970001,1.0000076294206353e-12,1.0000076294206353e-12,1.0000076294206353e-12,27.631013486534016,0.6308428248393633,0.8282828282828283,0.0,0.3453985270294275,0.14141414141414144,0.0,0.02375864813120911,0.030303030303030304,0.14901287034640237,0.30997418175226943,False,0,0.0,0.0,0.0,
2021-02-16,2021-02-16,2021-02-17,2021-02-23,0.0047712292120576,0.0444654683065279,0.1572261708501598,0.00589384868319,0.0759506271152696,0.2010867162430408,-0.0062018417590677,0.0721273252572356,0.1988440566202017,-0.0015290519877677,0.0097417658883562,0.0318874578224215,-0.0118799310782624,-0.0158070634992322,0.0449142683579714,-0.0256307247308371,-0.0447420244190627,0.1069947334899221,-0.0002663825253063,0.0002665245202557,0.002902544445162,0.0001188636633777,0.0001779221504181,0.0008808827857093,1.0,0.0255488293875885,-0.0450085489393184,-0.01237922705314,0.0,-0.01237922705314,0.0136941189384999,0.0560205259068299,0.0001921387790952,-0.0001188495364865,-0.6597102637311971,Risk-on,prompt_validation,daily-2021-02-16,0,0.999999999997,1.0000534071848315e-12,1.0000534071848315e-12,1.0000534071848315e-12,27.63096771016683,0.6308424387555273,0.8585858585858586,0.0,0.3453986244164872,0.12121212121212122,0.0,0.023758936827985598,0.020202020202020204,0.14901305369678136,0.30997418175226943,False,0,0.0,0.0,0.0,
2021-03-11,2021-03-11,2021-03-12,2021-03-18,0.0445473780522673,0.0084191348993845,0.1839830594008556,0.0458690622022595,-0.0441894455328544,0.3137891081993595,0.0878571071196276,0.0232481528542518,0.3083488574646772,0.0038711675441314,-0.0067412287421479,0.0694372317282984,0.0021681749622926,-0.0369598695534015,0.1057607413580746,0.0026678141135971,-0.0708190445809074,0.1822807911677472,0.0,-0.0007992540295722,0.0080401131791893,-0.000118835412953,2.220446049250313e-16,0.00161952879298,0.6666666666666666,0.0302186408112535,-0.0700197905513352,-0.0048998138618197,0.0,-0.0048998138618197,0.0143163146335513,0.1270199683282777,0.0013960363516916,0.0,-0.1199225623428513,Mixed,prompt_validation,daily-2021-03-11,1,1.0004655013755584e-12,0.9999999999969986,1.0004655013755584e-12,1.0004655013755584e-12,0.0,0.08928298372538161,0.2755102040816327,27.63055572286214,0.4885163201585184,0.5918367346938775,0.0,0.4222006961161,0.1326530612244898,0.22211402288588913,0.30997418175226943,False,1,0.0,0.0,0.0,
2021-04-06,2021-04-06,2021-04-07,2021-04-13,0.0261758802148321,0.0711642890811066,0.122733905840131,0.0472062287359329,0.1043607258676602,0.2467456447577321,0.0460238568588469,0.0273858921161826,0.2996370896937848,0.0067661079501768,0.0181959564541214,0.0465552200810814,0.0137336616783481,0.0197217987804878,0.0731334214757349,0.0186669014704587,0.0014716066481994,0.151319219488104,-0.0002665955745133,0.0002667377967457,0.0028229418489837,0.0001296173044929,0.0001296173044929,0.0013077689766333,1.0,-0.0015258423263664,0.0012048688514536,0.0166001427400808,0.0,0.0166001427400808,0.0,0.0443675422105371,0.0011630673257383,-0.0001188354129532,-0.5476935444577502,Risk-on,prompt_validation,daily-2021-04-06,0,0.999999999997,1.000045777411941e-12,1.000045777411941e-12,1.000045777411941e-12,27.63097533956136,0.630842503102982,0.8282828282828283,0.0,0.3453986081853992,0.14141414141414144,0.0,0.0237588887116188,0.030303030303030304,0.14901302313830922,0.30997418175226943,False,0,0.0,0.0,0.0,
2021-04-16,2021-04-16,2021-04-19,2021-04-23,0.0140091829281017,0.0729749836471149,0.0993543157480841,0.0145309625996321,0.0974267144183578,0.1655375988444596,0.0092410821163515,-0.0009006019813243,0.2502769745138504,0.0012228676245795,0.0218408736349455,0.0321523562546277,0.0021497336199645,0.0224086964813579,0.0596771070799568,0.0127371978164803,0.0413399857448324,0.1298050275500544,0.0002666666666666,0.0001333155579255,0.0033968356525027,0.0001188495364869,0.0001296173044929,0.0014439191756917,0.6666666666666666,-0.0005678228464123,0.0412066701869069,-0.0012349172862696,0.0,-0.0012349172862696,0.0121948082019092,0.1522981738880752,-0.0049139417016131,0.0,-0.4678944725298269,Risk-on,prompt_validation,daily-2021-04-16,0,0.07585818002109182,0.9241418199769079,9.99990575808452e-13,9.99990575808452e-13,25.052131381634,0.23029659083203033,0.7272727272727273,27.552131381634,0.7686870156814345,0.22222222222222224,0.0,0.001016393486535114,0.05050505050505051,0.39657216204162316,0.30997418175226943,False,1,0.0,0.0,0.0,
2021-04-27,2021-04-27,2021-04-28,2021-05-04,0.0129704388592262,0.0549829110833828,0.1029285088626949,0.0111206684689113,0.0767469248887724,0.1590336534718011,0.0518205908332516,0.0653081510934394,0.1854819716044154,0.0022977941176471,0.0061510072274335,0.03402672308624,0.0002799813345777,0.0151543853002462,0.0614990268024857,-0.0061496412709258,0.0245663467465,0.1173899668455599,-0.0003998400639744,-0.0002665955745133,0.0036910687059434,-0.0001188354129532,1.0766488413693764e-05,0.0013815329844971,1.0,-0.0090033780728127,0.0248329423210134,-0.0045509474712672,0.0001617779890659,-0.0047127254603331,0.0105801175568618,0.0879542087000636,-0.0002828272439769,0.0001188495364869,-0.3658013530247417,Mixed,prompt_validation,daily-2021-04-27,1,0.9399133498241127,0.06008665017388745,1.0000021680772298e-12,1.0000021680772298e-12,27.56905135884847,0.27231046840526274,0.7346938775510204,24.81905135884847,0.7268981050666873,0.22448979591836735,0.0,0.0007914265280501596,0.04081632653061225,0.1054928561904514,0.30997418175226943,False,0,0.0,0.0,0.0,
2021-05-20,2021-05-20,2021-05-21,2021-05-27,0.0118789083963477,0.0070044787001353,0.1444021992461265,0.0297411003236245,-0.0189918298134731,0.2018876937455327,0.0166971298720544,-0.01005291005291,0.2248793855484449,0.0006112469437653,0.0015295197308047,0.0369190942837909,0.0060844332116447,-0.0013008734435978,0.0536199969405735,0.010424879544459,-0.0211321395230416,0.0870055428448003,0.0002664890073282,0.0003997867803835,0.0040180664202587,0.0,4.29233511585192e-05,0.0006307605980546,0.3333333333333333,0.0028303931744025,-0.0215319263034251,0.0096966876115116,0.0,0.0096966876115116,0.0019975926447614,0.0753368192737561,-0.0004137253380912,0.0,0.4192896880525031,Risk-off,prompt_validation,daily-2021-05-20,2,1.000038147697261e-12,0.999999999997,1.000038147697261e-12,1.000038147697261e-12,0.0,0.0892834686612048,0.40816326530612246,27.63098296895589,0.48853228598370085,0.5102040816326531,0.0,0.42218424535509436,0.0816326530612245,0.2606773005116386,0.30997418175226943,False,1,0.0,0.0,0.0,
2021-06-02,2021-06-02,2021-06-03,2021-06-09,0.0049269932510453,0.0114939559871884,0.1380943078334768,0.001489804152829,0.010079824698701,0.193047797112628,0.0412090582175137,0.0227207637231503,0.2201963970451995,0.0035028936947913,0.0045738679676778,0.0364153708747217,-0.0010161662817551,0.0049251928259455,0.0536106489457369,-0.0052891997952567,-0.0052891997952567,0.0881508703951621,0.0001332090049288,0.0006664001066238,0.0040524779111483,1.8455139631390335e-05,1.8455139631390335e-05,6.550924708052932e-05,1.0,-0.0003513248582676,-0.0059555999018806,0.0030387375194711,0.0,0.0030387375194711,0.0037281989734685,0.0749047813925711,-0.0037281989734685,0.0,-0.0102694771513165,Mixed,prompt_validation,daily-2021-06-02,1,0.999999999997,1.00004959229111e-12,1.00004959229111e-12,1.00004959229111e-12,27.630971524864094,0.630842470929262,0.7083333333333334,0.0,0.34539861630094765,0.22916666666666669,0.0,0.02375891276979032,0.0625,0.30997473899284855,0.30997418175226943,False,0,0.0,0.0,0.0,
2021-06-03,2021-06-03,2021-06-04,2021-06-10,-0.0005123607019345,0.0074106589547613,0.1389510209358546,-0.01234109678018,0.0029524467617312,0.1965252794141042,0.0134052094265815,0.0180188814875161,0.2222151894431692,0.001370280146163,0.0007608034083992,0.036491782988564,-0.0043442092614843,-0.0001856320772228,0.0554214123081879,-0.0072637156041701,-0.010561280981177,0.0886687528259128,-0.0005326941004129,0.0,0.0042299669691879,1.8455139631390335e-05,1.8455139631390335e-05,6.550924708052932e-05,1.0,0.0009464354856221,-0.010561280981177,0.0114315007048573,0.0,0.0114315007048573,0.0018296401707661,0.0674556372475991,0.0086377034473918,0.0,0.0041407183820139,Mixed,prompt_validation,daily-2021-06-03,1,0.9999999999969987,1.0004349700573324e-12,1.0004349700573324e-12,1.0004349700573324e-12,27.630586240440266,0.6308392213068819,0.6391752577319588,0.0,0.3453994359257202,0.27835051546391754,0.0,0.023761342767397917,0.08247422680412371,0.30997418175226943,0.30997418175226943,False,0,0.0,0.0,0.0,
2021-06-07,2021-06-07,2021-06-08,2021-06-14,0.0049307649072607,0.0003306037332793,0.1370788368005515,0.0079846496657587,0.0071742222771971,0.2022300742383676,0.0211600226714527,0.0223672388518465,0.2230247132467281,0.0047234496419321,0.0030422878004259,0.0372802537887754,0.0039829566506113,0.0037040466709881,0.0606539856489844,0.0089377793056033,0.0032473081524526,0.1008722936066991,-0.0002663470502065,-0.0001331912626532,0.0042563203135778,1.8455139631390335e-05,1.8455139631390335e-05,6.550924708052931e-05,1.0,-0.0006617588705621,0.0033804994151058,0.0070929197915345,0.0,0.0070929197915345,0.0014997839294338,0.0364836412688604,0.0001016906063302,0.000118835412953,0.0831396463246132,Risk-off,prompt_validation,daily-2021-06-07,2,0.06008665017388743,0.9399133498241123,9.999830947314467e-13,9.999830947314467e-13,24.819053526923348,0.22928610291072052,0.6458333333333334,27.569053526923348,0.7696359154237918,0.2916666666666667,0.0,0.0010779816654876496,0.0625,0.6889251555944069,0.30997418175226943,False,1,0.0,0.0,0.0,
2021-06-16,2021-06-16,2021-06-17,2021-06-23,0.0010437881873728,0.0244912847502671,0.0697328224524019,0.0123642388169602,0.0583084768594246,0.1285904227960163,-0.0052042555151291,0.0480857877626279,0.131752587253835,-0.0003028467595398,0.0099433991127426,0.0249549643222693,-0.0004579173917025,0.0205722835234711,0.0515425036939196,-0.0053664262954888,0.0343564701778862,0.0884691575288275,-0.0013320900492872,-0.001199040767386,0.0056784136389427,0.0,1.8455139631390335e-05,0.0006155058106254,1.0,-0.0106288844107285,0.0355555109452723,0.007988898409349,0.0,0.007988898409349,0.0103103303578241,0.1422938961659609,-0.000330612141095,0.0,-0.2260900825552143,Mixed,prompt_validation,daily-2021-06-16,1,1.0025246965819059e-12,0.9999999999969925,1.0025246965819059e-12,1.0025246965819059e-12,0.0,0.08928064855327102,0.6326530612244898,27.62849960103597,0.4884394839606439,0.30612244897959184,0.0,0.4222798674860852,0.061224489795918366,0.22215682891188987,0.30997418175226943,False,1,0.0,0.0,0.0,
2021-06-17,2021-06-17,2021-06-18,2021-06-24,-0.0038772458883452,0.0272572847249443,0.0681987773231127,0.0146661403455501,0.0705109722889638,0.1330024407182185,-0.0086795080064979,0.0445031298904539,0.1357238161423125,-0.0013603385731559,0.01318816132495,0.0224035872485221,0.0005469960798614,0.0281030444964871,0.0528496589183503,0.0035005834305716,0.0524475524475525,0.098707948171199,-0.0017310252996004,-0.0007996801279488,0.0055367015279533,0.0,1.8455139631390335e-05,0.0006155058106254,1.0,-0.0149148831715371,0.0532472325755013,0.014296370341875,0.0,0.014296370341875,0.009983018723924,0.1438003140465526,-0.009983018723924,-0.000118835412953,-0.1796189605213428,Mixed,prompt_validation,daily-2021-06-17,1,1.0000572220931057e-12,0.9999999999969998,1.0000572220931057e-12,1.0000572220931057e-12,0.0,0.08928344701444689,0.2105263157894737,27.630963895469563,0.4885315732246622,0.5789473684210527,0.0,0.4221849797608909,0.2105263157894737,0.22210552577051457,0.30997418175226943,False,1,0.0,0.0,0.0,
2021-07-14,2021-07-14,2021-07-15,2021-07-21,0.0040882671657962,0.0347138555996564,0.0943641271185818,0.005862670517917,0.0620206534211003,0.0914622070746882,-0.0218776752592028,-0.049893744802735,0.1958095127390264,-0.0020983213429256,0.0071093631825744,0.0240149205363352,-0.0033231543021375,0.0137949936049699,0.0534329206267866,-0.0079345996633806,0.0425334793228333,0.1490909728602414,-0.0002666311158513,-0.0006663113006397,0.0078279606020149,0.0,2.2626262626168625e-05,0.0012267604103041,0.6666666666666666,-0.0066856304223954,0.0431997906234731,-0.0038753985773852,0.0001188354129528,-0.0039942339903381,0.0258278145695363,0.1877040178422709,-0.0034093696345349,0.0,-0.064733039574371,Mixed,prompt_validation,daily-2021-07-14,1,9.999732974726594e-13,0.9999999999969998,9.999732974726594e-13,9.999732974726594e-13,0.0,0.08928351195411083,0.32323232323232326,27.63102111592555,0.4885337115013817,0.6060606060606061,0.0,0.4221827765445076,0.07070707070707072,0.22210433460089601,0.30997418175226943,False,1,0.0,0.0,0.0,
2021-08-05,2021-08-05,2021-08-06,2021-08-12,0.0025253751639067,0.0251533285327638,0.1142317352446053,0.0087034898459286,0.0303832431810335,0.1038471177641025,-0.002200009565259,0.0014880952380953,0.2292095996139781,-0.0022502250225021,-0.0010513667768097,0.0408969481569907,0.0008048649615453,0.0045780969479352,0.0518922447174813,0.0110818783385153,0.0124540954813985,0.14827450690743,-0.0001332267519318,0.0,0.0057442680060356,-9.813450570328452e-05,2.0689245395333344e-05,0.0012262206010001,1.0,-0.0056294637247449,0.0124540954813985,0.0075812624134092,0.0,0.0075812624134092,0.0007979881027229,0.0232371841765327,0.0016470474252776,0.0,-0.1310580661539258,Mixed,prompt_validation,daily-2021-08-05,1,9.9996185375193e-13,0.9999999999969998,9.9996185375193e-13,9.9996185375193e-13,0.0,0.08928351195411083,0.5612244897959184,27.63102111592555,0.4885337115013817,0.35714285714285715,0.0,0.4221827765445076,0.0816326530612245,0.22210433460089601,0.30997418175226943,False,1,0.0,0.0,0.0,
2021-08-11,2021-08-11,2021-08-12,2021-08-18,0.0109442792375571,0.0172921265636503,0.1074640240367788,-0.003063002304277,0.0086716706471055,0.1061520859983354,0.0255672115150036,0.0220266459204512,0.1991143206665472,-0.0018083182640145,-0.0051066386302193,0.0406769912703132,-0.0171754026875501,-0.0047760656033162,0.0566845652761584,-0.0302816348944849,-0.0013734044272095,0.1453517448535422,-0.0010655301012253,0.0001333511134817,0.0047789099699508,-0.0001188212927752,2.0689245395333344e-05,0.0012262206010001,1.0,-0.000330573026903,-0.0015067555406913,-0.0103676913803496,-3.3306690738754696e-16,-0.0103676913803493,0.0174275249563116,0.1001378463319805,0.0029897528631706,0.0,-0.1886093736791703,Mixed,prompt_validation,daily-2021-08-11,1,0.9999999999969997,9.999847413243519e-13,9.999847413243519e-13,9.999847413243519e-13,27.63102111592555,0.6308428891864355,0.8282828282828283,0.0,0.34539851079813355,0.14141414141414144,0.0,0.023758600015430953,0.030303030303030304,0.3099748107213935,0.30997418175226943,False,0,0.0,0.0,0.0,
2021-08-17,2021-08-17,2021-08-18,2021-08-24,0.0030697089819202,0.0301097155339331,0.0733799699568281,-0.0030390005065,0.0193336785775937,0.0907675680017622,-0.0278720657838121,-0.0087261736459806,0.1615863512111993,0.0034779978829577,0.0004522840343736,0.0292268270112574,0.0085245306973791,-0.0043867502238138,0.0555277771749533,0.015604786545925,-0.00640721404841,0.1234956710847928,0.0005335467520342,-0.0006661337596588,0.0042791930890742,-0.0001188354129532,-9.814862617296694e-05,0.0015600799255595,0.6666666666666666,0.0048390342581875,-0.0057410802887511,0.0088435865924481,0.0001188495364865,0.0087247370559615,0.0109400226511483,0.1253563809306758,-0.0109400226511483,0.0001188495364865,-0.3197226462661696,Mixed,prompt_validation,daily-2021-08-17,1,0.9999999999969998,1.000068666905245e-12,1.000068666905245e-12,1.000068666905245e-12,27.630952451377766,0.6308423100604389,0.787878787878788,0.0,0.345398656878557,0.18181818181818182,0.0,0.023759033061004065,0.030303030303030304,0.3099747114052192,0.30997418175226943,False,0,0.0,0.0,0.0,
2021-08-25,2021-08-25,2021-08-26,2021-09-01,0.0221464246558655,0.0229688871549795,0.0807172052191134,0.0347687309413207,0.0245203160270879,0.0957858387266641,0.0375055811876767,0.007855421686747,0.163399922844847,0.0078537985198612,0.0031569452796151,0.0310956981035235,-0.0011696958790714,-0.0100766898519707,0.0503207324406174,-0.008807426803142,-0.0095932767779275,0.1109287518663653,-0.0001333155579257,-0.0007993605115907,0.0040661997878749,0.0,-9.813450570350656e-05,0.001435039236791,1.0,0.0132336351315859,-0.0087939162663367,0.006435619964723,0.0001487106357695,0.0062869093289534,0.0059112361157458,0.0898967481529485,-0.0059112361157458,0.0,-0.5890957136421069,Risk-on,prompt_validation,daily-2021-08-25,0,0.9999999999970001,1.0000076294206353e-12,1.0000076294206353e-12,1.0000076294206353e-12,27.631013486534016,0.6308428248393633,0.8585858585858586,0.0,0.3453985270294275,0.12121212121212122,0.0,0.02375864813120911,0.020202020202020204,0.14901287034640237,0.30997418175226943,False,0,0.0,0.0,0.0,
2021-09-03,2021-09-03,2021-09-07,2021-09-13,0.0062976781767627,0.0239396430816849,0.0778260969613673,0.0147135523895796,0.036740990043472,0.1030764991811016,0.0068625146886016,0.0204849697489399,0.1776623761713174,0.0037385972783012,0.010386873400572,0.0271873838274889,-0.0011649789407653,0.0041441441441441,0.0449209611309747,-0.0072946400253727,0.0040096230954289,0.0964189387685232,0.0,0.0003998933617701,0.0038401156664293,0.0001487106357695,0.0001487106357693,0.0014667701500459,1.0,0.0062427292564279,0.0036097297336588,-0.0143585868127714,0.0,-0.0143585868127714,0.0168618930663138,0.0613583437980022,-0.0035896467031928,0.0,-0.4856943733242513,Risk-on,prompt_validation,daily-2021-09-03,0,0.999999999997,1.000030518040791e-12,1.000030518040791e-12,1.000030518040791e-12,27.630990598350422,0.6308426317977132,0.888888888888889,0.0,0.3453985757231169,0.10101010101010102,0.0,0.023758792479170066,0.010101010101010102,0.1490129620214557,0.30997418175226943,False,0,0.0,0.0,0.0,
2021-10-26,2021-10-26,2021-10-27,2021-11-02,0.0118103713521571,0.0512984457997245,0.1191171872373095,0.0097215356730928,0.0534941692215122,0.1449763101603945,0.008689933768613,0.0295823943999617,0.1291652210555599,-0.0026962252846016,-0.0014997000599881,0.0373097066545493,0.004200146092038,-0.0016339869281044,0.0631976751721059,0.0097063420251708,0.0082963693116477,0.1288907730038089,-0.0008022462896108,-0.0028022417934346,0.0079791228357962,0.0,0.000155524264348,0.0010941457322817,1.0,0.0001342868681163,0.0110986111050824,0.0130058479532162,0.0001520714408502,0.0128537765123659,0.0044444444444441,0.0803936146722443,-0.0044444444444441,-0.0001188212927755,-0.4283005271538351,Mixed,prompt_validation,daily-2021-10-26,1,0.9999999999969995,1.0001831222305786e-12,1.0001831222305786e-12,1.0001831222305786e-12,27.630838010459797,0.6308413448396868,0.8163265306122449,0.0,0.34539890033956366,0.1530612244897959,0.0,0.0237597548207496,0.03061224489795918,0.30997454588264106,0.30997418175226943,False,0,0.0,0.0,0.0,
2021-11-01,2021-11-01,2021-11-02,2021-11-08,0.0098569455175481,0.0732556982183736,0.0895997697824098,0.0251275475404471,0.0987192233463944,0.1119754387910687,0.019133891020012,0.0621868978805395,0.1663360130127803,-0.0016526442307692,-0.0030007501875469,0.0356111063649182,0.0065747420326911,-0.0020822017019734,0.0610627407695811,0.0188911704312115,0.0114145943742356,0.1444226744198227,-0.0006688963210701,-0.0037343291544411,0.0073305285010678,0.0001520855614971,3.324619771860604e-05,0.0010665804678145,1.0,-0.0009185484855734,0.0151489235286768,0.0193359918390056,-3.3306690738754696e-16,0.019335991839006,0.0,0.0307063795711525,0.0040341277937492,0.0001188212927754,-0.7164201098026278,Risk-on,prompt_validation,daily-2021-11-01,0,0.9999999999969996,1.0001640454334022e-12,1.0001640454334022e-12,1.0001640454334022e-12,27.630857083946125,0.6308415057107424,0.8282828282828283,0.0,0.34539885976328266,0.14141414141414144,0.0,0.023759634525974956,0.030303030303030304,0.14901349679803144,0.30997418175226943,False,0,0.0,0.0,0.0,
2021-11-02,2021-11-02,2021-11-03,2021-11-09,0.0130058479532162,0.0664926365561737,0.0859234576560465,0.0261912532637076,0.0886035776110789,0.1070766418600703,0.0290118282574274,0.0607748067783591,0.1663664877929663,0.00045058576149,-0.0001501050735515,0.0367171845689383,0.0060920167303146,0.0058176529406417,0.0606645966355611,0.0150712830957229,0.0257676792623693,0.1397631439549311,0.0005352602703063,-0.0026677337601708,0.0083484070217303,0.0001520714408502,0.0001520714408502,0.0011446575443832,1.0,-0.0059677580141932,0.0284354130225401,0.0118690250773565,-0.0001188071759534,0.01198783225331,0.0033207478506118,0.0590636493416762,0.006119244446497,0.0,-0.5868152654865979,Risk-on,prompt_validation,daily-2021-11-02,0,0.9999999999969982,1.0006143548954758e-12,1.0006143548954758e-12,1.0006143548954758e-12,27.63040694966878,0.6308377090546028,0.7959183673469388,0.0,0.345399817304463,0.17346938775510204,0.0,0.02376247364093419,0.03061224489795918,0.14901529982740383,0.30997418175226943,False,0,0.0,0.0,0.0,
2021-11-08,2021-11-08,2021-11-09,2021-11-15,0.0193359918390056,0.0787878787878784,0.0728584878307003,0.0274391866716345,0.1106795557857185,0.0992703536243373,0.0367783773978505,0.1009872381411027,0.1609868124328149,0.0094808126410834,0.0135992747053488,0.0363959691647622,0.0116120838247302,0.0245314222712238,0.0628000709242561,0.0175735590487706,0.0543768793852321,0.1462265153324753,0.0009370816599731,-0.001068804275217,0.0097477102689043,-3.3306690738754696e-16,3.3246197718383996e-05,0.0010665387449698,1.0,-0.010932147565875,0.0554456836604492,-0.0032070236091527,-1.1102230246251563e-16,-0.0032070236091525,0.0113269344493472,0.0907412958557641,-0.0033207478506118,0.0,-0.656033886601179,Risk-on,prompt_validation,daily-2021-11-08,0,1.0143034471217176e-12,0.9999999999969572,1.0143034471217176e-12,1.0143034471217176e-12,0.0,0.0892673381274472,0.7676767676767677,27.616818998008625,0.48800296522953346,0.20202020202020204,0.0,0.42272969664301935,0.030303030303030304,0.5387378302271559,0.30997418175226943,False,1,0.0,0.0,0.0,
2021-11-09,2021-11-09,2021-11-10,2021-11-16,0.0118690250773565,0.0778502029270686,0.073904494494017,0.0161140706580795,0.106911883589329,0.1038596720509254,0.0286011675793094,0.088605776138704,0.1653541303787344,0.0079567632487613,0.0126696832579185,0.03616127281663,0.0104835065521915,0.0208162147356889,0.0601336460692436,0.0262439807383627,0.0500944403383427,0.1414768759342848,0.0006687174000266,-0.000934704232875,0.0098660550637352,-0.0001188071759534,3.3246197718383996e-05,0.0010665387449698,1.0,-0.0081465314777704,0.0510291445712177,0.00406207211319,-0.0001188212927758,0.0041808934059659,0.0080328617069831,0.0918234029520794,-0.0080328617069831,0.0001188212927756,-0.6931344747381556,Risk-on,prompt_validation,daily-2021-11-09,0,0.8807970779761208,0.11920292202187914,9.999678940114513e-13,9.999678940114513e-13,27.504093104883577,0.263512491637327,0.7142857142857143,25.504093104883577,0.7357612386283989,0.25510204081632654,0.0,0.0007262697342742263,0.030612244897959183,0.36966490498372717,0.30997418175226943,False,0,0.0,0.0,0.0,
2021-12-03,2021-12-03,2021-12-06,2021-12-10,-0.0121072690091095,-0.0288971125730997,0.1464924529311027,-0.0206378492356351,-0.0378819264629725,0.1768689541972504,-0.0365168539325841,-0.0999377334993772,0.2265965328663337,0.0094497789971041,-0.0103108188882247,0.0552679764228488,0.0137297690489179,0.0048670572329878,0.0870519061661601,0.0265861501058739,0.050561797752809,0.1891412109260553,-0.0009369562307588,-0.0025390886008285,0.0144374931239048,4.115969581741652e-05,4.115969581697243e-05,0.0010699693768924,0.0,-0.0151778761212125,0.0531008863536375,0.0382018771612049,0.0,0.0382018771612049,0.0067467799459348,0.1632678278243484,0.0118557549810633,0.0,1.254406163076791,Risk-off,prompt_validation,daily-2021-12-03,2,1.0000343328617497e-12,1.0000343328617497e-12,0.999999999997,1.0000343328617497e-12,0.0,8.650109965937605e-06,0.052631578947368425,0.0,2.489983488262242e-06,0.2631578947368421,27.630986783653157,0.9999888599065457,0.6842105263157895,3.860862039980009e-06,0.30997418175226943,False,2,0.0,0.0,0.0,
2021-12-17,2021-12-17,2021-12-20,2021-12-27,-0.0159364880480342,-0.0138361276991894,0.1884272230923596,-0.0329274611398963,-0.0419372224931344,0.2483107311143985,-0.0187195445554109,-0.0811799783158656,0.2786079225492112,0.0004496402877698,0.0037593984962405,0.060212726665377,0.0036274598712251,0.0070063694267514,0.0752873381883753,0.0143366336633663,0.0297523319395303,0.193279044034653,0.0006709608158883,-0.0016066407818985,0.0129406055981102,5.7003683022305296e-05,9.816572509357968e-05,0.0011671645959777,0.0,-0.0032469709305109,0.0313589727214288,0.037810853286494,-1.1102230246251563e-16,0.0378108532864941,0.0106314135157622,0.1749542028593302,-0.0106314135157622,0.0,1.09694281771819,Risk-off,prompt_validation,daily-2021-12-17,2,9.999622594395254e-13,0.029312230751297696,0.9706877692467023,9.999622594395254e-13,0.0,0.00010665000242135658,0.052631578947368425,24.101270697653927,0.00014298483310987655,0.2631578947368421,27.601270697653927,0.9997503651644689,0.6842105263157895,8.652461293669615e-05,0.30997418175226943,False,2,0.0,0.0,0.0,
2022-01-10,2022-01-10,2022-01-11,2022-01-18,-0.0255195123036533,-0.0038597171123196,0.1500519784271733,-0.053709685689381,-0.0437564766839377,0.2273238951734869,-0.0443641143608281,-0.0178993583248903,0.2247308364496211,-0.0117542032435647,-0.0044964028776978,0.0438461924630288,-0.0115500962508021,-0.0221275052144735,0.0609954194875884,-0.0117531831537708,-0.0409504950495049,0.1429911654668235,-0.002283718430951,-0.0033548040794417,0.0091942645222308,-1.1102230246251563e-16,5.700368302186121e-05,0.0014467115359946,0.0,0.0176311023367757,-0.0375956909700632,-0.0193840042010092,0.0001188212927754,-0.0195028254937846,0.0308459507638151,0.1808158583216972,0.0090641338843351,0.0,0.4821416228894993,Risk-off,prompt_validation,daily-2022-01-10,2,1.000038147697261e-12,0.999999999997,1.000038147697261e-12,1.000038147697261e-12,0.0,0.0892834686612048,0.18749999999999997,27.63098296895589,0.48853228598370085,0.6458333333333333,0.0,0.42218424535509436,0.16666666666666666,0.2606773005116386,0.30997418175226943,False,1,0.0,0.0,0.0,
2022-02-01,2022-02-01,2022-02-02,2022-02-08,0.0425412202162533,-0.0518177368397634,0.1873529168979071,0.0591429935545475,-0.090037430138953,0.2847915636230579,0.0227151824662199,-0.0974602131355335,0.2770631287257765,-0.0007602250266078,-0.0221693200416603,0.0484246324190719,-0.0013130744700806,-0.0239251993766614,0.0666491635625886,-0.0020703933747412,-0.0164871041462617,0.1401808309455997,-0.002291722836344,-0.0057764642665232,0.011941852303169,2.1397172389026053e-05,0.0001402210076038,0.0011417897236472,0.0,0.001755879335001,-0.0107106398797385,-0.004434849942511,-3.3306690738754696e-16,-0.0044348499425107,0.0235179289349537,0.2165266389227933,0.0097144332074055,0.0,1.3176525534668209,Risk-off,prompt_validation,daily-2022-02-01,2,9.999712063883748e-13,0.0953494648989188,0.9046505350990811,9.999712063883748e-13,0.0,0.00012279484455446897,0.052631578947368425,25.2808145570098,0.0001780295112280606,0.3157894736842105,27.5308145570098,0.9996991756442175,0.631578947368421,0.00010426907152184202,0.30997418175226943,False,2,0.0,0.0,0.0,
2022-02-03,2022-02-03,2022-02-04,2022-02-10,0.0356139399615518,-0.0465179604710793,0.1979304927366941,0.0365003170002715,-0.0799903529222606,0.3005312109240871,0.0313708163039876,-0.0912453160737748,0.2615684974658113,-0.0004596996628869,-0.0193926638604929,0.0513550632303786,-0.0047112032413078,-0.0268103924820343,0.0687230820919521,-0.0125123477115575,-0.011454470539761,0.1416723527456335,-0.000405460197324,-0.0057803468208093,0.0114980726041609,0.0001402210076044,0.0001402210076038,0.0011417897236472,0.0,0.0074177286215413,-0.0056741237189517,0.0060924819724408,-3.3306690738754696e-16,0.0060924819724411,0.0179795117192037,0.1991204557315266,0.0047121540255599,-0.0001188071759535,1.2186026437016717,Risk-off,prompt_validation,daily-2022-02-03,2,9.999486154143552e-13,0.9241418199769081,0.07585818002109183,9.999486154143552e-13,0.0,0.0002973289666302516,0.12499999999999999,27.552131381634,0.0005540323931131793,0.47916666666666663,25.052131381634,0.9991486386402565,0.3958333333333333,0.0002951499835503464,0.30997418175226943,False,1,0.0,0.0,0.0,
2022-02-04,2022-02-04,2022-02-07,2022-02-11,0.0152710307344525,-0.0411111363481498,0.199459384248757,0.0176511913822374,-0.0677375237993083,0.306125998371968,0.0160364069780039,-0.092519113519791,0.2608765203842037,-0.007182151589242,-0.023448068540508,0.0522453900565834,-0.0158117647058824,-0.0353321033210333,0.0753178080507829,-0.0274829260264954,-0.0285221108005918,0.1497539594990611,-0.0025672206458587,-0.0068612942284408,0.0127269021831239,-9.741254570194702e-05,2.139717238835992e-05,0.0012262284924394,0.0,0.0118840347805252,-0.021660816572151,-0.0183575336949569,-3.3306690738754696e-16,-0.0183575336949566,0.0373295546934887,0.2431721128368441,-0.0031977639339604,0.0001188212927754,1.1013977330398457,Risk-off,prompt_validation,daily-2022-02-04,2,1.000024043941678e-12,0.22270013882486345,0.7772998611731365,1.000024043941678e-12,0.0,0.00013953694650340425,0.08247422680412371,26.129067990928547,0.00021494041160750546,0.4329896907216495,27.379067990928547,0.999645522641889,0.4845360824742268,0.00012286818095556123,0.30997418175226943,False,2,0.0,0.0,0.0,
2022-03-17,2022-03-17,2022-03-18,2022-03-24,0.0366456834532376,-0.0123753540065206,0.2654144626862018,0.0397600099477741,-0.0325967490021402,0.3668727853727768,0.0259788359788359,-0.0066594949029251,0.3138361280789861,0.0091396155058305,-0.0066697688847524,0.1093243284762152,0.0111520462013341,-0.0118711686289773,0.1293331385008017,-0.0194810867476195,-0.0278042442615851,0.2211141609633812,-0.0039509536784742,-0.0061174551386623,0.0212497340230725,0.0,0.0002175240584532,0.0013112259005022,0.0,0.0052013997442248,-0.0216867891229227,0.0278665512478044,0.0001187930624848,0.0277477581853196,0.0128676470588233,0.1907871568084372,0.014255786886431,0.0,1.2623095795619623,Risk-off,prompt_validation,daily-2022-03-17,2,1.0032171390139643e-12,0.9999999999969904,1.0032171390139643e-12,1.0032171390139643e-12,0.0,0.0892798638592097,0.08333333333333334,27.62780914083089,0.48841368157746673,0.39583333333333337,0.0,0.4223064545633236,0.5208333333333334,0.26060309473856985,0.30997418175226943,False,1,0.0,0.0,0.0,
2022-03-29,2022-03-29,2022-03-30,2022-04-05,0.0265601432880846,0.0802063162287132,0.232865041133602,0.0398490174609578,0.0882964928681282,0.3349101846075482,0.0221746444410462,0.0632589214698553,0.2772448314992772,0.0103399655334481,-0.0033997836501313,0.1267808965084807,0.0091908091908092,-0.0322827857074432,0.1326794043229728,0.0160657234139662,-0.0747298420615129,0.2352445896851943,-0.0026098901098901,-0.0169239101001895,0.0206476948914254,0.0,0.0001187930624848,0.001294304453622,1.0,0.0288830020573118,-0.0578059319613233,-0.0227507518538072,0.0002189073634204,-0.0229696592172277,0.0227507518538072,0.1618021154971451,-0.005945958355334,0.0001187789523695,-0.6927897829787775,Risk-on,prompt_validation,daily-2022-03-29,0,1.0040364448975637e-12,0.999999999996988,1.0040364448975637e-12,1.0040364448975637e-12,0.0,0.08927893575768683,0.22448979591836735,27.626992795616047,0.48838317473299897,0.6326530612244898,0.0,0.42233788950931417,0.14285714285714288,0.5387233241125747,0.30997418175226943,False,1,0.0,0.0,0.0,
2022-04-07,2022-04-07,2022-04-08,2022-04-14,-0.0063576221085718,0.0614734847957911,0.1915392730221226,-0.0232637312755334,0.0702561551852771,0.29975743285418,-0.0283377905780702,-0.0003703703703703,0.2575804954947274,-0.0149859506712457,-0.0056728647967223,0.1280025532013638,-0.0211839239754504,-0.015433635367918,0.1261615055945802,-0.0409070698088039,-0.0578317463090766,0.200106836537386,-0.0017891549683456,-0.0118528610354223,0.0208554933667928,0.0002189073634206,0.0004565454977429,0.0014122760817822,0.6666666666666666,0.0097607705711957,-0.0459788852736542,-0.0244835320505252,0.0,-0.0244835320505252,0.0244835320505252,0.1736906949089799,-0.0026915358281193,0.0,-0.164169855845055,Mixed,prompt_validation,daily-2022-04-07,1,1.0000877418832031e-12,0.9999999999969998,1.0000877418832031e-12,1.0000877418832031e-12,0.0,0.08928341237921379,0.2857142857142857,27.630933377891438,0.4885304328100032,0.5714285714285714,0.0,0.42218615481078314,0.14285714285714285,0.22210616106249093,0.30997418175226943,False,1,0.0,0.0,0.0,
2022-04-25,2022-04-25,2022-04-26,2022-05-02,-0.0215797750090721,-0.0534113516676417,0.1849024889770082,-0.0269055572426358,-0.0828324460472837,0.271680806616433,-0.0190715315989101,-0.0595164925220241,0.2353786209365115,-0.0022357074417119,-0.0129541864139021,0.1086784783032423,0.0016694490818029,-0.0364348087925323,0.1270799856073719,0.0085895558809174,-0.0566916194997262,0.1703311805362383,-0.0020675396278427,-0.0033039647577092,0.0208471190629537,0.0,0.000575364564904,0.0011626222610026,0.0,0.0234806223786302,-0.053387654742017,-0.0327621590880989,0.0004104500653132,-0.0331726091534122,0.0385480800138464,0.4114192206848174,-0.0289790569443414,0.0,0.9360112909685352,Risk-off,prompt_validation,daily-2022-04-25,2,1.000002737643995e-12,0.1824255238059915,0.8175744761920085,1.000002737643995e-12,0.0,0.00013488036288176813,0.061855670103092786,25.929605100303547,0.00020469779587564013,0.2268041237113402,27.429605100303547,0.9996604218412426,0.7113402061855669,0.00011770321903936936,0.30997418175226943,False,2,0.0,0.0,0.0,
2022-05-13,2022-05-13,2022-05-16,2022-05-20,-0.0233888001648547,-0.0823854010358677,0.3243551972242173,-0.0236139288921409,-0.1077984439581815,0.4336895584911761,-0.0247470367158137,-0.1050090204817999,0.3577807737517062,-0.0100197109067017,-0.0390624999999998,0.1153647436308455,0.0075293105302787,-0.0301304617933318,0.1265331163548114,0.0202904521577917,-0.0378787878787878,0.2041750836379915,0.0031803097345133,0.0,0.0223297408900109,0.0,0.0006480631430749,0.0011878483449748,0.0,-0.0089320382066679,-0.0378787878787878,-0.030094424223242,0.0,-0.030094424223242,0.0461893764434178,0.3485084487619229,-0.0040618241282903,0.0,2.3410807841506647,Risk-off,prompt_validation,daily-2022-05-13,2,9.999732974726596e-13,9.999732974726596e-13,0.9999999999970001,9.999732974726596e-13,0.0,8.650032226037982e-06,0.010204081632653062,0.0,2.489957451778239e-06,0.09183673469387756,27.63102111592555,0.9999888600103222,0.8979591836734694,3.860826073602361e-06,0.30997418175226943,False,2,0.0,0.0,0.0,
2022-06-16,2022-06-16,2022-06-17,2022-06-24,-0.0866765202702705,-0.0643521522820677,0.291845748819663,-0.0935760906904844,-0.0678301420193597,0.3748740491609166,-0.1071469542273718,-0.067569186534084,0.3421916485942938,-0.0405873618214815,-0.0249832327297115,0.2001732935339243,-0.0214171550346295,-0.0188034188034187,0.1402441497602122,-0.0240939254721797,-0.0426639959939908,0.2104207014517271,-0.0060773480662985,-0.0070373947840486,0.0328031282019986,0.000118666192002,0.0010857513585815,0.0022869568124411,0.0,-0.0061798139262928,-0.0356266012099422,0.0733766941304925,0.0001186521120071,0.0732580420184854,0.001828307830783,0.2191923989671869,0.0067242833198473,0.0001186521120071,2.005347251964946,Risk-off,prompt_validation,daily-2022-06-16,2,1.0000534071848315e-12,1.0000534071848315e-12,0.999999999997,1.0000534071848315e-12,0.0,8.650153155076398e-06,0.010204081632653062,0.0,2.489997953094477e-06,0.14285714285714288,27.63096771016683,0.9999888598488919,0.846938775510204,3.860882021367888e-06,0.30997418175226943,False,2,0.0,0.0,0.0,
2022-06-22,2022-06-22,2022-06-23,2022-06-29,0.010269260196851,-0.0483873597793416,0.3005242364178453,0.0191977931857154,-0.0418097707997474,0.3855703114836817,-0.0092005470595549,-0.0558616195723002,0.3480487787511958,0.0055210489993098,-0.032375892412419,0.1978037564182773,0.0159415476585851,-0.0235156416258779,0.1451461425691499,0.0404940923737917,-0.0270188830855765,0.2318179467595388,0.0075440067057839,-0.0064747210359553,0.0340474913381587,0.0003560408260145,0.0009668576308599,0.0021977797190864,0.0,-0.008860250786541,-0.0205441620496211,0.0158931439682139,0.0002372760707083,0.0156558678975056,0.0249898580121701,0.3059520798978037,0.0098064079803874,0.0001186380353541,1.9577316398175164,Risk-off,prompt_validation,daily-2022-06-22,2,9.999504101621635e-13,9.999504101621635e-13,0.9999999999970001,9.999504101621635e-13,0.0,8.650032226037982e-06,0.031578947368421054,0.0,2.489957451778239e-06,0.23157894736842105,27.63102111592555,0.9999888600103222,0.7368421052631579,3.860826073602361e-06,0.30997418175226943,False,2,0.0,0.0,0.0,
2022-07-21,2022-07-21,2022-07-22,2022-07-28,0.055246922196477,0.0651787978696429,0.209086538424799,0.0722649955237242,0.0951684283676528,0.2652174262576216,0.0758196721311474,0.0870247207930732,0.2463412239789432,0.0327174097304627,0.0452985586822236,0.1250763080429021,0.0163548904329235,0.0360684319494388,0.098157901965451,0.0095949904050094,0.0318984205636418,0.1738163481955721,0.0018025513033832,0.0018025513033832,0.0227391244785176,0.0002371354043158,0.0016500148860345,0.002838520904043,1.0,0.0092301267327847,0.0300958692602586,0.018174603174603,0.0003556187766713,0.0178189843979317,0.0198148148148147,0.2495282076571711,-0.0092592592592591,0.0002370791844474,-0.3218693152005313,Mixed,prompt_validation,daily-2022-07-21,1,0.9525741268205281,0.047425873177471926,9.999394141756687e-13,9.999394141756687e-13,27.582433764352807,0.2753554149186615,0.4285714285714286,24.582433764352807,0.7238274427002883,0.489795918367347,0.0,0.0008171423810501628,0.0816326530612245,0.10682325339131632,0.30997418175226943,False,0,0.0,0.0,0.0,
2022-07-22,2022-07-22,2022-07-25,2022-07-29,0.0258868648130392,0.0450676712711042,0.2120810104930536,0.034679234665166,0.0601845178030848,0.2735198870248276,0.0371068799805343,0.0570401140802283,0.254574949527779,0.0184131235353197,0.0366331572669962,0.1243459503961779,0.0161187698833509,0.0362279658267545,0.0982817269872276,0.0207893943959025,0.0407536350604136,0.1807017318097999,0.0034635633139372,0.0033245601883917,0.0241182380599134,0.0004742708086316,0.0017686373916458,0.0028892298653374,1.0,0.0004051914402416,0.0374290748720218,0.042750333778371,-0.000118511495615,0.042868845273986,0.0118415788771837,0.2280736819542987,0.0012016021361818,0.0,0.0131489139014751,Mixed,prompt_validation,daily-2022-07-22,1,1.000534200248344e-12,0.9999999999969985,1.000534200248344e-12,1.000534200248344e-12,0.0,0.08928290577980762,0.32989690721649484,27.63048705831136,0.4885137542178939,0.5360824742268041,0.0,0.42220334000229837,0.13402061855670103,0.22211545232526164,0.30997418175226943,False,1,0.0,0.0,0.0,
2022-08-04,2022-08-04,2022-08-05,2022-08-11,0.0200327383272271,0.0647392259499337,0.1965604321845518,0.0470841616964876,0.0997389942578734,0.2726040090108976,0.0186360031720858,0.0782467921813168,0.2148108360568845,0.0100502512562814,0.0523560209424083,0.1093147745294265,0.0043559427504666,0.0390557939914162,0.1073985821030357,0.0150569588905398,0.0506510817184455,0.1912159677444019,-0.0019283746556474,0.0029065743944636,0.0234150155413762,0.0018451998010098,0.0024391322173016,0.0067734913750526,1.0,0.013300226950992,0.0477445073239819,0.0140608283661931,0.0003553239369891,0.013705504429204,0.0068011615466908,0.1628224544506976,-0.0016811860003055,0.0,-0.4434462629366718,Risk-on,prompt_validation,daily-2022-08-04,0,0.999999999996974,1.0086854199717557e-12,1.0086854199717557e-12,1.0086854199717557e-12,27.622373197227375,0.6307699135169795,0.6326530612244898,0.0,0.3454168862225085,0.28571428571428575,0.0,0.023813200260511997,0.0816326530612245,0.1490474970607905,0.30997418175226943,False,0,0.0,0.0,0.0,
2022-08-08,2022-08-08,2022-08-09,2022-08-15,0.0053934662009449,0.0748489840746844,0.1899800053513233,0.0172245376400104,0.109568120471658,0.2609098763158014,0.0301513191202114,0.1206780490790038,0.1952924650259671,0.0025852318629826,0.0529441710503988,0.108871260431825,-0.0096034696406444,0.0278641088843638,0.1204542508610014,-0.0140640155189135,0.0360819488329426,0.2066509946334021,-0.0048216007714562,0.0006926167059149,0.0275903557067582,0.0002369387513327,0.0024391322173016,0.0067734913750526,1.0,0.0250800621660349,0.0353893321270277,0.0384202728248095,0.0004737652493185,0.037946507575491,0.0039595360956419,0.1721443221772664,-0.0039595360956419,0.0002368826246594,-0.7633481921105675,Risk-on,prompt_validation,daily-2022-08-08,0,0.9999999999969998,1.000091556922454e-12,1.000091556922454e-12,1.000091556922454e-12,27.630929563194172,0.6308421170173601,0.6458333333333334,0.0,0.34539870557139596,0.27083333333333337,0.0,0.023759177411243938,0.08333333333333334,0.14901320648959668,0.30997418175226943,False,0,0.0,0.0,0.0,
2022-08-10,2022-08-10,2022-08-11,2022-08-17,0.0133638793432608,0.1086665924028071,0.1925127599101171,0.0094105678133145,0.1410191906849709,0.2724957386715034,0.0309638754786081,0.1418474586687972,0.219267254958277,0.0059542967492758,0.0576988155668358,0.1224377723383065,-0.0031026993484331,0.0237918215613381,0.1238666448747321,-0.0187298800117061,0.0076129420014023,0.2052117104017791,-0.0017963244438304,0.001247401247401,0.0276601225079029,0.0001184413123296,0.0027956607781167,0.0067233652729744,1.0,0.0339069940054976,0.0063655407540013,0.0158502888721423,0.0004737091425865,0.0153765797295557,0.0070955069972993,0.1390919640484717,0.0,0.0002368545712934,-1.1881696615812385,Risk-on,prompt_validation,daily-2022-08-10,0,0.9999999999969997,1.000122077760383e-12,1.000122077760383e-12,1.000122077760383e-12,27.630899045616047,0.6308418596257548,0.7346938775510204,0.0,0.34539877049468537,0.22448979591836735,0.0,0.023759369879559837,0.04081632653061225,0.149013328724394,0.30997418175226943,False,0,0.0,0.0,0.0,
2022-08-16,2022-08-16,2022-08-17,2022-08-23,0.0446000359057217,0.0954225162713138,0.1651362446203176,0.047947422947423,0.1139445247436161,0.2580326726567714,0.0568011958146486,0.1248011313417003,0.1811533631482527,0.0115278454294527,0.0391993327773143,0.1102945861558836,0.0068077084206115,0.0237486687965919,0.1281788454964722,-0.0165925925925927,0.0160204081632653,0.2181722705033249,0.0008313703755022,0.0024982650936851,0.0273747871215764,0.000355239786856,0.0029138700560191,0.0067037962759514,1.0,0.0154506639807223,0.0135221430695802,-0.0403633685244291,0.0002367424242422,-0.0406001109486713,0.0403633685244291,0.147585516629962,-0.0070955069972993,0.0,-0.8684341451655697,Risk-on,prompt_validation,daily-2022-08-16,0,0.9999999999969997,9.999999999969996e-13,9.999999999969996e-13,9.999999999969996e-13,27.63102111592555,0.6308428891864355,0.836734693877551,0.0,0.34539851079813355,0.14285714285714288,0.0,0.023758600015430953,0.020408163265306124,0.14901283978812405,0.30997418175226943,False,0,0.0,0.0,0.0,
2022-08-22,2022-08-22,2022-08-23,2022-08-29,-0.0361623616236163,0.0449393252433654,0.1934617431647303,-0.0561274811983725,0.0469401709401711,0.2803126504521859,-0.0518433179723503,0.0565443193090973,0.2209615502040021,-0.0345103051605688,-0.0064123643538309,0.1246359737885419,-0.0290155440414507,-0.0137880223134406,0.1273777517196224,-0.0242033077853972,-0.0385532591414944,0.2069951914969426,-0.0023516392308756,-0.0034544700842891,0.0246531681871923,0.0007103113531432,0.0031506692017446,0.0067984259802377,1.0,0.0073756579596097,-0.0350987890572053,-0.0259315977539561,0.0001183011948424,-0.0260498989487986,0.0402374006639172,0.2832771017785507,-0.0023991832567635,-0.0003549035845262,-0.1881932018041508,Mixed,prompt_validation,daily-2022-08-22,1,1.000068666905245e-12,0.9999999999969998,1.000068666905245e-12,1.000068666905245e-12,0.0,0.08928343402629509,0.28571428571428575,27.630952451377766,0.4885311455691934,0.5816326530612245,0.0,0.42218542040451135,0.1326530612244898,0.2221057640048852,0.30997418175226943,False,1,0.0,0.0,0.0,
2022-10-11,2022-10-11,2022-10-12,2022-10-18,-0.0535108689609161,-0.0822274101614302,0.2434376602635167,-0.0687042273946776,-0.1021670744494932,0.272438602618996,-0.0470777288418045,-0.0749898896527817,0.2954159531427379,-0.0279755849440488,-0.0335468644639245,0.1570929506345982,-0.0306099482331757,-0.0534065934065933,0.1558681257349521,-0.0354863987462219,-0.070249271608935,0.2300713467421948,-0.0032244497406421,-0.0078146804353893,0.0237022930883088,0.0004718650465966,0.0039781799275946,0.0067651785216509,0.0,0.0198597289426688,-0.0624345911735456,0.0374166642192135,0.0003537318712414,0.037062932347972,0.0227951309141022,0.3312436484017863,-0.003318746512379,-0.0002358212474945,1.4867165474702742,Risk-off,prompt_validation,daily-2022-10-11,2,9.999923706315726e-13,9.999923706315726e-13,0.999999999997,9.999923706315726e-13,0.0,8.650032226037982e-06,0.020618556701030927,0.0,2.489957451778239e-06,0.18556701030927836,27.63102111592555,0.9999888600103222,0.7938144329896908,3.860826073602361e-06,0.30997418175226943,False,2,0.0,0.0,0.0,
2022-12-30,2022-12-30,2023-01-03,2023-01-09,0.0045052469644524,-0.0523366489124519,0.182232957675846,-0.0017978731543111,-0.0912415114051888,0.2307395129676114,0.00438464772659,-0.0630883012102195,0.2186150122350075,-0.0076259946949602,-0.0210956663941128,0.1110895096406659,-0.018225211542634,-0.0276136241538625,0.1111158507672548,-0.0397336293007769,-0.0563856472897807,0.211035840715291,-0.0022284122562673,-0.0009761539534234,0.0206108240672525,0.0008193842912322,0.0072436931893067,0.0146373472775678,0.0,0.0065179577597497,-0.0554094933363573,0.0141935130996007,0.0007017543859646,0.013491758713636,0.011419071757556,0.208840478413607,-0.0042115626538314,0.0002339181286548,1.2159369167094665,Risk-off,prompt_validation,daily-2022-12-30,2,9.999606432448706e-13,0.03732688734405481,0.9626731126539453,9.999606432448706e-13,0.0,0.00010959922934825696,0.08247422680412371,24.342979744238765,0.00014927463368394784,0.27835051546391754,27.592979744238765,0.9997411261369678,0.6391752577319588,8.972720321104259e-05,0.30997418175226943,False,2,0.0,0.0,0.0,
2023-01-05,2023-01-05,2023-01-06,2023-01-12,0.0072194146720716,-0.0275503116216304,0.1739128916573875,0.0056887284711051,-0.0691408235892222,0.2243660441566574,0.0184653011311524,-0.0310063990692264,0.2005091151303203,0.0254065040650406,0.0039800995024876,0.1142412515378162,0.0142651774853477,-0.0151401267046064,0.1116078443859296,0.0374523176511385,-0.0320319240724762,0.2160237896152072,0.0,0.0013972334777141,0.0187330703621061,0.0009361104610343,0.0071239524877277,0.0146939683715905,0.0,0.019120226207094,-0.0334291575501903,0.046341732370293,0.0009352349777882,0.0454064973925048,0.0005659462081603,0.144509129539753,0.022936538567569,0.0002338087444468,0.7528417575475516,Risk-off,conformal,daily-2023-01-05,2,9.999415706911037e-13,0.9626731126539453,0.03732688734405481,9.999415706911037e-13,0.0,0.0003594305455665052,0.10526315789473684,27.592979744238765,0.000692189974178708,0.47368421052631576,24.342979744238765,0.9989483794802549,0.42105263157894735,0.00036460218975149436,0.30997418175226943,False,1,0.0,0.0,0.0,
2023-01-10,2023-01-10,2023-01-11,2023-01-18,0.025623420850269,0.0025523740046544,0.1917090891424078,0.0315996604676287,-0.0303195154680303,0.2490651173816551,0.0410102224894768,0.0152474783016653,0.2178126397192161,0.0263465065866266,0.0143375082399472,0.1239155266568774,0.0235952589991219,0.0011807642765135,0.1183887384866972,0.0249517976636044,-0.0196354957691473,0.1980161902099649,0.003486750348675,0.0047479402318113,0.0221300451521892,0.000467726847521,0.0068870426181137,0.0146313181300834,0.6666666666666666,0.0131567439634336,-0.0243834360009587,0.0023296291337526,0.0009350163627868,0.0013946127709658,0.0175843787727677,0.1663084188988018,0.0126389074842683,0.0,0.2632514708678724,Risk-off,conformal,daily-2023-01-10,2,1.0000267032343845e-12,0.999999999997,1.0000267032343845e-12,1.0000267032343845e-12,0.0,0.08928348164916253,0.25510204081632654,27.630994413047688,0.4885327136390786,0.5612244897959184,0.0,0.42218380471175904,0.1836734693877551,0.26067756809400433,0.30997418175226943,False,1,0.0,0.0,0.0,
2023-01-27,2023-01-27,2023-01-30,2023-02-03,0.0247543062453767,0.0770533681346143,0.1605229027123888,0.0480470724135442,0.1390403703558398,0.2088023283754876,0.0245689169390284,0.11170895750535,0.1797801606261636,-0.0001614987080104,0.0486111111111111,0.0857794205071335,-0.0004215407313732,0.0488775848722766,0.1035217955039038,0.0048759345541227,0.0720147959773436,0.2042812677211833,-0.0006927126627875,0.0064183061252964,0.0224418426422158,0.0008169934640522,0.0033934004212501,0.0032124088838638,1.0,-0.0002664737611655,0.0655964898520471,0.0164221815463145,0.0055253691802268,0.0108968123660877,0.012555105828972,0.2182621105017124,-0.012555105828972,0.0002332361516035,-0.4581619146156622,Risk-on,conformal,daily-2023-01-27,0,0.9999999999969998,1.0000648519533124e-12,1.0000648519533124e-12,1.0000648519533124e-12,27.63095626607503,0.6308423422342333,0.787878787878788,0.0,0.3453986487630528,0.18181818181818182,0.0,0.023759009002713837,0.030303030303030304,0.14901309953454653,0.30997418175226943,False,0,0.0,0.0,0.0,
2023-02-02,2023-02-02,2023-02-03,2023-02-09,0.0297157622739019,0.0860382089226832,0.1695064539890403,0.0626500156538072,0.173028185239229,0.2458204171212684,0.0517584605175844,0.1296549266496405,0.1939601178570139,0.0154589371980675,0.0395647873392681,0.0831469294427103,0.0120899915895709,0.048807059592548,0.1022442313945914,0.015166182639561,0.0559409263817409,0.1878143261898238,0.0027727713849994,0.0078027030792811,0.023183312573636,0.0056426452904647,0.0083475664507601,0.0163411034925764,1.0,-0.0092422722532798,0.0481382233024598,-0.0232622333751566,0.0006990562740301,-0.0239612896491867,0.0232622333751566,0.1604302815731654,-0.0106398996235884,0.0,-0.3354244486857162,Mixed,conformal,daily-2023-02-02,1,0.3208213008239653,0.6791786991740346,1.0000651837516089e-12,1.0000651837516089e-12,26.494084928184407,0.23894615638423963,0.7216494845360825,27.244084928184407,0.7603254388171409,0.2061855670103093,0.0,0.0007284047986194718,0.07216494845360825,0.09124840326641435,0.30997418175226943,False,1,0.0,0.0,0.0,
2023-02-06,2023-02-06,2023-02-07,2023-02-13,0.0230536264424834,0.0560286746078804,0.1569526265144472,0.0458763973845179,0.1294131045478701,0.2438429200518809,0.0385430611334225,0.0932417356585051,0.1935806281912943,0.0069839207406203,0.009771986970684,0.0844421902840251,-0.0004233252195998,0.0131945934348851,0.1038871481621969,-0.0012987012987013,0.0095175582540203,0.1902360490176795,-0.0027754648903691,-0.0012508686587908,0.0252101471906328,0.005290898999702,0.0077583030295056,0.0164591186360782,1.0,-0.0034226064642011,0.0107684269128112,0.0073242312109227,0.0010485844110452,0.0062756467998774,0.019522394075268,0.1771649837473361,0.0130917442899067,0.0002330187580099,-0.2437777646360488,Mixed,conformal,daily-2023-02-06,1,0.9999999999969954,1.00155760829498e-12,1.00155760829498e-12,1.00155760829498e-12,27.629464719444172,0.6308297611457668,0.7142857142857143,0.0,0.3454018212498398,0.25510204081632654,0.0,0.023768417604393386,0.030612244897959183,0.3099725600394231,0.30997418175226943,False,0,0.0,0.0,0.0,
2023-02-13,2023-02-13,2023-02-14,2023-02-21,0.0073242312109227,0.0359561177890928,0.1714792249848341,0.0029914960841652,0.083750998765163,0.2711480580113992,-0.0079488694344486,0.029656056636379,0.2032169847106712,-0.0122580645161289,-0.0170144462279292,0.0873914613838458,-0.0139756484912653,-0.0178232440413415,0.0973699342360548,-0.0156046814044212,-0.0208041392691602,0.1646656585828552,-0.0001391594767604,-0.0027758501040944,0.0223951850080187,0.0010485844110452,0.0079903461423864,0.0162855778862509,1.0,0.0008087978134122,-0.0180282891650658,-0.0332640859343333,0.0009310986964616,-0.034195184630795,0.0359506846546409,0.1555395721603306,-0.00045601945683,-0.0001163873370577,-0.0911289102382966,Mixed,conformal,daily-2023-02-13,1,0.9399133498241125,0.060086650173887445,1.0000403158601981e-12,1.0000403158601981e-12,27.569013211875813,0.2723107994026369,0.6185567010309279,24.819013211875813,0.7268977615524383,0.30927835051546393,0.0,0.0007914390449247408,0.07216494845360825,0.10549300481118737,0.30997418175226943,False,0,0.0,0.0,0.0,
2023-02-14,2023-02-14,2023-02-15,2023-02-22,-0.0061464053604713,0.0373895666806902,0.1711579892312268,-0.0101093256059009,0.0895614353026459,0.2712579986633545,-0.0156741483179613,0.0304738516492717,0.2030932312379688,-0.0154291224686595,-0.013367692059913,0.0869576020120862,-0.0131718716804758,-0.0167231160033869,0.0970387672122082,-0.0099410093948002,-0.0167082564825865,0.1634919467690352,-0.0026429266935595,-0.0055478502080442,0.0231872249465485,0.0006988934187539,0.0079907435030561,0.0162854125315475,1.0,0.0033554239434738,-0.0111604062745422,-0.034166370963654,0.0011640088464675,-0.0353303798101215,0.0372896771259662,0.1533034596793515,0.0032442844831952,0.0003492026539402,-0.1493962368716762,Mixed,conformal,daily-2023-02-14,1,0.9399133498241123,0.06008665017388743,9.999830947314467e-13,9.999830947314467e-13,27.569053526923348,0.27231044959310485,0.4897959183673469,24.819053526923348,0.7268981245902328,0.3877551020408163,0.0,0.000791425816662247,0.12244897959183673,0.10549284774363071,0.30997418175226943,False,0,0.0,0.0,0.0,
2023-02-15,2023-02-15,2023-02-16,2023-02-23,0.0080990220048897,0.0574374866424451,0.1579208662143209,0.0155223280139467,0.1123310810810811,0.2634671932979746,0.0090353297624843,0.0580359675497814,0.193832324862725,-0.012911555842479,-0.0162457777062893,0.0867080027384257,-0.0179348402844105,-0.0319071032534783,0.0853297364073216,-0.0237033815374577,-0.0488347457627118,0.136600152010049,-0.0029199110122358,-0.0074740484429066,0.0215344649306445,0.0009317493594225,0.0081072524877898,0.0162750500136244,1.0,0.015661325547189,-0.0413606973198051,-0.0321610833207013,0.0012799627647195,-0.0334410460854208,0.0372896771259662,0.1624212131374333,-0.0137688848466471,0.0003490807540145,-0.5889800167213919,Risk-on,conformal,daily-2023-02-15,0,0.9999999999969985,1.000534200248344e-12,1.000534200248344e-12,1.000534200248344e-12,27.63048705831136,0.6308383847458546,0.7142857142857143,0.0,0.345399646903613,0.25510204081632654,0.0,0.023761968350532257,0.030612244897959183,0.14901497894158366,0.30997418175226943,False,0,0.0,0.0,0.0,
2023-03-14,2023-03-14,2023-03-15,2023-03-21,-0.0164128151260503,-0.0510995135792456,0.1645413311422803,0.0034778416721186,-0.023391420911528,0.2085708807841632,-0.0535584502711466,-0.0834822153646257,0.2196566881190154,-0.0083647695587993,-0.0127367733507511,0.105695671853813,0.0095363367313383,-0.0110598088693224,0.1046396503504013,0.0232976927405741,0.0008806693086744,0.2142467391408318,0.014291719209752,0.0075156576200419,0.0482606097221849,0.0010445682451249,0.0070823984424834,0.0114672657623614,0.0,-0.0016769644814287,-0.0066349883113674,0.0263266559749872,0.001159420289855,0.0251672356851322,0.0077197972223688,0.1831830924890879,-0.0062474969963958,0.000463768115942,1.2755919687936763,Risk-off,conformal,daily-2023-03-14,2,1.0000355848414182e-12,0.7310585786285427,0.26894142136945726,1.0000355848414182e-12,0.0,0.00020840066323432697,0.08421052631578947,27.31772384420003,0.00036239367079731307,0.3368421052631579,26.31772384420003,0.9994292056659684,0.5789473684210527,0.0001978629593164829,0.30997418175226943,False,1,0.0,0.0,0.0,
2023-03-23,2023-03-23,2023-03-24,2023-03-30,0.0003656256048909,-0.010993560151409,0.1820462275985367,0.0111417833505169,0.0451732673267326,0.2102694021639145,-0.0289743437814777,-0.0972291081363961,0.2546752265899978,-0.0008242664029013,-0.0057414698162729,0.0902398116253305,0.0156182679879361,0.0267886311662857,0.0906738243872636,0.0106579662860251,0.0426343543139235,0.2136528223013241,0.0075830690748655,0.0189626324595648,0.0600492233473859,0.0006951685783804,0.00695999046847,0.0115062322424726,0.3333333333333333,-0.0325301009825587,0.0236717218543587,0.0267913928344287,0.0008104665971981,0.0259809262372305,0.0022598870056498,0.0992010532098654,0.006571973712105,0.0004631237698273,1.3535128281626547,Risk-off,conformal,daily-2023-03-23,2,9.999716508985978e-13,0.06008665017388744,0.9399133498241125,9.999716508985978e-13,0.0,0.00011587871529465492,0.12371134020618557,24.819053526923348,0.00016285986770020353,0.5979381443298969,27.569053526923348,0.9997212614170051,0.27835051546391754,9.661312566627181e-05,0.30997418175226943,False,2,0.0,0.0,0.0,
2023-03-27,2023-03-27,2023-03-28,2023-04-03,0.0069857902675238,0.004710387956355,0.1792353356528519,0.0091239052978588,0.0520742926575248,0.2005072667126634,0.0051097084460474,-0.0734788872880417,0.2631434701158972,0.0033255736614565,-0.0108196721311475,0.0844152357383848,0.0046221648930451,0.0251179115937258,0.0977395154186073,-0.0148108108108108,0.0329857175243708,0.2266697549375488,0.0,0.0163339382940108,0.0619641265163256,0.0008109360519001,0.0069591235515753,0.0116446233363408,0.6666666666666666,-0.0359375837248734,0.0166517792303599,0.0364735251609511,0.0049959949068181,0.031477530254133,0.0022598870056498,0.113379954297891,-0.0022598870056498,0.0003472624146312,1.061137582513498,Risk-off,conformal,daily-2023-03-27,2,1.0085930762906562e-12,0.9999999999969743,1.0085930762906562e-12,1.0085930762906562e-12,0.0,0.08927378110813691,0.1836734693877551,27.62246474996175,0.4882139584102005,0.5612244897959184,0.0,0.42251226048166246,0.25510204081632654,0.2604781569045946,0.30997418175226943,False,1,0.0,0.0,0.0,
2023-04-10,2023-04-10,2023-04-11,2023-04-17,0.0005344463390426,0.0697652310207965,0.1445700442752839,-0.0095241118765675,0.1033348657919865,0.1754734336125828,-0.0148497554157932,0.0012428977272727,0.2394130442535259,-0.0057980351103238,0.0226971504307487,0.0937348470314268,0.0050681026290781,0.0313109425785482,0.080409658826238,0.0063502314067378,0.0137699230185406,0.1820128934696402,0.0009616705591426,0.0126476719944406,0.0598996804679176,0.0053439029431794,0.0081426796130132,0.0148329404205459,1.0,-0.0086137921477995,0.0011222510241,0.0105560360177034,0.0009243212016176,0.0096317148160858,0.0040687620791376,0.1091931618338265,0.0002543623136799,0.0,-0.3179934110503293,Mixed,conformal,daily-2023-04-10,1,1.000041962547325e-12,0.999999999997,1.000041962547325e-12,1.000041962547325e-12,0.0,0.08928346433186936,0.5612244897959184,27.630979154258625,0.4885321434319007,0.35714285714285715,0.0,0.4221843922362299,0.0816326530612245,0.22210520812491236,0.30997418175226943,False,1,0.0,0.0,0.0,
2023-04-17,2023-04-17,2023-04-18,2023-04-24,0.0105560360177034,0.0613929630520158,0.1239311109273623,0.0030449693900445,0.0457477025898078,0.1583611211756997,0.0172607436306675,0.0479235172329801,0.1979688182656867,0.0042118904908472,0.0280265339966834,0.084797939875624,-0.010190146023742,0.0097524381095273,0.0780706637527928,-0.0275935828877005,-0.0258223507982428,0.1560987511880103,-0.0021959923140268,-0.0026066675812868,0.0358508005797763,0.0009243212016176,0.0079053990917032,0.0149629750534587,1.0,0.0182740958871561,-0.0232156832169559,-0.0031463162928843,0.0010389010735309,-0.0041852173664153,0.0056093573135455,0.043468000395186,0.0006544337889198,0.0001154334526145,-0.812225582898017,Risk-on,conformal,daily-2023-04-17,0,0.9999999999969997,9.999847413243519e-13,9.999847413243519e-13,9.999847413243519e-13,27.63102111592555,0.6308428891864355,0.75,0.0,0.34539851079813355,0.1875,0.0,0.023758600015430953,0.0625,0.14901283978812405,0.30997418175226943,False,0,0.0,0.0,0.0,
2023-05-01,2023-05-01,2023-05-02,2023-05-08,0.006968993031007,0.0149390476675237,0.117498408199253,0.0197678168332795,0.0039366329089811,0.1591618313604413,-0.0120608899297424,-0.0173538318192405,0.165099170741352,-0.0024162371134019,-0.0025769044934772,0.0547823481050851,-0.0121192960269786,-0.0102417907295956,0.0866421869501607,-0.0191765980498374,-0.0256161877085351,0.178982927524354,-0.0004118616144975,0.0002747630168977,0.0295045238950251,0.0049822878228784,0.0123373330018925,0.0211193147756582,0.6666666666666666,0.0076648862361183,-0.0258909507254329,-0.0066700100300901,0.0008068234209315,-0.0074768334510216,0.0249749247743229,0.1875226832117294,-0.01123370110331,0.0001152604887042,-0.057041477747053,Mixed,conformal,daily-2023-05-01,1,0.5621765008846739,0.43782349911332624,1.0000035732896032e-12,1.0000035732896032e-12,27.055078122764485,0.24611453417605486,0.6666666666666667,26.805078122764485,0.7532138942353231,0.25,0.0,0.0006715715886219393,0.08333333333333334,0.09424298951442854,0.30997418175226943,False,0,0.0,0.0,0.0,
2023-05-12,2023-05-12,2023-05-15,2023-05-19,-0.0025249974750023,-0.0020966478894584,0.1361236418245447,0.0066580417153132,0.0203089519301498,0.1625669404722734,-0.009885659838018,-0.0214819610381967,0.1775419559371243,-0.0045168575576706,-0.007079646017699,0.0528802366972835,-0.0021186440677966,-0.006433920472524,0.1041903205673768,-0.0059730668983492,-0.0052168242582328,0.2035440219019294,-0.0005466721333881,0.0043950006867188,0.031095961218746,0.0011516756881262,0.0079976015387299,0.0160851912104749,0.3333333333333333,-0.000645725545175,-0.0096118249449517,0.0170868772782502,0.0006902105142063,0.0163966667640438,0.0066851664984864,0.1230691283836567,0.003442689347914,-0.0001150350857013,0.5208331945457845,Risk-off,conformal,daily-2023-05-12,2,1.0000076294206353e-12,0.9999999999970001,1.0000076294206353e-12,1.0000076294206353e-12,0.0,0.089283503295597,0.3541666666666667,27.631013486534016,0.48853342639796554,0.47916666666666663,0.0,0.42218307030643737,0.16666666666666666,0.26067801406482904,0.30997418175226943,False,1,0.0,0.0,0.0,
2023-05-18,2023-05-18,2023-05-19,2023-05-25,0.0172160986955201,0.0178336537488619,0.1472006492030308,0.0339517741129433,0.066359565763618,0.1732633016288844,0.0238309622426315,-0.0007616146230007,0.2022441364669736,-0.00758921362829,-0.0042125729099157,0.0569857624102021,-0.0206772866336112,-0.0168396526159712,0.1022635658885992,-0.031740873144838,-0.0277384966822583,0.2008236728448685,-0.0057330057330057,0.0005494505494505,0.0305569433054517,0.0008054309055343,0.0077630699970168,0.0161380350211601,0.6666666666666666,0.0126270797060554,-0.0282879472317089,-0.0109103561398711,0.0010347206254308,-0.0119450767653019,0.0194099957750328,0.1209653553958352,-0.0014414593533315,0.000114968958381,-0.0426288343606783,Mixed,conformal,daily-2023-05-18,1,1.0031980043480622e-12,0.9999999999969905,1.0031980043480622e-12,1.0031980043480622e-12,0.0,0.08927988553939846,0.6326530612244898,27.62782821431722,0.48841439435214273,0.28571428571428575,0.0,0.4223057201084588,0.0816326530612245,0.22217080740156697,0.30997418175226943,False,1,0.0,0.0,0.0,
2023-05-19,2023-05-19,2023-05-22,2023-05-26,0.0170868772782502,0.0155957737222589,0.1474405808181484,0.0352955927528053,0.0628479485116653,0.1742218140513987,0.019607843137255,-0.0081909665340509,0.2033290044697942,-0.0030789175174201,-0.0062994669681795,0.0558566831608045,-0.0157112526539278,-0.0186282811176968,0.1021218512101723,-0.0303725554463017,-0.0292058630496608,0.2013118621078742,-0.0047859975386297,0.0002748763056623,0.030641226158103,0.0006902105142063,0.0077626958624101,0.0161381180389787,0.6666666666666666,0.0123288141495173,-0.0294807393553232,0.0033350755369723,0.0011495574203927,0.0021855181165795,0.0183853713148401,0.1624022163753153,0.0003982179745638,0.0001149557420392,-0.0178436929635808,Mixed,conformal,daily-2023-05-19,1,0.3775406687973903,0.6224593312006096,9.999487434499145e-13,9.999487434499145e-13,26.656944131746442,0.24054363425388173,0.5612244897959184,27.156944131746442,0.758749268939441,0.35714285714285715,0.0,0.0007070968066773638,0.0816326530612245,0.09191047092479943,0.30997418175226943,False,1,0.0,0.0,0.0,
2023-05-22,2023-05-22,2023-05-23,2023-05-30,0.0140010090817357,0.0149227350772651,0.147444662174756,0.0332044646754379,0.068655272492744,0.173134666143266,0.0196090082595521,0.0046252927400467,0.2081281941151203,0.0017831090938562,-0.0045103092783504,0.0575099621368818,-0.0108858057630736,-0.0232901254083675,0.1002498800741293,-0.0238436913566618,-0.0419284940411699,0.19713163990839,-0.0051955154498222,-0.00109829763866,0.0303836345444865,0.0009203865623557,0.0077623218140894,0.016138201035636,1.0,0.018779816130017,-0.0408301964025098,0.0033088692623459,0.0012643678160919,0.002044501446254,0.0183853713148401,0.1624054618773185,-0.0112203010324667,0.0002298850574711,-0.3374012260320353,Mixed,conformal,daily-2023-05-22,1,0.9999999999969573,1.0142570170573908e-12,1.0142570170573908e-12,1.0142570170573908e-12,27.616864774375813,0.6307233906135177,0.7346938775510204,0.0,0.3454285669500507,0.20408163265306123,0.0,0.023848042436431637,0.061224489795918366,0.3099543768309134,0.30997418175226943,False,0,0.0,0.0,0.0,
2023-06-30,2023-06-30,2023-07-03,2023-07-10,0.0232669590012701,0.0588662952263407,0.1029417035070521,0.0189717108217333,0.0508827785817656,0.1673070953962608,0.0371220379826726,0.0690797255736928,0.2146353404598771,0.0118103866688237,0.0116467162730506,0.0552972885125542,0.0040438437799297,0.0050063911376225,0.077034654032631,-0.0037383177570093,-0.00165271044513,0.1451406323308707,-0.0016560861164779,-0.0064551572586183,0.0220860145535277,0.000914913083257,0.0040151428243662,0.002493273828218,1.0,0.0066403251354281,0.0048024468134882,-0.0081725365305361,0.0059064271441344,-0.0140789636746706,0.0118120365822279,0.0636114547713269,0.0011474334956911,0.0052176074040219,-0.6746313072157588,Risk-on,conformal,daily-2023-06-30,0,0.9999999999969997,9.999999999969996e-13,9.999999999969996e-13,9.999999999969996e-13,27.63102111592555,0.6308428891864355,0.888888888888889,0.0,0.34539851079813355,0.10101010101010102,0.0,0.023758600015430953,0.010101010101010102,0.14901283978812405,0.30997418175226943,False,0,0.0,0.0,0.0,
2023-07-11,2023-07-11,2023-07-12,2023-07-18,-0.0029939419455945,0.037055696790883,0.0995478098215028,-0.0057427048414573,0.0399781571535322,0.1521177578144517,0.0114282559487659,0.0257558790593503,0.1599916438596818,0.0008006405124099,0.0040160642570281,0.0577871659789341,-0.0083962163885642,0.001610305958132,0.0825320583105376,-0.023088023088023,-0.0189499498383679,0.1383383053616072,0.0016608996539793,-0.0019307681699075,0.0194333816984435,0.0007994518044767,0.0089031521438873,0.0180213317865869,1.0,0.0024057582988961,-0.0170191816684603,0.0265102639296186,0.0010270455323522,0.0254832183972664,0.0006234270013163,0.0601881164065078,0.0080469208211144,0.0002282323405227,-0.4339232251877284,Risk-on,conformal,daily-2023-07-11,0,0.999999999997,1.0000228884425302e-12,1.0000228884425302e-12,1.0000228884425302e-12,27.630998227744954,0.6308426961449894,0.8163265306122449,0.0,0.3453985594919225,0.1530612244897959,0.0,0.02375874436308812,0.03061224489795918,0.1490129314630742,0.30997418175226943,False,0,0.0,0.0,0.0,
2023-07-20,2023-07-20,2023-07-21,2023-07-27,0.0058186520122833,0.039642004773269,0.0926938787870975,-0.0062795191069128,0.0410750934802777,0.1670904828775324,0.0085698982324586,0.0562037244783486,0.1641119657274037,-0.0063121350796906,0.0140096618357488,0.0708521575828909,-0.0047473362169005,0.0014861995753716,0.0932493762888665,-0.0017793594306049,-0.0152495885902358,0.1492226308819314,-0.0031597746943261,0.0011037527593817,0.0237866480128847,0.0010264598540146,0.0091274088887882,0.017926942448823,1.0,0.0125234622603771,-0.0163533413496176,0.0006886894240261,0.0010254073145723,-0.0003367178905462,0.006631420628048,0.0670364637239035,0.0,0.0001139341460638,-0.6634199454106368,Risk-on,conformal,daily-2023-07-20,0,0.9999999999969998,9.999809266925695e-13,9.999809266925695e-13,9.999809266925695e-13,27.63102111592555,0.6308428891864355,0.8163265306122449,0.0,0.34539851079813355,0.1530612244897959,0.0,0.023758600015430953,0.03061224489795918,0.14901283978812405,0.30997418175226943,False,0,0.0,0.0,0.0,
2023-08-23,2023-08-23,2023-08-24,2023-08-30,0.0077208226099687,-0.0273916412196346,0.1110148845062253,0.0181297709923664,-0.0222617507546357,0.1675796602269794,-0.0002787378749024,-0.0543163001634761,0.1301332280618166,0.0047938638542666,-0.0055353471453423,0.063412734913964,0.0121523976352091,-0.0236561410919843,0.1091725602604357,0.0180614087898856,-0.0540389348847616,0.1998663104222358,0.0016542597187756,0.0015161957270848,0.0156386275754068,0.0010215664018162,0.0092576150474823,0.0180073470736424,0.0,0.018120793946642,-0.0555551306118464,0.0179943767572632,0.0007937407869376,0.0172006359703256,0.0138706654170571,0.1670429334033594,-0.0138706654170571,0.0003401746229731,0.50212190762712,Risk-off,conformal,daily-2023-08-23,2,1.000534200248344e-12,0.9999999999969985,1.000534200248344e-12,1.000534200248344e-12,0.0,0.08928290577980762,0.2105263157894737,27.63048705831136,0.4885137542178939,0.5789473684210527,0.0,0.42220334000229837,0.2105263157894737,0.26066570536875416,0.30997418175226943,False,1,0.0,0.0,0.0,
2023-08-29,2023-08-29,2023-08-30,2023-09-06,0.02513681916179,-0.0160318362706085,0.1310160414314771,0.031360250882007,-0.0209451916431876,0.1937093143150492,0.0239517583408475,-0.048394699628136,0.1314850615942379,0.0169953503286837,0.0079453360877164,0.0608751334945592,0.0224854667105407,-0.0025679435052428,0.096993387208508,0.032965701127136,-0.0186528497409325,0.1864694583007262,0.0034468495794843,0.0040005518002483,0.0155828186339931,0.0011343012704174,0.0040955631399322,0.0017156694994791,0.0,0.0105132795929592,-0.0226534015411808,-0.0065403281719436,0.0060126045923656,-0.0125529327643092,0.0110201076703631,0.0700693488939944,0.0041137046452508,0.0,0.6278131190987039,Risk-off,conformal,daily-2023-08-29,2,1.00004959229111e-12,0.999999999997,1.00004959229111e-12,1.00004959229111e-12,0.0,0.08928345567317429,0.22448979591836735,27.630971524864094,0.48853185832828905,0.5918367346938775,0.0,0.4221846859985367,0.1836734693877551,0.26067703292936956,0.30997418175226943,False,1,0.0,0.0,0.0,
2023-09-27,2023-09-27,2023-09-28,2023-10-04,-0.0286987690421166,-0.0445774465704233,0.1041125780380741,-0.0260590858416945,-0.0512841396535809,0.1399636935207152,-0.0169345083808537,-0.0606527601959382,0.1437863794204684,-0.0123986647591797,-0.0204950338956328,0.0461897757692213,-0.0211099020674647,-0.0349710362583137,0.0688362116405679,-0.0502238896284641,-0.0791974656810982,0.1546526098763049,0.0005508124483613,-0.0016488046166529,0.0127586401856688,0.0009034443817053,0.0090866584995623,0.0179807413991424,0.0,0.0144760023626808,-0.0775486610644452,-0.0032775741095921,0.0056623021845374,-0.0089398762941296,0.0161730272527577,0.130351489623457,0.0057782417635776,0.000338485840009,0.6792874010389834,Risk-off,conformal,daily-2023-09-27,2,1.0000169824852192e-12,0.9046505350990812,0.0953494648989188,1.0000169824852192e-12,0.0,0.0002794491684249118,0.10526315789473685,27.53079757466878,0.0005149435599234287,0.5789473684210527,25.28079757466878,0.9992056072716516,0.3157894736842105,0.000275394433716948,0.30997418175226943,False,1,0.0,0.0,0.0,
2023-10-17,2023-10-17,2023-10-18,2023-10-24,0.003404032469233,-0.0151171756349445,0.1290627873072258,-0.0010474379117395,-0.0045048757038868,0.1682873958583945,-0.00580134778787,-0.0325597308547642,0.1786486230885056,-0.0112485939257591,-0.022712833545108,0.0683602957170262,-0.0136145519473273,-0.0378796124959182,0.1116821946148968,-0.0163275884411041,-0.078426611630448,0.2474618481035025,-0.0036981235447199,0.0009632585661207,0.02011221788361,0.0010135135135134,0.008841380533753,0.0163592420855832,0.0,0.0151667789508102,-0.0793898701965688,-0.0283972290757258,0.0011249859376758,-0.0295222150134016,0.0356803947618143,0.1379369316153497,-0.0133089770354906,0.0002249971875352,0.5296221846732017,Risk-off,conformal,daily-2023-10-17,2,1.0001144474635797e-12,0.9999999999969997,1.0001144474635797e-12,1.0001144474635797e-12,0.0,0.08928338207296038,0.2105263157894737,27.63090667501058,0.48852943494697737,0.5789473684210527,0.0,0.4221871829800623,0.2105263157894737,0.2606755166316733,0.30997418175226943,False,1,0.0,0.0,0.0,
2023-10-26,2023-10-26,2023-10-27,2023-11-02,-0.0325530624620982,-0.0372703792212804,0.1354134930142204,-0.0453005927180355,-0.0400987570236676,0.1906519494334592,-0.0265410958904109,-0.0756634341791998,0.1903768888768703,0.0093427306998852,-0.0136152490789684,0.0721347417176691,0.0156375761756928,-0.0198624056813139,0.1209039517264495,0.0237449118046133,-0.0415396341463414,0.2585489255928709,0.0028830313014827,0.0035719192196728,0.0215038092879529,0.0010118043844855,0.008948063664161,0.0164067327280205,0.0,0.0062471566023454,-0.0451115533660142,0.0441541508913574,0.0058085884825576,0.0383455624087998,0.0045132011132563,0.1384268192314002,-0.0045132011132563,0.0,0.8974389449834136,Risk-off,conformal,daily-2023-10-26,2,9.999831524270276e-13,0.8807970779761208,0.11920292202187915,9.999831524270276e-13,0.0,0.0002628661768173508,0.07216494845360825,27.504093104883577,0.00047896242987562716,0.3402061855670103,25.504093104883577,0.999258171393307,0.5876288659793814,0.00025716699783552804,0.30997418175226943,False,1,0.0,0.0,0.0,
2023-11-02,2023-11-02,2023-11-03,2023-11-09,0.0441541508913574,0.014742074611955,0.158107125279701,0.0575609756097561,0.0132275881603172,0.2007557741361453,0.0349290111823092,-0.0086056448215681,0.2148760672659948,0.0225722637219876,0.0205834683954617,0.0759416760962898,0.0196988565606248,0.0149876042370971,0.1246351347501355,0.0307488402915836,0.0175323825722881,0.2621988882990397,0.0021902806297056,0.0042524005486965,0.0207583052038901,0.0058085884825576,0.0087541869620064,0.0169345554048434,0.6666666666666666,0.0055958641583646,0.0132799820235915,0.0071558928056865,0.0010097610232244,0.006146131782462,0.007783113718625,0.0963392257635531,0.0091249639804054,0.0001121956692473,0.1536383123436835,Risk-off,conformal,daily-2023-11-02,2,0.9999999999969904,1.0032362740448345e-12,1.0032362740448345e-12,1.0032362740448345e-12,27.627790067344563,0.6308156328634799,0.5612244897959184,0.0,0.34540538158375644,0.35714285714285715,0.0,0.023778985552763657,0.0816326530612245,0.6366631797895439,0.30997418175226943,False,0,0.0,0.0,0.0,
2023-11-10,2023-11-10,2023-11-13,2023-11-17,0.0136112697506187,0.021119501378402,0.1623068675065924,0.0290671971706453,0.0359079909882347,0.2070339041994625,-0.0308474175629358,-0.0067829457364341,0.2312211136463608,-0.0047177229124076,0.0234476067270374,0.0830657756541759,0.0025408749447637,0.0114801604993313,0.1213503156444053,0.004086845466156,0.0078195103191898,0.2364037820667806,-0.0025882032420651,0.0037011651816312,0.0214049608447163,0.0008974646623289,0.0088636966585926,0.0169108632514364,0.6666666666666666,0.0119674462277061,0.0041183451375585,0.023100760634801,0.0011208249271466,0.0219799357076544,0.0009390553103577,0.132382232805926,-0.0009390553103577,0.0001120824927147,0.0060438856392764,Mixed,conformal,daily-2023-11-10,1,0.9999999999969943,1.001912990763695e-12,1.001912990763695e-12,1.001912990763695e-12,27.62910995259847,0.6308267683779245,0.7346938775510204,0.0,0.34540257563171606,0.22448979591836735,0.0,0.02377065599035941,0.04081632653061225,0.3099720471582887,0.30997418175226943,False,0,0.0,0.0,0.0,
2023-12-04,2023-12-04,2023-12-05,2023-12-11,0.0048706101918656,0.0506139348943459,0.0990721739675182,-0.0073358569377366,0.0506189213085763,0.1328449193159331,0.0456354929902498,0.0710317929322774,0.2622078904031279,0.0137093005140986,0.0232740997012106,0.0643718621167391,0.0142902847392556,0.0507070260715865,0.1071761674324712,0.0176513851434174,0.0602809706257982,0.1997692717801092,0.0046214489601741,0.0068110611633291,0.0252701996644308,0.0060757047471431,0.009235915621377,0.0182544742051686,1.0,-0.0274329263703758,0.0534699094624691,0.0115965663291885,0.0010053619302952,0.0105912043988933,0.0042354646553873,0.0716072530993699,-0.0002038458925053,0.000223413762288,-0.019986012071304,Mixed,conformal,daily-2023-12-04,1,1.0008815834317955e-12,0.9999999999969974,1.0008815834317955e-12,1.0008815834317955e-12,0.0,0.08928251168153035,0.7346938775510204,27.630139920860188,0.48850078194372765,0.23469387755102042,0.0,0.42221670637474207,0.030612244897959183,0.22212267901518828,0.30997418175226943,False,1,0.0,0.0,0.0,
2024-01-05,2024-01-05,2024-01-08,2024-01-12,-0.0183916491971214,0.0374404990807708,0.099377628815218,-0.0353825304915609,0.0329824005910446,0.135959805551933,-0.052870090634441,0.053781512605042,0.2391312527920236,-0.0129811996418978,0.0155050660116673,0.0696488040663519,-0.0217347554840007,0.010392849719393,0.0954593372808443,-0.03499387050039,0.0076806703130454,0.1771604950452349,-0.0013408420488065,0.0066225165562914,0.0231240650263329,0.0010014465338819,0.0097827914385284,0.0195041646888795,1.0,0.0051122162922743,0.0010581537567539,0.0187142228093353,0.0012227656736327,0.0174914571357025,0.0015194929235043,0.1031330450532671,0.0142668428005283,0.0002223210315697,-0.4857135851084309,Risk-on,conformal,daily-2024-01-05,0,0.9999999999969998,9.999504101621633e-13,9.999504101621633e-13,9.999504101621633e-13,27.63102111592555,0.6308428891864355,0.7346938775510204,0.0,0.34539851079813355,0.20408163265306123,0.0,0.023758600015430953,0.061224489795918366,0.14901283978812405,0.30997418175226943,False,0,0.0,0.0,0.0,
2024-01-22,2024-01-22,2024-01-23,2024-01-29,0.0141992651826234,0.0324291025894878,0.0965780501503584,0.0297181599980205,0.046814076925012,0.1468339826281807,0.0171203743088048,0.0013085579691181,0.1944677611699601,-0.005967477248993,0.0003002552169344,0.0536861355193367,-0.0104240461491752,-0.0094215378381116,0.0753942702284673,-0.0193570687867266,-0.0493689266167765,0.1362956094140739,-0.0032047002269994,0.0028210639441161,0.0172093725013941,0.0009992228266904,0.0047921542404987,0.0033561485344115,1.0,0.009721793055046,-0.0521899905608926,0.0161740575787925,0.0008873114463174,0.015286746132475,0.0012665709701935,0.0570857679226605,0.0029194280478186,0.0002218278615795,-0.5377618460228769,Risk-on,conformal,daily-2024-01-22,0,0.999999999997,1.000045777411941e-12,1.000045777411941e-12,1.000045777411941e-12,27.63097533956136,0.630842503102982,0.787878787878788,0.0,0.3453986081853992,0.18181818181818182,0.0,0.0237588887116188,0.030303030303030304,0.14901302313830922,0.30997418175226943,False,0,0.0,0.0,0.0,
2024-02-06,2024-02-06,2024-02-07,2024-02-13,0.0062960397909712,0.0408309455587387,0.1098415834574578,0.0053853119191726,0.0559087041393464,0.1447133679808038,-0.0204739139472043,-0.0155629830791726,0.1815979359713042,-0.0026853647620469,0.0049609140108237,0.0573128792397071,-0.0029495524816923,0.0007145773785219,0.0840468149118382,-0.0037179040316021,-0.019327538883806,0.1767973867271748,-0.0002676659528907,0.0020120724346077,0.0241473362719314,0.0060739323658782,0.0093164467066886,0.0194375926135518,0.6666666666666666,0.0042463366323017,-0.0213396113184137,0.0002085549229389,0.0009960159362554,-0.0007874610133165,0.0142034943473793,0.1358770287313437,0.0083421969175583,0.000221336874723,-0.2429787130631608,Mixed,conformal,daily-2024-02-06,1,0.9999999999969453,1.0182577810700103e-12,1.0182577810700103e-12,1.0182577810700103e-12,27.612928006797688,0.6306901224840342,0.787878787878788,0.0,0.3454369035927344,0.18181818181818182,0.0,0.023872973923231424,0.030303030303030304,0.30994870927676077,0.30997418175226943,False,0,0.0,0.0,0.0,
2024-02-09,2024-02-09,2024-02-12,2024-02-16,0.0138584974471189,0.0521648860244816,0.1109650325572537,0.018756496267599,0.0676866706278469,0.1485204609049601,0.0253131110289066,0.0298848134189713,0.1929161170769789,0.0022414823670051,0.0016427718040621,0.0565217738884887,-0.0134105455653764,-0.0151115618661257,0.0828402712558936,-0.0231914157147802,-0.0265608830631252,0.1749421810278922,-0.0013381506757662,-0.0014717687985014,0.0227725599997163,0.0011070519207352,0.0092010760086231,0.0194182669354137,1.0,0.0167543336701878,-0.0250891142646237,-0.0033710174717369,0.0009952449408379,-0.0043662624125748,0.0142034943473793,0.1470232055498258,-0.000431654676259,0.0,-0.7641546962222792,Risk-on,conformal,daily-2024-02-09,0,0.999999999997,1.0000228884425302e-12,1.0000228884425302e-12,1.0000228884425302e-12,27.630998227744954,0.6308426961449894,0.7272727272727273,0.0,0.3453985594919225,0.23232323232323235,0.0,0.02375874436308812,0.04040404040404041,0.1490129314630742,0.30997418175226943,False,0,0.0,0.0,0.0,
2024-02-13,2024-02-13,2024-02-14,2024-02-21,0.0002085549229389,0.0403253796095439,0.1238124679049426,0.0022516116799393,0.0464747952188868,0.1642492115466488,0.0048806366047744,0.0197577388963661,0.2496228514561864,-0.006881077038145,-0.0033028073862783,0.059608220512559,-0.0200958890135672,-0.0178918311011143,0.083442937269104,-0.0284548104956268,-0.0229858097806965,0.1746306176101308,-0.004016064257028,-0.005081572612998,0.0236273995372102,0.0009960159362554,0.0092001592214756,0.0194268304536202,1.0,0.014589023714836,-0.0179042371676985,0.0063387476803102,0.0011055831951349,0.0052331644851753,0.0104660469125162,0.1059206289121263,0.0090910986467607,0.0002211166390269,-0.5734707558101845,Risk-on,conformal,daily-2024-02-13,0,0.999999999997,1.000030518040791e-12,1.000030518040791e-12,1.000030518040791e-12,27.630990598350422,0.6308426317977132,0.7346938775510204,0.0,0.3453985757231169,0.20408163265306123,0.0,0.023758792479170066,0.061224489795918366,0.1490129620214557,0.30997418175226943,False,0,0.0,0.0,0.0,
2024-02-15,2024-02-15,2024-02-16,2024-02-23,0.0074011287755058,0.0535544408890422,0.1217309444447599,0.0039807985013464,0.0520956026698076,0.1588229900716225,0.0422690131992458,0.0726067270375161,0.2730440051793609,-0.0007470491558346,0.0063195907312669,0.059859933489324,-0.0040106951871657,-0.0058509546294396,0.0865924083148506,-0.0078972182932579,-0.0020156509366848,0.17419528904327,-0.0009375837128313,-0.0010713807419311,0.0237000853971457,0.0012168141592923,0.0093093826103662,0.0194046387289003,1.0,0.0121705453607066,-0.0009442701947537,0.0116357815674441,0.0011048502927848,0.0105309312746593,0.0104660469125162,0.169691396525744,-0.0049867635289048,0.0001104850292781,-0.6488115140786218,Risk-on,conformal,daily-2024-02-15,0,0.9999999999970001,1.0000038147015416e-12,1.0000038147015416e-12,1.0000038147015416e-12,27.63101730123128,0.6308428570129196,0.787878787878788,0.0,0.3453985189137818,0.18181818181818182,0.0,0.023758624073298724,0.030303030303030304,0.1490128550672533,0.30997418175226943,False,0,0.0,0.0,0.0,
2024-02-16,2024-02-16,2024-02-20,2024-02-26,-0.0033710174717369,0.0354061672503627,0.1187890429121243,-0.0148402355887399,0.0222810394610202,0.1501138245148061,0.0116482836820945,0.0479444741057126,0.2787177034851673,-0.0058148203369612,0.0016523959741627,0.0607521862586248,-0.0062815364020183,-0.0104593929450368,0.087228653725153,-0.0115757146231985,-0.010991608556908,0.1749090400084264,-0.001875921211309,-0.0016083634901488,0.0240006132726773,0.0009952449408379,0.0091969536698748,0.0194271026388359,1.0,0.0121117889191996,-0.0093832450667592,0.0129728168955984,0.0011047282368537,0.0118680886587447,0.0055067442148248,0.1663271214897091,-0.0055067442148248,0.0002209456473711,-0.5103287041958349,Risk-on,conformal,daily-2024-02-16,0,0.9999999999969997,9.999885559706862e-13,9.999885559706862e-13,9.999885559706862e-13,27.63102111592555,0.6308428891864355,0.7070707070707071,0.0,0.34539851079813355,0.25252525252525254,0.0,0.023758600015430953,0.04040404040404041,0.14901283978812405,0.30997418175226943,False,0,0.0,0.0,0.0,
2024-03-05,2024-03-05,2024-03-06,2024-03-12,0.0005080681217739,0.0297218155197653,0.1204014271605138,-0.0035433070866142,0.0177401423942096,0.1734782411643296,-0.0013094278807412,0.0614495236056098,0.2492423332700573,0.0044822949350067,0.0093079117249663,0.0490039509318261,0.0105600993891705,0.0013336068937217,0.0678654186025153,0.0301801264463796,0.0169571361281206,0.1252175413262734,0.0033579583613163,0.0014747285158869,0.0185608224689682,0.0054042183624281,0.0086313043981238,0.0165979161280165,1.0,0.0079743048312446,0.0154824076122337,0.0189108488553961,0.0011022927689599,0.0178085560864362,0.0068439695023112,0.113622318250546,0.005057788791615,0.0002204585537921,-0.3833099159711922,Mixed,conformal,daily-2024-03-05,1,0.999999999997,1.000030518040791e-12,1.000030518040791e-12,1.000030518040791e-12,27.630990598350422,0.6308426317977132,0.7959183673469388,0.0,0.3453985757231169,0.17346938775510204,0.0,0.023758792479170066,0.03061224489795918,0.3099747665806304,0.30997418175226943,False,0,0.0,0.0,0.0,
2024-03-25,2024-03-25,2024-03-26,2024-04-02,0.0134569557642627,0.0337290146233759,0.090761506746419,0.016657027183343,0.020173646578141,0.1556747730925557,0.0239432305493159,0.0244139128658256,0.153994071916508,0.0043052256532067,0.0119670905011219,0.0327314458210501,0.0062893081761006,0.0090984284532671,0.0500980664700792,0.0091830649970185,0.0022503849342649,0.1098352705887169,0.0026820437173127,0.0042981867024847,0.013975505911287,0.0011002310485204,0.0086190477750125,0.0165801492593231,1.0,0.0028686620478548,-0.0020478017682197,-0.0017783398209801,0.0061546301207386,-0.0079329699417188,0.0082646250490773,0.0857365531434819,-0.001837617815013,0.0001099021870536,-0.4519404199242392,Risk-on,conformal,daily-2024-03-25,0,0.9999999999969998,9.999809266925695e-13,9.999809266925695e-13,9.999809266925695e-13,27.63102111592555,0.6308428891864355,0.836734693877551,0.0,0.34539851079813355,0.1326530612244898,0.0,0.023758600015430953,0.030612244897959183,0.14901283978812405,0.30997418175226943,False,0,0.0,0.0,0.0,
2024-03-26,2024-03-26,2024-03-27,2024-04-03,0.0060142589716016,0.0299211835051371,0.0916073014022099,0.0108231601781552,0.0144048170449282,0.1563123878885964,0.0177926897463269,0.0083098307816278,0.1465019654854943,-0.0008871802454532,0.0095622291946808,0.0332389137996375,0.0030841986223912,0.0101459778444972,0.0497374011765795,0.0091568557497918,0.0122867708457592,0.1067682476242321,0.002143909955782,0.0045668233713902,0.0139532040223446,0.0009899901000991,0.0085073178018189,0.0166033232898655,1.0,-0.0005837486498163,0.0077199474743689,0.0011481510808459,0.0061544966157032,-0.0050063455348572,0.0082646250490773,0.0850395819882812,0.0083933803151479,0.0004395604395606,-0.3558020011660103,Mixed,conformal,daily-2024-03-26,1,0.999999999997,1.0000228884425302e-12,1.0000228884425302e-12,1.0000228884425302e-12,27.630998227744954,0.6308426961449894,0.8080808080808081,0.0,0.3453985594919225,0.1717171717171717,0.0,0.02375874436308812,0.0202020202020202,0.3099747776157857,0.30997418175226943,False,0,0.0,0.0,0.0,
2024-03-27,2024-03-27,2024-03-28,2024-04-04,0.0051500621559228,0.0399394398956869,0.0941081205024005,0.0023946906287772,0.0233294528521537,0.1548717684879533,0.019790628115653,0.0388482632541133,0.1608966061127576,0.0010316875460576,0.0149432157800357,0.0370671632667009,0.0082093381221137,0.0172913646717747,0.0546727643605956,0.0195098738995955,0.0157638971198292,0.1099216771999515,0.0016053511705687,0.0046967257112184,0.0140480465933999,0.0013198416190058,0.008839315943715,0.0165618590097698,1.0,-0.0023481488917389,0.0110671714086107,-0.0192972124067528,0.0061539628888509,-0.0254511752956038,0.0192972124067528,0.0863256324006272,-0.0001766784452297,0.0001098418277678,-0.3967307182852724,Mixed,conformal,daily-2024-03-27,1,0.9999999999969987,1.0004349700573324e-12,1.0004349700573324e-12,1.0004349700573324e-12,27.630586240440266,0.6308392213068819,0.787878787878788,0.0,0.3453994359257202,0.18181818181818182,0.0,0.023761342767397917,0.030303030303030304,0.30997418175226943,0.30997418175226943,False,0,0.0,0.0,0.0,
2024-03-28,2024-03-28,2024-04-01,2024-04-05,0.0016717145891516,0.0360240703193575,0.0941984187512732,-0.0041539928269851,0.012766055681241,0.1526953383460736,0.011335074663644,0.0348461926374179,0.1598670856338929,-0.0005897965202004,0.0108873974645786,0.038061984784387,0.0057377049180327,0.0154132616116684,0.0550342599582058,0.0165004748338082,0.0078860640301319,0.1075610264136532,0.0009364548494983,0.0033525546466406,0.0142981717929512,0.0010995052226498,0.008727574351858,0.0165860294827349,1.0,-0.0045258641470897,0.0045335093834912,-0.0088747521156071,0.0061538295304117,-0.0150285816460189,0.0191239127446936,0.1345270982566216,-0.0017474622528517,0.0052708511806702,-0.3254667215009449,Mixed,conformal,daily-2024-03-28,1,0.9999999999969573,1.0142454098733989e-12,1.0142454098733989e-12,1.0142454098733989e-12,27.61687621846761,0.6307234873000089,0.7070707070707071,0.0,0.34542854270181755,0.25252525252525254,0.0,0.023847969998173443,0.04040404040404041,0.30995439331585695,0.30997418175226943,False,0,0.0,0.0,0.0,
2024-04-02,2024-04-02,2024-04-03,2024-04-09,-0.0017783398209801,0.0191705154880228,0.0941549579611754,-0.0082148139720105,-0.0052494636417583,0.1459353640305727,-0.0051353642119957,-0.003346486189501,0.1747607643874984,-0.0038433111603843,0.0016349583828774,0.0400175499024844,-0.0054303278688524,0.0,0.0625405906748039,-0.0124084140865045,-0.0185554903112156,0.1252963248748501,-0.0009362043600373,0.0008038585209002,0.014440277442584,0.0061546301207386,0.0092603879912476,0.0180489275167841,0.3333333333333333,0.0016349583828774,-0.0193593488321158,0.0009303430392526,0.0009879253567508,-5.758231749819487e-05,0.0121999446355833,0.1281448746478509,0.0010886993012531,0.0001097694840834,0.1265573674137418,Risk-off,conformal,daily-2024-04-02,2,0.9399133498241125,0.06008665017388745,9.999602071967123e-13,9.999602071967123e-13,27.569053526923348,0.27231044959310485,0.7142857142857143,24.819053526923348,0.7268981245902328,0.20408163265306126,0.0,0.000791425816662247,0.0816326530612245,0.6899252583260234,0.30997418175226943,False,0,0.0,0.0,0.0,
2024-05-31,2024-05-31,2024-06-03,2024-06-07,0.0026751542607199,0.0442306910155767,0.0943499983541907,-0.0064920578261645,0.0557847321005215,0.1165516771915728,0.0127099409895596,0.0292700430592576,0.1452769665566637,0.0039893617021276,0.0047316279757505,0.0448094963993851,0.0018577768603569,0.0115673197165484,0.0651017736420253,-0.0072280448138779,0.0169052319842051,0.1199341379363663,0.0016019223067682,0.0037458193979933,0.0136032789490434,0.0007623611413636,0.0040428321678323,0.0031900016347252,1.0,-0.0068356917407979,0.0131594125862117,0.0126000506338976,0.0057684067932146,0.006831643840683,0.0012293507491356,0.0842719729783678,0.0008179321895263,0.0050029818260965,-0.3517532579295945,Mixed,conformal,daily-2024-05-31,1,0.9999999999969797,1.0067710198611725e-12,1.0067710198611725e-12,1.0067710198611725e-12,27.624272916465657,0.6307859509065503,0.7142857142857143,0.0,0.3454128535336784,0.25510204081632654,0.0,0.02380119555977116,0.030612244897959183,0.3099650595885093,0.30997418175226943,False,0,0.0,0.0,0.0,
2024-06-07,2024-06-07,2024-06-10,2024-06-14,0.0126000506338976,0.0266150687095245,0.0877666781367905,0.0271708620573507,0.0497532989099254,0.1133393592871366,-0.0222122615668109,-0.0226503385105534,0.1556052330920214,0.0016188373804266,0.0029472443265547,0.0456863214860073,0.0045328113732359,0.0067107164980384,0.074023583650446,0.0150467176313555,0.0129571324775976,0.1488591360637298,0.0006664001066238,0.0021356113187398,0.0164460382443914,0.0057684067932146,0.0088424724400011,0.0173509237900017,0.6666666666666666,-0.0037634721714836,0.0108215211588578,0.0164243403338717,0.0011959121548161,0.0152284281790555,0.0,0.0462981980313035,0.0030963920301561,0.0002174385736031,-0.0775441346408148,Mixed,conformal,daily-2024-06-07,1,1.000038147697261e-12,0.999999999997,1.000038147697261e-12,1.000038147697261e-12,0.0,0.0892834686612048,0.6326530612244898,27.63098296895589,0.48853228598370085,0.28571428571428575,0.0,0.42218424535509436,0.0816326530612245,0.2221051287135521,0.30997418175226943,False,1,0.0,0.0,0.0,
2024-07-05,2024-07-05,2024-07-08,2024-07-12,0.0151393078638211,0.0441447646695016,0.0544781707784299,0.0302133820104486,0.0720976440533636,0.1082669392046595,-0.0058668824600445,-0.0176911544227885,0.122004806243684,0.0065741417092768,0.0080468178493051,0.0354531842722433,0.0066137566137567,0.0047735120861265,0.0774092838847176,-0.0071345029239765,-0.0053895723491504,0.1727488918135143,0.0034469044146889,0.0057135264416687,0.0171888076967728,0.0062799047978447,0.0093444944578775,0.0177853473979062,0.6666666666666666,0.0032733057631786,-0.0111030987908192,0.0096531866590376,0.0011909917713295,0.0084621948877081,0.0086082690448832,0.1108758382181515,0.0011443548238248,0.0002165439584234,-0.4882373794700818,Risk-on,conformal,daily-2024-07-05,0,0.9999999999969992,1.000297590655034e-12,1.000297590655034e-12,1.000297590655034e-12,27.63072356954183,0.6308403796055397,0.7959183673469388,0.0,0.34539914379259934,0.17346938775510204,0.0,0.023760476601860828,0.03061224489795918,0.14901403158388182,0.30997418175226943,False,0,0.0,0.0,0.0,
2024-07-09,2024-07-09,2024-07-10,2024-07-16,0.0192228271071897,0.0476489877583272,0.0527099582973777,0.0328776314685901,0.0768860809304157,0.1066147212544881,0.0010666937573018,0.0038200988132226,0.1160326926513299,0.0079109288016405,0.0108727593300028,0.033431091665213,0.0172040795302359,0.0126140908624754,0.069840632891883,0.0271646859083192,0.0125523012552299,0.1597909091632212,0.0038476847552075,0.0077250932338839,0.013932784700709,0.0009751869108243,0.0091240260058322,0.0178072502785562,1.0,-0.0017413315324725,0.004827208021346,0.0162633071794302,0.0010824853864472,0.0151808217929829,0.0086082690448832,0.1126678543608407,0.0098905956459274,0.0002164970772895,-0.6469570469174803,Risk-on,conformal,daily-2024-07-09,0,0.999999999997,1.0000267032343845e-12,1.0000267032343845e-12,1.0000267032343845e-12,27.630994413047688,0.6308426639713587,0.8163265306122449,0.0,0.3453985676075241,0.1530612244897959,0.0,0.02375876842111722,0.03061224489795918,0.14901294674226115,0.30997418175226943,False,0,0.0,0.0,0.0,
2024-07-12,2024-07-12,2024-07-15,2024-07-19,0.0096531866590376,0.0411842857868873,0.0695755031042893,-0.0027087024704181,0.0452304211402592,0.1374239114797809,0.061050061050061,0.0462001504890896,0.1698086252509768,0.0071117561683597,0.013288551401869,0.0342622492409667,0.0095016678459516,0.0156615478490798,0.0681952513112768,0.0149605371657437,0.0185601134885919,0.1558254907456772,0.0038314176245211,0.0094327089145742,0.0154372661099966,0.0011909917713295,0.009558359491828,0.0177622179789149,1.0,-0.0023729964472107,0.0091274045740177,-0.0196519322876677,0.0008651454525792,-0.0205170777402469,0.0280914149011362,0.1291500332417904,0.0027421300866512,0.0,-0.5107520960034718,Risk-on,conformal,daily-2024-07-12,0,0.9999999999969995,1.0001754914680447e-12,1.0001754914680447e-12,1.0001754914680447e-12,27.63084563985433,0.6308414091881537,0.8484848484848485,0.0,0.3453988841090778,0.12121212121212122,0.0,0.02375970670276852,0.030303030303030304,0.14901354263645517,0.30997418175226943,False,0,0.0,0.0,0.0,
2024-07-16,2024-07-16,2024-07-17,2024-07-23,0.0162633071794302,0.0474830076508547,0.0706941286053982,-0.0028623629719853,0.0374258136735168,0.1365626322013665,0.1151816521209661,0.1302067263190374,0.189499996706815,0.0124999999999999,0.0212578800762353,0.0316986255900591,0.0117480251164676,0.0104177202386972,0.0727740623662633,0.0197166469893743,-0.0020797227036394,0.1585206833513951,0.0044937879989426,0.0079575596816976,0.0149033938611316,0.0010824853864472,0.0090097010512819,0.0178397198211909,1.0,0.010840159837538,-0.010037282385337,-0.0196096199503414,0.0010813148788926,-0.0206909348292341,0.0280914149011362,0.1445205865049997,-0.0140094604635988,0.000108131487889,-0.7918361701001382,Risk-on,conformal,daily-2024-07-16,0,0.9999999999970001,1.0000076294206353e-12,1.0000076294206353e-12,1.0000076294206353e-12,27.631013486534016,0.6308428248393633,0.8282828282828283,0.0,0.3453985270294275,0.15151515151515152,0.0,0.02375864813120911,0.020202020202020204,0.14901287034640237,0.30997418175226943,False,0,0.0,0.0,0.0,
2024-07-29,2024-07-29,2024-07-30,2024-08-05,-0.0178294573643412,0.0009969714640427,0.1379162343579268,-0.0381722570237372,-0.0317416796726705,0.219409895984584,0.0065411022453145,0.0928826877549993,0.2496607553799181,-0.0005743825387709,0.0193321616871704,0.0350430038514833,0.0048440811383589,0.0196620583717357,0.0706140492056757,0.0090609555189455,0.0219282564652605,0.1378256661452284,0.002501645819618,0.0092788971367974,0.0133988678305863,0.0009722372258824,0.0092201538628227,0.017819943810454,0.6666666666666666,-0.0003298966845652,0.0126493593284631,-0.0502687262750403,0.0058654702289355,-0.0561341965039758,0.0607006783756155,0.2716477272670975,-0.0050738527455179,0.0,0.2863083319129247,Risk-off,conformal,daily-2024-07-29,2,9.999732974726594e-13,0.9999999999969998,9.999732974726594e-13,9.999732974726594e-13,0.0,0.08928351195411083,0.3092783505154639,27.63102111592555,0.4885337115013817,0.5670103092783505,0.0,0.4221827765445076,0.12371134020618556,0.26067819245316404,0.30997418175226943,False,1,0.0,0.0,0.0,
2024-08-02,2024-08-02,2024-08-05,2024-08-09,-0.0212097850816991,-0.0392033813839313,0.1666327156492007,-0.0307309513935876,-0.095558135272194,0.2598632918926635,-0.0682740075657444,0.040038665038665,0.3106626753584726,-0.0022968705139246,0.0087082728592162,0.0373962148447261,0.0219404186795491,0.0263822905084403,0.0674162075273477,0.0603822253488097,0.0653787254093531,0.1550132927574152,0.0099829239458821,0.0158541418945699,0.0222158675855882,0.0060827548000697,0.0090238802201216,0.0179706043897722,0.3333333333333333,-0.017674017649224,0.0495245835147832,0.0001728940543654,0.0009704550355837,-0.0007975609812183,0.0291230429353568,0.3106116154942167,-0.0291230429353568,0.0001078283372872,1.258255253564678,Risk-off,conformal,daily-2024-08-02,2,9.99941114475542e-13,0.3775406687973904,0.6224593312006097,9.99941114475542e-13,0.0,0.0001562216722414819,0.05263157894736842,26.656944131746442,0.0002512585348835737,0.5789473684210527,27.156944131746442,0.999592519792875,0.36842105263157887,0.0001412426181845007,0.30997418175226943,False,2,0.0,0.0,0.0,
2024-08-07,2024-08-07,2024-08-08,2024-08-14,-0.0583774742124337,-0.0759971548941295,0.1908635294569418,-0.0770517825732549,-0.1355727890063085,0.2709882272669862,-0.0977402419538918,-0.0068341708542714,0.3356992443244215,-0.006010303377218,0.0072505800464037,0.0454436567669677,-0.0005986231667165,0.0120226308345119,0.0755062814255653,0.0149494020239191,0.0387195480757915,0.1816076872468794,0.0052404035110704,0.0137402563086272,0.0235719971420862,0.0059738023090363,0.008913336146952,0.0179936007673079,0.0,-0.0047720507881081,0.0249792917671642,0.0483775461866413,0.0011857281448746,0.0471918180417667,0.0,0.1548081049969315,0.0231130585820307,0.0003233804031477,1.6478299592465024,Risk-off,conformal,daily-2024-08-07,2,1.0001373385286345e-12,1.0001373385286345e-12,0.9999999999969996,1.0001373385286345e-12,0.0,8.65034318984886e-06,0.030927835051546393,0.0,2.4900615993545784e-06,0.2268041237113402,27.630883786826985,0.9999888595952109,0.7422680412371134,3.860969941363422e-06,0.30997418175226943,False,2,0.0,0.0,0.0,
2024-08-14,2024-08-14,2024-08-15,2024-08-21,0.0483775461866413,-0.0236931108006767,0.2155817597637046,0.0643099521219727,-0.0395159091385782,0.2976503954753604,0.0232746407609796,-0.0700754092330327,0.2862220739508975,0.0110855168442269,0.009341764874964,0.0461641187361257,0.0192672456823399,0.0215107553776887,0.073581239194236,0.020620892816678,0.0427132769996527,0.1732615080448689,0.0018245796950344,0.0113143007499012,0.0231700125085894,0.0011857281448746,0.0091267174514795,0.0179050733620303,0.0,-0.0121689905027246,0.0313989762497515,0.0310270168502306,0.001076658053402,0.0299503587968286,0.0016281282013757,0.1165688585730585,0.0171514638049514,0.0001076658053402,1.451556554885016,Risk-off,conformal,daily-2024-08-14,2,1.0066788514406147e-12,1.0066788514406147e-12,0.9999999999969801,1.0066788514406147e-12,0.0,8.66511820219553e-06,0.052631578947368425,0.0,2.4950107315300164e-06,0.2631578947368421,27.62436446920003,0.9999888398710662,0.6842105263157895,3.867805861971373e-06,0.30997418175226943,False,2,0.0,0.0,0.0,
2024-08-15,2024-08-15,2024-08-16,2024-08-22,0.0422687373396351,0.0007594702232096,0.2234117460396067,0.0588155698885932,-0.0105582600998924,0.3124694990673155,0.0248950358113115,-0.0271017958456416,0.2978264368031406,0.007741935483871,0.0122407834101383,0.0452327171332672,0.015667099091907,0.0227090032154342,0.0725589131537611,0.0185818513451891,0.0422255919748044,0.17361679764284,-0.0001303950971441,0.0092129507765201,0.0253773381724315,0.0009698275862068,0.0090171764281696,0.0179284061475815,0.3333333333333333,-0.0104682198052958,0.0330126411982842,0.0056824491911304,0.0009688879319622,0.0047135612591682,0.0078520168727059,0.1021828766313945,0.0022396623847777,0.00043061685865,1.0417021809487077,Risk-off,conformal,daily-2024-08-15,2,1.0041092193413879e-12,0.9999999999969877,1.0041092193413879e-12,1.0041092193413879e-12,0.0,0.08927885333825482,0.15789473684210525,27.626920316368,0.48838046617304764,0.5789473684210527,0.0,0.4223406804886976,0.2631578947368421,0.2605823148896292,0.30997418175226943,False,1,0.0,0.0,0.0,
2024-08-27,2024-08-27,2024-08-28,2024-09-04,0.0051305542830968,0.0360947416137809,0.204172679055636,-0.0073009594344385,0.0420292415742744,0.2802095496509423,0.0284451278108783,-0.0172184214151246,0.3026813268547778,0.0049596145670967,0.0183802412406663,0.0466594725281794,0.0017545569743639,0.0313095835423982,0.068121471966858,-0.0071585903083699,0.0472815985130112,0.1694408177979547,0.0022118136872235,0.0112905343311013,0.0273143777460496,0.0009682625067239,0.0090104943407027,0.0179205524666264,0.6666666666666666,-0.0129293423017318,0.0359910641819098,-0.0189043842858446,0.0059495593293203,-0.024853943615165,0.0225927136682285,0.1742551564657233,-0.0058153313280467,0.0001074806534824,0.5006321533380322,Risk-off,conformal,daily-2024-08-27,2,1.00004959229111e-12,0.999999999997,1.00004959229111e-12,1.00004959229111e-12,0.0,0.08928345567317429,0.2268041237113402,27.630971524864094,0.48853185832828905,0.5670103092783506,0.0,0.4221846859985367,0.2061855670103093,0.26067703292936956,0.30997418175226943,False,1,0.0,0.0,0.0,
2024-10-18,2024-10-18,2024-10-21,2024-10-25,0.0086460406064552,0.0287541083711992,0.0890258399993547,0.0022498108113635,0.026391303437153,0.1221142014433622,0.0198388952819332,0.021908583552419,0.1408177777312451,0.0029223490119676,-0.0008318314154998,0.0291606095236489,-0.0004879000780639,-0.0201836617562655,0.0594668709639328,0.0018437427978796,-0.0476503450542229,0.1103584487362028,0.0006469142191745,-0.0041205253669841,0.018884870223723,0.0008540621330199,0.0082496900969526,0.0173994744511229,1.0,0.0193518303407657,-0.0435298196872387,-0.0094972067039104,0.00096,-0.0104572067039104,0.0112953910614523,0.0678692099567718,-0.0016410614525137,0.0002133333333333,-0.7098658375483395,Risk-on,conformal,daily-2024-10-18,0,0.9999999999969998,1.0000572220931057e-12,1.0000572220931057e-12,1.0000572220931057e-12,27.630963895469563,0.6308424065817774,0.787878787878788,0.0,0.3453986325320179,0.18181818181818182,0.0,0.023758960886204588,0.030303030303030304,0.14901306897602887,0.30997418175226943,False,0,0.0,0.0,0.0,
2024-11-06,2024-11-06,2024-11-07,2024-11-13,0.0190213087927366,0.0240848806366051,0.1388536091315588,0.0185395999349486,0.0252087084629235,0.1767493767247233,0.0712905896421671,0.0878520386717107,0.2599205676665421,0.0046044370029301,0.0040440663784688,0.0344482872903311,-0.0058415841584158,-0.0214404054185751,0.0748633381027811,-0.0195344484735057,-0.0418381344307271,0.1627148637635253,-0.0007782101167314,-0.0015552099533435,0.0116535031684953,0.0054900553792036,0.0080676842329849,0.0171372525486602,1.0,0.025484471797044,-0.0402829244773835,0.0103950821936731,0.0009578544061301,0.0094372277875429,0.0031022022226765,0.0652420145990609,0.0077186075424782,0.0002128565346959,-0.5682111046568028,Risk-on,conformal,daily-2024-11-06,0,0.9999999999969995,1.0001983839303017e-12,1.0001983839303017e-12,1.0001983839303017e-12,27.630822751670735,0.6308412161425744,0.7346938775510204,0.0,0.345398932800429,0.22448979591836735,0.0,0.02375985105699662,0.04081632653061225,0.14901363431350725,0.30997418175226943,False,0,0.0,0.0,0.0,
2024-11-07,2024-11-07,2024-11-08,2024-11-14,0.0474182027029455,0.0337992241058622,0.1402219924075422,0.0613555787278414,0.0425270403146509,0.1836596190628444,0.0854964688274635,0.0900338155175652,0.2590076803204236,0.0117531831537709,0.0089298172178038,0.0372346367688711,0.0079365079365079,-0.008780487804878,0.087801335844722,-0.0088753941375685,-0.0260500344273582,0.1705459407796407,0.0006483402489625,-0.0006475006475006,0.0129179439937287,0.0054898274018617,0.0080669051312127,0.0171373657041036,1.0,0.0177103050226818,-0.0254025337798575,-0.0037869051902875,0.0007448393275162,-0.0045317445178038,0.0090338855935091,0.0654646104739636,0.0043352353535872,0.0005320280910832,-0.5050998866505327,Risk-on,conformal,daily-2024-11-07,0,0.999999999997,1.0000343328617497e-12,1.0000343328617497e-12,1.0000343328617497e-12,27.630986783653157,0.6308425996240525,0.7346938775510204,0.0,0.3453985838387007,0.22448979591836735,0.0,0.02375881653724662,0.04081632653061225,0.14901297730065774,0.30997418175226943,False,0,0.0,0.0,0.0,
2024-11-22,2024-11-22,2024-11-25,2024-12-02,0.0166745073441012,0.0284475465313032,0.1417303890774115,0.0185527625937289,0.0211257563102247,0.1894894457423137,0.045020950343229,0.0908244928345431,0.2739184040867057,0.003337505214852,0.0076815642458101,0.0331734342676703,0.0012937898089171,-0.0047482441388861,0.0806580371940858,0.003464341177876,-0.0157018982891962,0.1618446366418522,-0.0001297521733487,-0.0015548069448043,0.0140730925543522,0.0007438894792775,0.0079520970069948,0.0172362577390457,1.0,0.0124298083846963,-0.0141470913443918,0.013624678663239,0.0050724115960496,0.0085522670671893,0.0030244847331486,0.0575876254137565,0.0033933161953725,0.0001061909312944,-0.3610464579035898,Mixed,conformal,daily-2024-11-22,1,0.999999999997,1.0000267032343845e-12,1.0000267032343845e-12,1.0000267032343845e-12,27.630994413047688,0.6308426639713587,0.6938775510204083,0.0,0.3453985676075241,0.24489795918367346,0.0,0.02375876842111722,0.061224489795918366,0.309974772098205,0.30997418175226943,False,0,0.0,0.0,0.0,
2024-12-05,2024-12-05,2024-12-06,2024-12-12,0.0130720068172134,0.0264193949440529,0.0780732911808334,0.032670341081556,0.0320932460482197,0.1356930727366144,-0.0119198579761603,0.0036063884595569,0.1722129939358679,0.0031724137931035,0.0101388888888889,0.0329989697373891,0.0088261253309798,0.0244995518374664,0.0806129486407684,0.0167746413697362,0.0485564304461942,0.1487920993065574,0.0023297954957286,0.0051921079958461,0.0152056612946379,0.0049653878297457,0.0076393059540267,0.0145807776887909,1.0,-0.0143606629485775,0.0433643224503481,-0.0038356717472494,0.0009544008483566,-0.004790072595606,0.0082444798925362,0.0880319732708346,0.0019010127519263,0.0005302226935315,-0.1405714255460942,Mixed,conformal,daily-2024-12-05,1,1.0011641597715416e-12,0.9999999999969966,1.0011641597715416e-12,1.0011641597715416e-12,0.0,0.08928219115664933,0.6326530612244898,27.62985763326253,0.4884902330383208,0.28571428571428575,0.0,0.4222275758050299,0.0816326530612245,0.22212855576232673,0.30997418175226943,False,1,0.0,0.0,0.0,
2024-12-19,2024-12-19,2024-12-20,2024-12-27,-0.0301617860641061,-0.0074491436077361,0.1270363342496269,-0.0234202809667094,0.0218590193522512,0.1845835637186993,-0.0603680236090616,-0.0451177560201112,0.2127481395585085,-0.0143230959922876,-0.0079013030219019,0.0476440435817682,-0.0218992438377688,-0.0103338632750398,0.082864654369958,-0.0321403343536614,-0.0215424898833611,0.1577036291353024,-0.0009041591320073,0.0033726812816188,0.0129428812019059,0.0048945160791495,0.0115996811398217,0.0197425828304742,0.3333333333333333,0.0024325602531378,-0.0249151711649799,0.0220596221409186,0.0011642675698559,0.0208953545710626,0.010521152252237,0.1608160641809181,0.0154202618931529,0.0002116850127007,0.4719974310405361,Risk-off,conformal,daily-2024-12-19,2,1.0000114441542806e-12,0.9999999999970001,1.0000114441542806e-12,1.0000114441542806e-12,0.0,0.0892834989663263,0.22448979591836735,27.63100967183675,0.48853328384619565,0.5918367346938775,0.0,0.4221832171874779,0.1836734693877551,0.2606779248706427,0.30997418175226943,False,1,0.0,0.0,0.0,
2026-01-02,2026-01-02,2026-01-05,2026-01-09,-0.0051405271588761,0.0102348046249065,0.0962902041201837,-0.0150049802396942,-0.0130865191146881,0.1318606536939862,-0.0114440117619009,0.0041168873103003,0.1416522407191623,0.0303997956316259,0.0346287033474412,0.1100308676266679,0.0181146025878002,0.0173623937938676,0.0906858892305681,0.0110362453531598,0.0032276657060519,0.1045682636748299,0.0193135687046377,0.0208205001847974,0.0646874557564434,0.0187702922077919,0.0032786562468281,0.171943864812475,0.6666666666666666,0.0172663095535736,-0.0175928344787454,0.0159550331542661,0.0005975500448165,0.0153574831094496,0.003324612249028,0.0724550045463684,0.0066601285185239,9.959167413642334e-05,-0.2781252766222656,Mixed,test,daily-2026-01-02,1,0.9046505350990811,0.0953494648989188,1.0000627606775748e-12,1.0000627606775748e-12,27.530751798301594,0.26638212157262,0.6122448979591837,25.280751798301594,0.7328720259866753,0.30612244897959184,0.0,0.0007458524407047528,0.0816326530612245,0.10291533194282754,0.30997418175226943,True,0,0.0,0.0,0.0,0.5
2026-01-05,2026-01-05,2026-01-06,2026-01-12,0.00158746340824,0.0162289154188424,0.0987261496570241,-0.0071173805468974,-0.0043179145117372,0.1353051844959902,0.0093857336847991,0.0111626790429701,0.1493425591833715,0.0336102236421724,0.0365244136870432,0.1100119775803775,0.0210740364174137,0.0221132494448557,0.0903379652908957,0.0193473193473192,0.0136764024107556,0.1036721698404208,0.0189305470190535,0.0219455061028233,0.0644035158567411,0.0007972892166634,0.0031787579439064,0.1719443838850551,0.6666666666666666,0.0144111642421875,-0.0082691036920676,0.0108183563077994,0.000697072296355,0.0101212840114444,0.003324612249028,0.0657494022774014,0.0059471878089918,9.958175662228008e-05,-0.2667833020143305,Mixed,test,daily-2026-01-05,1,0.9999999999969996,1.000133523314741e-12,1.000133523314741e-12,1.000133523314741e-12,27.63088760152425,0.6308417631036572,0.7070707070707071,0.0,0.34539879484077274,0.25252525252525254,0.0,0.02375944205556999,0.04040404040404041,0.3099746176084184,0.30997418175226943,False,0,0.0,0.0,0.0,0.6
2026-01-06,2026-01-06,2026-01-07,2026-01-13,0.0111520360139141,0.0203333653795239,0.1003433021035597,0.0064739025847178,0.0003530166880614,0.1382717140775179,0.0290950008037291,0.0288469264764965,0.1546832021882018,0.0334695963208993,0.0367807253620402,0.1099612789220322,0.0197544539831995,0.0231545799759191,0.0900920116215242,0.0134695773339525,0.016301816488123,0.1023073073070575,0.0185526477454234,0.0224469659595463,0.0642790866269338,0.0184565459892509,0.0029790508348497,0.1719445427030694,1.0,0.013626145386121,-0.0061451494714233,0.0028331478296064,0.000697002887583,0.0021361449420234,0.003324612249028,0.0609501645864342,-0.0032234283979704,9.95718410832236e-05,-0.4909257485266465,Risk-on,test,daily-2026-01-06,0,0.999999999997,1.000030518040791e-12,1.000030518040791e-12,1.000030518040791e-12,27.630990598350422,0.6308426317977132,0.7346938775510204,0.0,0.3453985757231169,0.22448979591836735,0.0,0.023758792479170066,0.04081632653061225,0.1490129620214557,0.30997418175226943,True,0,0.0,0.0,0.0,0.6
2026-01-07,2026-01-07,2026-01-08,2026-01-14,0.0091168508085164,0.0201046176806207,0.1004653048859055,0.0097901192614526,0.0032314593012974,0.1381065632743505,0.0343319838056679,0.0260653038274629,0.1552367083784059,0.0321592649310873,0.0391879737890272,0.1090375210918126,0.0216246187967841,0.0259860788863108,0.0893218721237968,0.021883366313584,0.0255841121495328,0.1025847605411942,0.01817958481759,0.0225758697261286,0.0642451368338279,0.0184546745082134,0.0030789193055091,0.1719433352081603,1.0,0.0132018949027163,0.0030082424234041,0.0011311232924386,0.0006969334926323,0.0004341897998063,0.0069048852062832,0.0683240315860622,-0.0001015110647062,9.95619275190318e-05,-0.4810110559268106,Risk-on,test,daily-2026-01-07,0,0.9999999999970001,1.0000152589024783e-12,1.0000152589024783e-12,1.0000152589024783e-12,27.631005857139485,0.630842760492206,0.8163265306122449,0.0,0.3453985432606928,0.1530612244897959,0.0,0.023758696247101127,0.03061224489795918,0.1490129009047233,0.30997418175226943,True,0,0.0,0.0,0.0,0.5
2026-01-08,2026-01-08,2026-01-09,2026-01-15,0.0165565843014678,0.0208744059255647,0.1003146781550478,0.0124171915282447,-0.0036931772564509,0.1395972279076791,0.0535612303173695,0.0351088132740169,0.1589288525130989,0.0339805825242718,0.0410289389067524,0.1085773695793589,0.0231090487238978,0.0244401077966731,0.0900590196770555,0.024873870702804,0.0193721554440424,0.104996264291202,0.0181862865568935,0.0225842280636801,0.0642426221173131,0.0006973500697353,0.0030789391857664,0.171943335040073,0.6666666666666666,0.0165888311100792,-0.0032120726196376,0.0039593334396892,0.0006968641114979,0.0032624693281912,0.0069048852062832,0.0703638789793949,0.0066133921190412,0.0001991040318565,-0.3369494407557537,Mixed,test,daily-2026-01-08,1,0.9999999999969998,1.0000610370159326e-12,1.0000610370159326e-12,1.0000610370159326e-12,27.630960080772297,0.6308423744080128,0.7346938775510204,0.0,0.3453986406475397,0.22448979591836735,0.0,0.023758984944447364,0.04081632653061225,0.3099747224402527,0.30997418175226943,False,0,0.0,0.0,0.0,0.6
2026-01-09,2026-01-09,2026-01-12,2026-01-16,0.0159550331542661,0.0208593026636076,0.1003037126316804,0.0220674582463464,0.0021108854524809,0.1434550130027045,0.0460246000482353,0.028943102289352,0.1543354765700006,0.004090740052064,0.0383284194334059,0.1085540194343477,0.0043572984749455,0.0234020904634169,0.0896172232207978,0.0103412616339193,0.0222041385724252,0.106463981357275,-0.000362056480811,0.0205766387382948,0.064426936065424,0.0005975500448165,0.0032786562468285,0.1719415701398697,1.0,0.014926328969989,0.0016274998341303,-0.0034722722491967,0.0008957897879964,-0.0043680620371931,0.0069048852062832,0.0478534807812353,0.0015704467849062,0.0001990643973324,-0.5184446945808187,Risk-on,test,daily-2026-01-09,0,0.9999999999969997,9.999923706315724e-13,9.999923706315724e-13,9.999923706315724e-13,27.63102111592555,0.6308428891864355,0.7346938775510204,0.0,0.34539851079813355,0.22448979591836735,0.0,0.023758600015430953,0.04081632653061225,0.14901283978812405,0.30997418175226943,True,0,0.0,0.0,0.0,0.55
2026-01-12,2026-01-12,2026-01-13,2026-01-20,0.0108183563077994,0.0200988477822527,0.1002137611354623,0.0148546092978849,0.0062088881758382,0.1429058280391741,0.0347010643770031,0.0220033610817993,0.1501805865851493,0.0019782393669636,0.0389743589743589,0.1084219381973413,0.0003620892550013,0.023714682723483,0.0895039735087968,0.0024010976446375,0.0206053550640279,0.1070958066700353,-0.0007238508867173,0.0204509055069606,0.064451331579076,0.000697072296355,0.0243799244690485,0.1537568786842518,1.0,0.0152596762508758,0.0001544495570673,-0.0252891420680126,0.0006965867250474,-0.0259857287930601,0.0252891420680126,0.1423810675896608,-0.0019995396743194,9.951238929239992e-05,-0.5184423190090742,Risk-on,test,daily-2026-01-12,0,0.999999999997,1.0000228884425302e-12,1.0000228884425302e-12,1.0000228884425302e-12,27.630998227744954,0.6308426961449894,0.787878787878788,0.0,0.3453985594919225,0.18181818181818182,0.0,0.02375874436308812,0.030303030303030304,0.1490129314630742,0.30997418175226943,True,0,0.0,0.0,0.0,0.55
2026-01-13,2026-01-13,2026-01-14,2026-01-21,0.0028331478296064,0.0291110681629525,0.0909962538350545,0.0045234352442977,0.0242889154222345,0.1234499357417566,0.0205795064042488,0.0373089898789442,0.1373274287599246,0.0017305315203954,0.040976236351959,0.1077269319783589,0.0025346247850095,0.03215284249767,0.0853817660202784,0.0061869844179651,0.032326319501587,0.099347745398716,-0.0006031363088059,0.0205715693520569,0.0644308588781133,0.000697002887583,0.0240656607028868,0.1537830584180701,1.0,0.0088233938542889,0.01175475014953,-0.0120645170589674,0.0005970149253735,-0.012661531984341,0.0233362641797711,0.1864511380129477,-0.0049151736166165,9.95024875622974e-05,-0.5181555684539759,Risk-on,test,daily-2026-01-13,0,0.999999999997,1.000030518040791e-12,1.000030518040791e-12,1.000030518040791e-12,27.630990598350422,0.6308426317977132,0.836734693877551,0.0,0.3453985757231169,0.14285714285714288,0.0,0.023758792479170066,0.020408163265306124,0.1490129620214557,0.30997418175226943,True,0,0.0,0.0,0.0,0.6
2026-01-14,2026-01-14,2026-01-15,2026-01-22,0.0011311232924386,0.0256152058560366,0.0932358221162322,-0.007163231947694,0.0184606785902154,0.1287729304163539,0.0301784875528416,0.0525494901019796,0.1337841386433555,0.0019782393669636,0.0404416484786238,0.1078383164472265,0.0043419267299864,0.0335101926836078,0.0854307981352339,0.0061510422599384,0.0375895688946317,0.100376573227193,-0.0002412836289057,0.0201895851286471,0.0644762032021212,0.0006969334926323,0.0030790583842508,0.1348398346390612,1.0,0.0069314557950159,0.0173999837659846,-0.0019989570658782,0.0006964481146154,-0.0026954051804937,0.0211776262567893,0.1915517290341225,0.0027232168723565,9.949258780217464e-05,-0.4462872513690055,Risk-on,test,daily-2026-01-14,0,0.999999999997,1.000019073665228e-12,1.000019073665228e-12,1.000019073665228e-12,27.63100204244222,0.6308427283186052,0.7959183673469388,0.0,0.34539855137631204,0.17346938775510204,0.0,0.023758720305082758,0.03061224489795918,0.1490129161838949,0.30997418175226943,True,0,0.0,0.0,0.0,0.6
2026-01-15,2026-01-15,2026-01-16,2026-01-23,0.0039593334396892,0.0312187881324272,0.0921292419675731,0.00211130272213,0.0201141882136763,0.1290739999555684,0.0280326789793627,0.0669050871976211,0.1325551122525825,0.0012354830738818,0.0397741852707211,0.1079699843443064,0.0058962264150943,0.0299061948546484,0.0860196935309875,0.0109902690326273,0.0316588785046729,0.0996713423441264,-0.0006034274680183,0.0189491817398794,0.0647491433043676,0.0006968641114979,0.003079078236833,0.134839834466636,1.0,0.0098679904160727,0.0127096967647934,-0.0043482029353979,0.0008953442101073,-0.0052435471455053,0.0211776262567893,0.1898984328679963,-0.0008378597018375,0.0003979307600481,-0.5492410523570843,Risk-on,test,daily-2026-01-15,0,0.999999999997,1.000030518040791e-12,1.000030518040791e-12,1.000030518040791e-12,27.630990598350422,0.6308426317977132,0.8585858585858586,0.0,0.3453985757231169,0.12121212121212122,0.0,0.023758792479170066,0.020202020202020204,0.1490129620214557,0.30997418175226943,True,0,0.0,0.0,0.0,0.6
2026-01-16,2026-01-16,2026-01-20,2026-01-26,-0.0034722722491967,0.0418212111395188,0.0800167596217456,-0.0086012925875688,0.0385142589682725,0.1068662503017224,0.0212504323098796,0.0793599220209568,0.1224652330581218,0.001111111111111,0.0417523124357657,0.1074191162323118,-0.0006326825741143,0.0279843808107103,0.0869901138575389,-0.001478448766064,0.0266604303086996,0.1027241449857451,-0.000482916817578,0.0185777559055118,0.0648235508857785,0.0008957897879964,0.0243649271213433,0.110812846325351,1.0,0.0137679316250554,0.0080826744031878,0.0015470028626782,0.0005966587112167,0.0009503441514615,0.0203568227163633,0.1944407556624741,-0.0203568227163633,0.0,-0.7572765147386828,Risk-on,test,daily-2026-01-16,0,0.999999999997,1.0000228884425302e-12,1.0000228884425302e-12,1.0000228884425302e-12,27.630998227744954,0.6308426961449894,0.8571428571428571,0.0,0.3453985594919225,0.12244897959183673,0.0,0.02375874436308812,0.020408163265306124,0.1490129314630742,0.30997418175226943,True,0,0.0,0.0,0.0,0.6
2026-01-20,2026-01-20,2026-01-21,2026-01-27,-0.0252891420680126,0.0129608777192524,0.1102387529959451,-0.0304702074397691,0.0019278617212343,0.124853554816873,0.0041300191204587,0.0601582687338499,0.1343407424549581,-0.001974333662389,0.0362588084561179,0.1086410994520485,-0.0055198624558863,0.0179696183771769,0.09038412049173,-0.0116345386106991,0.0083789130687768,0.1137745927766729,-0.0003621876131836,0.0179493484140642,0.0648846237551803,0.0006965867250474,0.0243649271213433,0.110812846325351,1.0,0.018289190078941,-0.0095704353452874,0.0264323031966704,0.0005966587112167,0.0258356444854537,0.0,0.0640381764705372,0.0115410726408688,0.0,-0.4705046481568881,Risk-on,test,daily-2026-01-20,0,0.9999999999969842,1.0053011721582693e-12,1.0053011721582693e-12,1.0053011721582693e-12,27.62573394551839,0.6307982823680366,0.6326530612244898,0.0,0.34540975059133255,0.30612244897959184,0.0,0.023791967040630926,0.061224489795918366,0.14903402394768528,0.30997418175226943,True,0,0.0,0.0,0.0,0.6
2026-01-21,2026-01-21,2026-01-22,2026-01-28,-0.0120645170589674,0.0124675017726305,0.1095765335653446,-0.0159044455799693,0.0024072869225764,0.1255282616300193,0.0246412856322939,0.0722322322322324,0.1461289637591332,0.0009871668311944,0.039733401691874,0.1083967218511735,-0.0017155756207675,0.0266505710836661,0.0911714226875752,-0.0058073331815075,0.0198574932834949,0.115377966430417,-0.0001207000603499,0.0186915887850469,0.0647656987683759,0.0005970149253735,0.0206028620724656,0.1105001405513097,1.0,0.0130828306082078,0.001165904498448,0.0146192004668805,0.0007955449482892,0.0138236555185913,0.0001006484636731,0.0410577386085715,0.0052232273125183,0.0001988862370723,-0.3771183085020757,Mixed,test,daily-2026-01-21,1,0.9999999999969983,1.0005876359663087e-12,1.0005876359663087e-12,1.0005876359663087e-12,27.63043365254964,0.6308379342857494,0.7142857142857143,0.0,0.34539976050461374,0.22448979591836735,0.0,0.023762305209636833,0.061224489795918366,0.309973961080112,0.30997418175226943,True,0,0.0,0.0,0.0,0.6
2026-01-22,2026-01-22,2026-01-23,2026-01-29,-0.0019989570658782,0.0114507178719285,0.1089495579072491,0.0019530304253088,0.0048725212464588,0.127039271939286,0.0250769406132451,0.068348315051677,0.1441684151118069,0.0017275419545903,0.0397028688524592,0.1084010971690203,-0.002341709447897,0.0287916782762143,0.091011506792361,-0.0072455564360919,0.0265745726996018,0.1152975289483336,-0.0007240255822372,0.0188238188976377,0.0647294363914622,0.0006964481146154,0.0208058459352482,0.1104774918312351,1.0,0.0109111905762449,0.0077507538019641,0.0073441899619726,0.0006959634122087,0.0066482265497638,0.0020848610332283,0.0469343738799807,0.0003628552352752,0.0002982700338036,-0.3329549514437468,Mixed,test,daily-2026-01-22,1,0.9999999999969998,1.000068666905245e-12,1.000068666905245e-12,1.000068666905245e-12,27.630952451377766,0.6308423100604389,0.7346938775510204,0.0,0.345398656878557,0.22448979591836735,0.0,0.023759033061004065,0.04081632653061225,0.3099747114052192,0.30997418175226943,False,0,0.0,0.0,0.0,0.6
2026-01-23,2026-01-23,2026-01-26,2026-01-30,-0.0043482029353979,0.0072191614666297,0.1079331395575067,0.0015117887355657,0.0033513792214487,0.1264532523568384,-0.002636435539151,0.0548518164435947,0.1607898588824646,0.0012339585389931,0.0383926286153057,0.1086786490916899,-0.0004508972855983,0.028391167192429,0.0910455283895885,-0.0043030234401539,0.0276998597475457,0.1154014648930041,0.0003622750875498,0.0195692307692307,0.0645850547462798,0.0008953442101073,0.0210066977877001,0.1104572180709758,1.0,0.0100014614228767,0.0081306289783149,0.0039754508654585,0.0005963621906368,0.0033790886748217,0.005061179887561,0.0568572614219702,0.0050781306675564,9.93936984394761e-05,-0.2862143059520223,Mixed,test,daily-2026-01-23,1,0.9999999999969998,1.0000648519533124e-12,1.0000648519533124e-12,1.0000648519533124e-12,27.63095626607503,0.6308423422342333,0.7959183673469388,0.0,0.3453986487630528,0.17346938775510204,0.0,0.023759009002713837,0.03061224489795918,0.3099747169227328,0.30997418175226943,False,0,0.0,0.0,0.0,0.6
2026-01-26,2026-01-26,2026-01-27,2026-02-02,0.0015470028626782,0.0087811271297506,0.1086724659768703,0.0067604545600876,0.0048195868007583,0.1269804412507824,-0.0066977724262491,0.0489549392036876,0.1621315129754028,0.0011098779134295,0.0369140375526886,0.1087944304124869,0.0032558560188118,0.0252310536044362,0.0905881148831815,0.00626423690205,0.0263708178438661,0.1147916257077271,0.0009663002778113,0.0194365850658138,0.0645996685139557,0.0005966587112167,0.0209009740259737,0.110468523741664,1.0,0.0116829839482524,0.0069342327780523,0.0038687511728956,0.0005887099980121,0.0032800411748834,0.005061179887561,0.0563536165946407,0.0039842362825344,0.0,-0.3257324755020012,Mixed,test,daily-2026-01-26,1,0.9999999999969997,9.999961853070101e-13,9.999961853070101e-13,9.999961853070101e-13,27.63102111592555,0.6308428891864355,0.787878787878788,0.0,0.34539851079813355,0.18181818181818182,0.0,0.023758600015430953,0.030303030303030304,0.3099748107213935,0.30997418175226943,False,0,0.0,0.0,0.0,0.6
2026-01-27,2026-01-27,2026-01-28,2026-02-03,0.0264323031966704,0.0129036016486314,0.1093582099091673,0.0379403348353781,0.0139937662671507,0.1307404196724577,0.0081879808058498,0.0573128844156882,0.1596727067818944,0.0035855588526212,0.0373162939297124,0.1086921518268664,0.0082802547770699,0.0242166558831684,0.0908519884727638,0.0132717830351989,0.0233100233100234,0.1168313145940596,0.001086956521739,0.0189305470190535,0.0646474441095602,0.0005966587112167,0.0027905122583216,0.0903754986013219,1.0,0.013099638046544,0.0043794762909699,-0.0085694977641661,0.000788090033879,-0.0093575877980451,0.0085694977641661,0.0771285582599005,-0.0001006484636731,0.000198767640628,-0.3819457336150383,Mixed,test,daily-2026-01-27,1,0.9999999999969998,9.999809266925695e-13,9.999809266925695e-13,9.999809266925695e-13,27.63102111592555,0.6308428891864355,0.787878787878788,0.0,0.34539851079813355,0.18181818181818182,0.0,0.023758600015430953,0.030303030303030304,0.3099748107213935,0.30997418175226943,False,0,0.0,0.0,0.0,0.6
2026-01-28,2026-01-28,2026-01-29,2026-02-04,0.0146192004668805,0.0164284252682038,0.1082656411113464,0.0274875056792367,0.022295410148367,0.1293332532784782,-0.0167668695619702,0.0581096286770614,0.1591347300009997,-0.0009861932938856,0.0352580480327031,0.1092754974971883,0.0008140376266281,0.0214160435705714,0.0913379296228973,0.0033214981101821,0.0171853228053877,0.1170373594168251,0.000603573153066,0.0184297825285661,0.0647167872202333,0.0007955449482892,0.0205861474495485,0.0628672589257363,1.0,0.0138420044621316,-0.0012444597231784,-0.0132725547151358,0.0006888754850293,-0.0139614302001652,0.0132725547151358,0.0782348704017199,-0.0019844122976041,9.936406995225688e-05,-0.4288419134007017,Risk-on,test,daily-2026-01-28,0,0.9999999999969998,9.999809266925695e-13,9.999809266925695e-13,9.999809266925695e-13,27.63102111592555,0.6308428891864355,0.8080808080808081,0.0,0.34539851079813355,0.1515151515151515,0.0,0.023758600015430953,0.0404040404040404,0.14901283978812405,0.30997418175226943,True,0,0.0,0.0,0.0,0.5
2026-01-29,2026-01-29,2026-01-30,2026-02-05,0.0073441899619726,0.015643520889734,0.1084937537644088,0.0139667504349505,0.0185445895431815,0.1312701167390544,-0.0237962860002224,0.0662753036437246,0.1548429729613655,-0.0018477457501848,0.0340735068912709,0.1094530452601697,-0.0008124943576779,0.0228259865077165,0.0910313969265431,-0.0007982666210513,0.0199045512745896,0.1164162453748981,0.0013283419876826,0.0185480899152439,0.0647020118911229,0.0006959634122087,0.0205840600283915,0.0628676586658451,1.0,0.0112475203835544,0.0013564613593457,-0.0236585787562674,0.0005894528446435,-0.0242480316009109,0.0255820307444527,0.1038727050982452,-0.0029825370295658,0.0001987083954295,-0.3754813091268192,Mixed,test,daily-2026-01-29,1,0.9999999999969998,9.999732974726594e-13,9.999732974726594e-13,9.999732974726594e-13,27.63102111592555,0.6308428891864355,0.8080808080808081,0.0,0.34539851079813355,0.1717171717171717,0.0,0.023758600015430953,0.0202020202020202,0.3099748107213935,0.30997418175226943,False,0,0.0,0.0,0.0,0.6
2026-01-30,2026-01-30,2026-02-02,2026-02-06,0.0039754508654585,0.0201834050834464,0.1051272042550895,-0.0013649794450154,0.0147015631628757,0.1353643074134476,-0.019485668970205,0.0591906665578851,0.1625161988971488,-0.0002464875523785,0.0362800204394482,0.1090111619782439,-0.0024359437026345,0.0261716937354987,0.089186393838373,-0.0090981462527011,0.0222926199694941,0.1143270870843118,0.0018107194591983,0.0197837306463504,0.0645228784919264,0.0005963621906368,0.0028890217174732,0.0016583836832008,1.0,0.0101083267039494,0.0025088893231437,-0.001950951630851,0.0006895883344271,-0.0026405399652781,0.0255820307444527,0.201296083125729,0.0049713137852795,9.174530644684432e-05,-0.4071272930041393,Mixed,test,daily-2026-01-30,1,0.999999999997,1.000030518040791e-12,1.000030518040791e-12,1.000030518040791e-12,27.630990598350422,0.6308426317977132,0.8080808080808081,0.0,0.3453985757231169,0.1717171717171717,0.0,0.023758792479170066,0.0202020202020202,0.3099747665806304,0.30997418175226943,False,0,0.0,0.0,0.0,0.6
2026-02-02,2026-02-02,2026-02-03,2026-02-09,0.0038687511728956,0.0179164775970843,0.1036697698246245,0.0010871998209316,0.0212356471816284,0.1370701839604108,-0.0068186983862413,0.053862850711472,0.1585112851800274,-0.0050505050505051,0.0012396181975951,0.025108550064146,-0.0078427837374921,-0.0009077705156136,0.0453240198150795,-0.0203735144312393,-0.0055153395380903,0.0897876256907479,-0.0020514058163388,-0.0019309678976586,0.0139584705180301,0.0005887099980121,0.0026813663977689,0.0015624768378199,1.0,0.0021473887132087,-0.0035843716404316,-0.0020994808817815,0.000797050911627,-0.0028965317934086,0.0255820307444527,0.2010507547131298,-0.0084554435512862,0.0001992627279068,-0.2537251985152022,Mixed,test,daily-2026-02-02,1,0.999999999997,9.999427811750748e-13,9.999427811750748e-13,9.999427811750748e-13,27.63102111592555,0.6308428891864355,0.7346938775510204,0.0,0.34539851079813355,0.22448979591836735,0.0,0.023758600015430953,0.04081632653061225,0.3099748107213935,0.30997418175226943,False,0,0.0,0.0,0.0,0.55
2026-02-03,2026-02-03,2026-02-04,2026-02-10,-0.0085694977641661,0.002631885069505,0.106396268182114,-0.0231489550488805,-0.0023786792666548,0.1462665641801342,-0.0073659955426285,0.0397657579234755,0.150642370302593,-0.0055439201675496,-0.0019782393669633,0.0233270891292563,-0.0063171193935566,-0.0032588032950122,0.0441098523501621,-0.0118451025056947,-0.0080036588154583,0.0882864847364292,-0.0024128362890578,-0.0024128362890578,0.0138530204644562,0.000788090033879,0.0027812947541214,0.0015734649012967,0.6666666666666666,0.0012805639280488,-0.0055908225264005,0.0037561817469873,0.0006972806056377,0.0030589011413495,0.0172726349832492,0.1902369503023327,-0.0048438791640681,9.961151509108036e-05,0.1104574698616018,Risk-off,test,daily-2026-02-03,2,0.7310585786285428,0.2689414213694572,1.0000165108582674e-12,1.0000165108582674e-12,27.31774291768636,0.2528927633358692,0.5670103092783506,26.31774291768636,0.7464325862547861,0.36082474226804123,0.0,0.000674650409344488,0.07216494845360825,0.6903468236799202,0.30997418175226943,False,0,0.0,0.0,0.0,0.6
2026-02-04,2026-02-04,2026-02-05,2026-02-11,-0.0132725547151358,-0.0081236177563199,0.1054931110201827,-0.0433814472063421,-0.0283436527541625,0.1546142052157219,-0.0105582985187999,0.0173383317713213,0.1489406531007594,-0.005182625863771,-0.003461063040791,0.0236298671218096,-0.0061455038409399,-0.0045261156875169,0.0442794301671278,-0.0121004566210044,-0.0084784601283225,0.0884225713196666,-0.0019302690312461,-0.0020506634499397,0.013996038071001,0.0006888754850293,0.0027813245923857,0.0015734550456482,0.3333333333333333,0.0010650526467258,-0.0064277966783827,0.0084087497631852,0.0005976095617528,0.0078111402014324,0.0124892522479196,0.1843312481057278,-0.0124892522479196,0.0,0.4102845031418023,Risk-off,test,daily-2026-02-04,2,9.999504101621633e-13,0.9999999999969998,9.999504101621633e-13,9.999504101621633e-13,0.0,0.08928351195411083,0.3092783505154639,27.63102111592555,0.4885337115013817,0.5670103092783505,0.0,0.4221827765445076,0.12371134020618556,0.26067819245316404,0.30997418175226943,True,1,0.0,0.0,0.0,0.6
2026-02-05,2026-02-05,2026-02-06,2026-02-12,-0.0236585787562674,-0.0173438904840624,0.1136125774891682,-0.0514751441780658,-0.0432518188519598,0.160992307694823,-0.0286289250863803,0.0013699702520746,0.1631590684106596,-0.0061705541157596,-0.0043273986152323,0.0238666309933615,-0.0016263100831225,-0.0004522840343735,0.0476958754136105,-0.0015978087194704,-0.0035311538899647,0.0947023209138153,-0.0007235890014472,-0.0003619254433586,0.0152031942673986,0.0005894528446435,0.0026814857508294,0.0016445447904858,0.3333333333333333,-0.0038751145808587,-0.003169228446606,0.005386499808152,0.0007968127490041,0.0045896870591479,0.0182722098133872,0.1993036266170014,0.019184793837254,0.0002988047808767,0.6083508581068668,Risk-off,test,daily-2026-02-05,2,9.999732974726594e-13,0.9999999999969998,9.999732974726594e-13,9.999732974726594e-13,0.0,0.08928351195411083,0.2105263157894737,27.63102111592555,0.4885337115013817,0.5789473684210527,0.0,0.4221827765445076,0.2105263157894737,0.26067819245316404,0.30997418175226943,True,1,0.0,0.0,0.0,0.6
2026-02-06,2026-02-06,2026-02-09,2026-02-13,-0.001950951630851,0.001609838871083,0.1340799593974302,-0.0196504092495216,-0.0174383934759134,0.1802074434244948,0.0206816868861929,0.0261354396561737,0.2041097030195602,-0.0038214990138066,-0.0016061279960464,0.0270804492005371,-9.04404449668661e-05,0.0029027576197389,0.0465694376588872,0.0047056123034547,0.0021751574127075,0.0929744336511106,-0.0015664537896131,0.0,0.0151486792387225,0.0006895883344271,0.0028812429828444,0.0017387319589726,0.6666666666666666,-0.0045088856157853,0.0021751574127075,-0.0128435318988733,0.0008961465697499,-0.0137396784686232,0.0182722098133872,0.1221151132503664,0.0048217543656428,0.0001991436821666,0.3388982627103304,Risk-off,test,daily-2026-02-06,2,1.000068666905245e-12,0.9999999999969998,1.000068666905245e-12,1.000068666905245e-12,0.0,0.08928343402629509,0.42105263157894735,27.630952451377766,0.4885311455691934,0.42105263157894735,0.0,0.42218542040451135,0.15789473684210525,0.2606765869591363,0.30997418175226943,True,1,0.0,0.0,0.0,0.5
2026-02-09,2026-02-09,2026-02-10,2026-02-17,-0.0020994808817815,-0.0001728932240256,0.1330752073687543,-0.0188775673172133,-0.0196760552142343,0.1785603176922998,0.0179266153024639,0.0255543173346652,0.2038889963533904,0.0018571251702366,-0.0009876543209876,0.0274168190932513,0.0045429765582409,-0.0007230657989877,0.0447180887323582,0.0112073945696129,-0.0046627999545093,0.0897310410037495,0.0021765417170493,0.0006036460219727,0.01510854684465,0.000797050911627,0.002881282739481,0.0017387486700841,0.3333333333333333,-0.0002645885219999,-0.005266445976482,-0.0159953887167663,0.0006968641114981,-0.0166922528282644,0.0182722098133872,0.1115688246536373,-0.0026370775992508,9.95520159279284e-05,0.4852507624663058,Risk-off,test,daily-2026-02-09,2,1.00004959229111e-12,0.999999999997,1.00004959229111e-12,1.00004959229111e-12,0.0,0.08928345567317429,0.3157894736842105,27.630971524864094,0.48853185832828905,0.5789473684210527,0.0,0.4221846859985367,0.10526315789473684,0.26067703292936956,0.30997418175226943,True,1,0.0,0.0,0.0,0.6
2026-02-10,2026-02-10,2026-02-11,2026-02-18,0.0037561817469873,-0.0043730939639787,0.1332649960824162,-0.0081911373515862,-0.0250330851284339,0.1788992488813278,0.0128624705076492,0.0178202676864245,0.2039183768567262,0.0014866204162538,-0.0024679170779862,0.0275330040992853,0.0064480973571883,0.0028051760021716,0.0452717236999607,0.0204011065006914,0.0098095129462758,0.0982175069721921,0.0029024065787883,0.0012072920439454,0.0152434964790726,0.0006972806056377,0.0027815034972644,0.0017327240607097,0.3333333333333333,-0.0052730930801578,0.0086022209023304,-0.0084233947870311,0.0007963368504879,-0.0092197316375191,0.0156764722880425,0.1263347091642506,-0.0002311737848926,0.0,0.6093789441722064,Risk-off,test,daily-2026-02-10,2,1.0000343328617497e-12,0.999999999997,1.0000343328617497e-12,1.0000343328617497e-12,0.0,0.08928347299053212,0.288659793814433,27.630986783653157,0.4885324285354973,0.5876288659793814,0.0,0.42218409847397065,0.12371134020618557,0.26067738970574983,0.30997418175226943,True,1,0.0,0.0,0.0,0.6
2026-02-11,2026-02-11,2026-02-12,2026-02-19,0.0084087497631852,-0.0026089337965025,0.1330934719256107,0.0121502269913331,-0.0209664026571282,0.1794239635114313,0.0170044526331951,0.0137746317199156,0.204800625856212,0.0026048127015627,-0.0025913129318856,0.0275292286658524,0.0066381740474674,-0.0004514672686229,0.0448098960103652,0.0175641321932054,0.0027328626736506,0.1002162043812075,0.0014505016318142,0.0,0.015649694628204,0.0005976095617528,0.0026817242431853,0.001797518130051,0.3333333333333333,-0.0021398456632626,0.0027328626736506,-0.0108098734030869,0.0008958789567989,-0.0117057523598859,0.0154488698768716,0.1257680373666207,-0.0154488698768716,0.0001990842126222,0.5386353331189542,Risk-off,test,daily-2026-02-11,2,1.0000228884425302e-12,0.999999999997,1.0000228884425302e-12,1.0000228884425302e-12,0.0,0.08928348597846558,0.3333333333333333,27.630998227744954,0.4885328561908635,0.5208333333333333,0.0,0.42218365783067086,0.14583333333333334,0.2606776572881478,0.30997418175226943,True,1,0.0,0.0,0.0,0.6
2026-02-12,2026-02-12,2026-02-13,2026-02-20,0.005386499808152,-0.0131670432817655,0.1430321502866988,0.0060465973234176,-0.0305221531756919,0.1893368568300166,0.0145018176132587,-0.0138683080664158,0.2164977880517613,0.0032286104557308,-0.0030848963474827,0.0275546716164229,0.0065158371040723,0.0017112492119246,0.0470506956290047,0.0200045724737083,0.0101890637382542,0.1089467080005257,0.0008447984552257,0.0007240255822371,0.0160046780619279,0.0007968127490041,0.0027815630847582,0.0018069586948053,0.0,-0.0047961455594074,0.009465038156017,0.0119776300145317,0.0008957006369427,0.011081929377589,0.0026373690422415,0.0610555745915334,0.0007045664714431,0.0003980891719743,0.9260586142256162,Risk-off,test,daily-2026-02-12,2,1.0001258929306154e-12,0.9999999999969997,1.0001258929306154e-12,1.0001258929306154e-12,0.0,0.0892833690844448,0.1875,27.63089523091878,0.48852900729133797,0.5625000000000001,0.0,0.4221876236242173,0.25,0.2606752490500495,0.30997418175226943,True,1,0.0,0.0,0.0,0.6
2026-02-13,2026-02-13,2026-02-17,2026-02-23,-0.0128435318988733,-0.0151537039177158,0.1425844058280745,-0.0126794062166817,-0.0319405577535463,0.1888855128928011,-0.0077729982642819,-0.0096041580354789,0.2195488087886133,0.000494988244029,-0.002344521224087,0.0277348951762187,0.0093162083936324,0.0063125619983768,0.048110266401911,0.0249029015307287,0.0159664817121503,0.1103027502760544,0.0024137098720733,0.003018959062915,0.0166155692934346,0.0008961465697499,0.0030809604463479,0.0020190033980941,0.0,-0.0086570832224638,0.0129475226492352,0.0009387605427211,0.0006963788300837,0.0002423817126373,0.010211334000551,0.1097792679088221,0.0016134946828016,0.0,1.008886654263947,Risk-off,test,daily-2026-02-13,2,1.000019073665228e-12,0.999999999997,1.000019073665228e-12,1.000019073665228e-12,0.0,0.08928349030776057,0.18749999999999997,27.63100204244222,0.48853299874264466,0.6458333333333333,0.0,0.4221835109495947,0.16666666666666666,0.2606777464823019,0.30997418175226943,True,1,0.0,0.0,0.0,0.6
2026-02-17,2026-02-17,2026-02-18,2026-02-24,-0.0159953887167663,-0.0127374721684057,0.1428239344779701,-0.0211941659070192,-0.0321282554807971,0.1888769971970524,-0.014388489208633,-0.0102347983142684,0.2195091105792392,-0.0013593672763222,-0.0034529535084474,0.0276257915971799,0.0103111432706222,0.0102197702812698,0.0466297303754913,0.0268510054844608,0.0235763097949885,0.1075341678170094,0.0018098455598456,0.0028989008334339,0.0166584623748851,0.0006968641114981,0.0026819624509435,0.001869475658473,0.0,-0.0136727237897172,0.0206774089615546,0.0065900270923335,0.0006963788300837,0.0058936482622498,0.010211334000551,0.1211014503720277,0.0050377095994726,0.000198965380024,1.07868926618584,Risk-off,test,daily-2026-02-17,2,1.0000136122593223e-12,0.9399133498241126,0.06008665017388745,1.0000136122593223e-12,0.0,0.00031657234273604635,0.15306122448979592,27.569039914756672,0.000596446790081221,0.663265306122449,24.819039914756672,0.9990869808671827,0.1836734693877551,0.000316532546743679,0.30997418175226943,True,1,0.0,0.0,0.0,0.6
2026-02-18,2026-02-18,2026-02-19,2026-02-25,-0.0084233947870311,0.0128545706780014,0.1233573658187172,-0.009289090225195,-0.0037331842252409,0.1762697298135469,-0.0081529906822964,0.0053697920633712,0.2155748952452248,0.0008659079663531,0.0003709198813055,0.026499816601595,0.0069482042952535,0.0153776160145586,0.0401760858150845,0.0112956060092623,0.0332371609924984,0.0955357536631339,0.0006029181237188,0.0021739130434783,0.0168689032381838,0.0007963368504879,0.0028814614486458,0.0018129693810771,0.6666666666666666,-0.0150066961332531,0.03106324794902,0.0099957743810925,0.0005967774020287,0.0093989969790637,0.010211334000551,0.1297443545464574,-0.0026373690422415,9.9462900338132e-05,0.3862148106600872,Risk-off,test,daily-2026-02-18,2,1.0000228884425302e-12,0.999999999997,1.0000228884425302e-12,1.0000228884425302e-12,0.0,0.08928348597846558,0.22448979591836735,27.630998227744954,0.4885328561908635,0.5918367346938775,0.0,0.42218365783067086,0.1836734693877551,0.2606776572881478,0.30997418175226943,True,1,0.0,0.0,0.0,0.55
2026-02-19,2026-02-19,2026-02-20,2026-02-26,-0.0108098734030869,-0.0013422818791942,0.1168778081452912,-0.0157231165696204,-0.020786006360745,0.1690654281227027,-0.0013210039630117,-0.0119123193547182,0.203182266035749,0.0013608808610663,-0.0022189349112426,0.024169730899753,0.0088527551942185,0.0101302460202605,0.0351022123675396,0.0177151941857824,0.0264574504638643,0.0929084278428557,0.0015691007845504,0.0016900048285852,0.0168139271639914,0.0008958789567989,0.0029812109474967,0.0017412325921829,0.0,-0.0123491809315032,0.0247674456352791,0.0070418419822344,0.0006961710591746,0.0063456709230598,0.010211334000551,0.137744196066099,0.0072317671809256,0.0001989060169069,0.8509476136003024,Risk-off,test,daily-2026-02-19,2,1.0001411537570819e-12,0.9999999999969996,1.0001411537570819e-12,1.0001411537570819e-12,0.0,0.08928335176631079,0.2268041237113402,27.63087997212972,0.4885284370837659,0.577319587628866,0.0,0.42218821114992344,0.1958762886597938,0.26067489227470175,0.30997418175226943,True,1,0.0,0.0,0.0,0.6
2026-02-20,2026-02-20,2026-02-23,2026-02-27,0.0119776300145317,0.0006531394234958,0.1182867272697832,0.0136021576984548,-0.0192505960435596,0.1701787966297722,0.0195345611466439,-0.0192001186107713,0.2010069809719462,0.0025993316004455,-0.0022172949002218,0.0241704984701143,0.0033267397950009,0.0074027263699558,0.0349916489768362,0.002017258769472,0.0196145512601209,0.0930524692327893,0.0007235017484623,0.0021736505252987,0.0167307805036052,0.0008957006369427,0.0029812307823546,0.0017412401314574,0.3333333333333333,-0.0096200212701776,0.0174409007348221,-0.0049896291139056,0.0006960326140996,-0.0056856617280053,0.0103296544759431,0.1322192388573096,-0.010211334000551,0.0001988664611713,0.5811645740069648,Risk-off,test,daily-2026-02-20,2,1.000038147697261e-12,0.999999999997,1.000038147697261e-12,1.000038147697261e-12,0.0,0.0892834686612048,0.22448979591836735,27.63098296895589,0.48853228598370085,0.6326530612244898,0.0,0.42218424535509436,0.14285714285714288,0.2606773005116386,0.30997418175226943,True,1,0.0,0.0,0.0,0.5
2026-02-23,2026-02-23,2026-02-24,2026-03-02,0.0009387605427211,-0.0099241182188813,0.1237552804542626,-0.000847288676236,-0.0342208376156218,0.1739547708833461,-0.0093930635838148,-0.0163135833238925,0.1978963078216066,0.0002473716759432,-0.0033275819571111,0.0247203238850585,0.0010753651760908,0.0078491519307108,0.0350707933003023,0.000222915737851,0.0205845558967359,0.0933514052469415,0.0,0.002655721873491,0.0169135522738667,0.0006963788300837,0.0028815605933623,0.0016620600775107,0.0,-0.011176733887822,0.0179288340232448,0.0058470962352905,0.0006203399940352,0.0052267562412553,0.0103296544759431,0.1038724192809602,0.007268570758657,0.0,0.9303075973773116,Risk-off,test,daily-2026-02-23,2,1.000297590655034e-12,0.9999999999969992,1.000297590655034e-12,1.000297590655034e-12,0.0,0.08928317424797887,0.22448979591836735,27.63072356954183,0.4885225924526535,0.5510204081632654,0.0,0.4221942332993676,0.22448979591836735,0.2606712353373065,0.30997418175226943,True,1,0.0,0.0,0.0,0.5
2026-02-24,2026-02-24,2026-02-25,2026-03-03,0.0065900270923335,-0.0077663736232004,0.1252923705084284,0.0109263262930319,-0.0281233012502798,0.178297744027056,0.0011024939172747,-0.0024623077505873,0.2018843945670563,0.0,-0.0045577728504558,0.024672649804932,-0.0001790510295434,0.0067610204633552,0.0351094254758763,0.0003338155112941,0.0175438596491228,0.0923598551051172,0.0003613151872816,0.0022927476770846,0.0168973668873518,0.0006963788300837,0.002781890392548,0.0017332707870878,0.0,-0.0113187933138111,0.0152511119720382,-0.0102131374117987,0.0008197064694275,-0.0110328438812262,0.0184952751929594,0.1072169999780807,0.008438204699207,9.941346058228716e-05,0.9215217333494852,Risk-off,test,daily-2026-02-24,2,1.0000343328617497e-12,0.999999999997,1.0000343328617497e-12,1.0000343328617497e-12,0.0,0.08928347299053212,0.1836734693877551,27.630986783653157,0.4885324285354973,0.5714285714285715,0.0,0.42218409847397065,0.24489795918367346,0.26067738970574983,0.30997418175226943,True,1,0.0,0.0,0.0,0.6
2026-02-25,2026-02-25,2026-02-26,2026-03-04,0.0099957743810925,-0.0033645343570715,0.128302054999552,0.0179765265190907,-0.0228954415096731,0.1834751478238927,0.0022349331414068,-0.0005666150417408,0.2023587665908307,0.0001235941169202,-0.0030799556486386,0.0253100809990801,0.0005376825880456,0.0075805432722679,0.0347901028745834,0.0042443873561934,0.0240318906605923,0.0885492280684365,0.0007230657989878,0.0018096272167933,0.0169361961530582,0.0005967774020287,0.0028815804104811,0.001662053062436,0.0,-0.0106604989209065,0.0222222634437989,-0.0115703671643943,0.0007202214091426,-0.0122905885735369,0.0184952751929594,0.0988304590513986,-0.0055543533145785,0.0001988071570577,0.8862874938682541,Risk-off,test,daily-2026-02-25,2,1.0000152589024783e-12,0.9999999999970001,1.0000152589024783e-12,1.0000152589024783e-12,0.0,0.08928349463704746,0.22448979591836735,27.631005857139485,0.4885331412944222,0.6326530612244898,0.0,0.4221833640685304,0.14285714285714288,0.26067783567646696,0.30997418175226943,True,1,0.0,0.0,0.0,0.55
2026-02-26,2026-02-26,2026-02-27,2026-03-05,0.0070418419822344,-0.008800437145897,0.1297337578046009,0.0095613700763914,-0.0378699346198794,0.1866688212071114,0.0052532123960695,0.0102164830991264,0.2021103935347847,-0.0011119347664937,-0.002344521224087,0.0248824102234264,0.0003581661891116,0.0096701310438318,0.0341203315055511,0.0072528453470206,0.0304794520547946,0.0880805308958105,0.0010845986984815,0.002171552660152,0.0169590009411785,0.0006961710591746,0.0028816200329051,0.0016620703742317,0.3333333333333333,-0.0120146522679188,0.0283078993946426,-0.0115914696068474,0.000620964128797,-0.0122124337356445,0.0130132017989259,0.0988744811641291,-0.004801973016103,0.000198767640628,0.7502475545516076,Risk-off,test,daily-2026-02-26,2,1.0000762968527692e-12,0.9999999999969998,1.0000762968527692e-12,1.0000762968527692e-12,0.0,0.08928342536748682,0.2268041237113402,27.630944821983235,0.4885308604655286,0.5670103092783506,0.0,0.4221857141669844,0.2061855670103093,0.2606764085711183,0.30997418175226943,True,1,0.0,0.0,0.0,0.6
2026-02-27,2026-02-27,2026-03-02,2026-03-06,-0.0049896291139056,-0.0115987551149784,0.1305700291100683,-0.0024966738391287,-0.0351746818550117,0.1861140346710746,-0.012093269339783,-0.0074420017465921,0.2117747291621414,-0.0034567901234567,-0.003825743551771,0.0254398506744157,0.0008065238820682,0.0090350560173473,0.0342451304618685,0.0157700480930544,0.0365213421593242,0.0893927730713311,0.0022894324617426,0.0031355523396046,0.0174851461965895,0.0006960326140996,0.0029813001422802,0.0016642039085988,0.0,-0.0128607995691183,0.0333857898197196,-0.0198399393577166,0.0008206474379868,-0.0206605867957034,0.0203968647105102,0.1259224426664831,0.0005685214070174,0.0001232114467408,1.0028796082551008,Risk-off,test,daily-2026-02-27,2,1.0052283113257319e-12,0.9999999999969844,1.0052283113257319e-12,1.0052283113257319e-12,0.0,0.08927758631464361,0.125,27.625806424766438,0.4883388397123916,0.6041666666666666,0.0,0.42238357397296483,0.27083333333333337,0.260556274015741,0.30997418175226943,True,1,0.0,0.0,0.0,0.55
2026-03-02,2026-03-02,2026-03-03,2026-03-09,0.0058470962352905,-0.0080783849010792,0.1303011187700636,0.0111072313396851,-0.0221589721324392,0.1823173473517167,0.0127452109485968,0.0160215674947044,0.2076995016158134,-0.0072956597007542,-0.0103550295857988,0.0310356830723815,-0.007071882553039,0.0031654155738447,0.0426747451421893,-0.0014486293737463,0.0284632158843107,0.1013020305921687,-0.003009872381411,-0.0021689360163874,0.0237105688401756,0.0006203399940352,0.0029055931581409,0.0016557662552636,0.3333333333333333,-0.0135204451596435,0.0306321519006982,-0.0118156123430172,0.0007969715082682,-0.0126125838512854,0.0203968647105102,0.1546845733135299,-0.0088143593927559,0.0001992428770671,0.7733352149772494,Risk-off,test,daily-2026-03-02,2,1.000045777411941e-12,0.999999999997,1.000045777411941e-12,1.000045777411941e-12,0.0,0.08928346000252589,0.22448979591836735,27.63097533956136,0.48853200088009674,0.5714285714285715,0.0,0.4221845391173774,0.20408163265306123,0.2606771221234485,0.30997418175226943,True,1,0.0,0.0,0.0,0.6
2026-03-03,2026-03-03,2026-03-04,2026-03-10,-0.0102131374117987,-0.0216850491077199,0.1319789268606854,-0.0103476072186486,-0.0392244545948189,0.1828576426726604,-0.0155318421752173,-0.0112136699977114,0.2144832402149149,-0.0085385472095037,-0.0080475424043579,0.0282373803735015,-0.0072528653295128,0.0073596220243503,0.0388889035747441,-0.0052280311457174,0.0332755632582324,0.0976629524635112,-0.0031302672766675,0.0012091898428052,0.020062473315215,0.0008197064694275,0.0030133931828209,0.0016538035022849,0.0,-0.0154071644287082,0.0320663734154271,-0.0046301059779818,0.0005976095617528,-0.0052277155397346,0.01860960693591,0.1437446940763086,0.0070553995854951,0.0,1.1372483181149318,Risk-off,test,daily-2026-03-03,2,1.0142686243742172e-12,0.9999999999969572,1.0142686243742172e-12,1.0142686243742172e-12,0.0,0.08926737736123981,0.08247422680412371,27.616853330284016,0.4880042483207449,0.5876288659793814,0.0,0.42272837431801524,0.32989690721649484,0.2603469994084944,0.30997418175226943,True,1,0.0,0.0,0.0,0.6
2026-03-04,2026-03-04,2026-03-05,2026-03-11,-0.0115703671643943,-0.0063811581802092,0.1319399398261408,-0.009616008302523,-0.009358982676961,0.1853056511857785,-0.0106584019956156,-0.003881573940178,0.2173576482287715,-0.0064260998517053,-0.0039643211100097,0.0314156819386531,-0.0060904612628751,0.007810371446735,0.0389342801032061,-0.0084528973417861,0.0275472568003687,0.0990637312119993,-0.0034922928709056,0.000725601644697,0.0201934273180947,0.0007202214091426,0.0028135698153175,0.0017255138039025,0.0,-0.0117746925567447,0.0268216551556716,-0.0128442777283145,0.0007968127490036,-0.0136410904773182,0.01860960693591,0.1257714107140694,-0.0055755841957003,9.96015936254313e-05,0.9463728050873088,Risk-off,test,daily-2026-03-04,2,1.0000343328617497e-12,0.999999999997,1.0000343328617497e-12,1.0000343328617497e-12,0.0,0.08928347299053212,0.2268041237113402,27.630986783653157,0.4885324285354973,0.5979381443298969,0.0,0.42218409847397065,0.1752577319587629,0.26067738970574983,0.30997418175226943,True,1,0.0,0.0,0.0,0.6
2026-03-05,2026-03-05,2026-03-06,2026-03-12,-0.0115914696068474,-0.0071117329019657,0.1323001716374208,-0.0005416584597204,0.0052166735451919,0.1744360017836581,-0.0347005526523553,-0.0144326731153078,0.2258318230408876,-0.0095238095238094,-0.0066980898040189,0.0340206587633406,-0.0106516290726816,0.0050922978994272,0.0415469189501632,-0.016395258668439,0.0259995377859949,0.0999902211287962,-0.0045744552786806,-0.0004835005439381,0.0202943942797239,0.000620964128797,0.0028135598669281,0.0017255169221973,0.3333333333333333,-0.0117903877034462,0.0264830383299331,-0.0223833497233271,0.0007967333930882,-0.0231800831164153,0.0223833497233271,0.1553291602821806,-0.0131071024937252,0.0003983666965441,0.7432259313954132,Risk-off,test,daily-2026-03-05,2,1.0000267032343845e-12,0.999999999997,1.0000267032343845e-12,1.0000267032343845e-12,0.0,0.08928348164916253,0.24489795918367346,27.630994413047688,0.4885327136390786,0.5714285714285715,0.0,0.42218380471175904,0.1836734693877551,0.26067756809400433,0.30997418175226943,True,1,0.0,0.0,0.0,0.5
2026-03-06,2026-03-06,2026-03-09,2026-03-13,-0.0198399393577166,-0.0077329476697851,0.1330696358958081,-0.0124158145202456,0.0045558849639046,0.1751743938940968,-0.0402432959718451,-0.0193096978462261,0.2313801237826683,-0.0127601585728444,-0.0104308953185149,0.0375881975249175,-0.0136103151862465,-0.003076923076923,0.0397265661269433,-0.0259854657564413,0.0112025605852765,0.0947595336470641,-0.0054099543159413,-0.0015689114168476,0.0195129851376218,0.0008206474379868,0.0032130473920219,0.0018687776099412,0.3333333333333333,-0.0073539722415918,0.0127714720021242,-0.0150063951931943,0.0006968641114983,-0.0157032593046927,0.0235599392572277,0.1372084874984509,0.0087599274219933,9.955201592815044e-05,0.6731269598967563,Risk-off,test,daily-2026-03-06,2,1.0000152589024783e-12,0.9999999999970001,1.0000152589024783e-12,1.0000152589024783e-12,0.0,0.08928349463704746,0.23958333333333331,27.631005857139485,0.4885331412944222,0.5833333333333334,0.0,0.4221833640685304,0.17708333333333334,0.26067783567646696,0.30997418175226943,True,1,0.0,0.0,0.0,0.5
2026-03-09,2026-03-09,2026-03-10,2026-03-16,-0.0118156123430172,-0.0178824824071124,0.1169339230887379,-0.0005426828265553,-0.0031001394242597,0.1647554867768896,-0.0386262840680793,-0.043015621462531,0.1923433857959349,-0.0013702042850024,-0.0079198119044672,0.0420077392721046,-0.0009015506671475,0.0023516642547032,0.0453048406497948,-0.004240598147528,0.0193054603609779,0.0990621424445805,-0.0004830334500665,-0.0010861694424331,0.0196137644940749,0.0007969715082682,0.0030132141296308,0.0018058559646176,0.0,-0.0102714761591704,0.020391629803411,-0.0136228935379716,0.0005972526378659,-0.0142201461758375,0.0235599392572277,0.1449997872856556,-0.0016070296489599,0.0,0.9510729672712708,Risk-off,test,daily-2026-03-09,2,1.0001869376336774e-12,0.9999999999969995,1.0001869376336774e-12,1.0001869376336774e-12,0.0,0.08928329981113263,0.1836734693877551,27.63083419576253,0.48852672646068535,0.6326530612244898,0.0,0.42218997372818207,0.1836734693877551,0.26067382194969047,0.30997418175226943,True,1,0.0,0.0,0.0,0.6
2026-03-10,2026-03-10,2026-03-11,2026-03-17,-0.0046301059779818,-0.0241660061964121,0.1149897736238508,0.0102895707969012,-0.0106621955983853,0.1621921490040678,-0.0226816849251658,-0.0506594724220622,0.1893677141916769,-0.00099850224663,-0.0108749382105782,0.0416876771533356,-0.0073058537025345,-0.0045224312590448,0.051644930302065,-0.0128592195012859,0.0086837294332724,0.1073008829573555,-0.0009661835748792,-0.0019305019305019,0.0196746200921669,0.0005976095617528,0.0028135101546922,0.0018717882048969,0.0,-0.0063525069515334,0.0106142313637743,-0.0094361912637701,0.0007963368504879,-0.0102325281142581,0.0219882453705069,0.1500562376475867,-0.0012552054106734,0.0001990842126218,0.9253869281636552,Risk-off,test,daily-2026-03-10,2,1.0001602301176301e-12,0.9999999999969996,1.0001602301176301e-12,1.0001602301176301e-12,0.0,0.08928333011846137,0.125,27.63086089864339,0.48852772432421526,0.6041666666666666,0.0,0.4221889455573233,0.27083333333333337,0.26067444630575876,0.30997418175226943,True,1,0.0,0.0,0.0,0.6
2026-03-11,2026-03-11,2026-03-12,2026-03-18,-0.0128442777283145,-0.0228139628966075,0.1148648595406675,-0.0050102333196888,-0.0061818241287389,0.1614488130290482,-0.0340388141809291,-0.0500075142771266,0.1893751728422507,-0.0067164179104478,-0.012122711528946,0.0421041709005823,-0.0163107146075516,-0.0149792456235335,0.057838935755253,-0.022546270330903,-0.0157008923528747,0.1088892477202942,-0.0013293051359516,-0.0034969251175691,0.0197240764087468,0.0007968127490036,0.0029133124507123,0.0018762510055873,0.0,0.0028565340945875,-0.0122039672353055,-0.0220306655035265,0.0006966560509553,-0.0227273215544818,0.0220306655035265,0.1722747698991861,-0.0151848949477327,9.952229299381445e-05,0.7507398152241035,Risk-off,test,daily-2026-03-11,2,1.0000343328617497e-12,0.999999999997,1.0000343328617497e-12,1.0000343328617497e-12,0.0,0.08928347299053212,0.2105263157894737,27.630986783653157,0.4885324285354973,0.5789473684210527,0.0,0.42218409847397065,0.2105263157894737,0.26067738970574983,0.30997418175226943,True,1,0.0,0.0,0.0,0.6
2026-03-12,2026-03-12,2026-03-13,2026-03-19,-0.0223833497233271,-0.037429909243309,0.1251223610970719,-0.0191325483240544,-0.0258518047332453,0.1716942572583125,-0.0364153294905748,-0.0662011700320814,0.2010341216512412,-0.0091158841158841,-0.0183100334034393,0.0467626331851388,-0.0177327422419253,-0.0192411924119242,0.0601589558847208,-0.020497803806735,-0.01237792414263,0.1076778188379616,-0.0022977385415406,-0.004224502112251,0.0202739739255118,0.0007967333930882,0.0030131246832414,0.0018058458232915,0.0,0.0009311590084848,-0.008153422030379,-0.0093985526829414,0.0005970743357548,-0.0099956270186962,0.0163836670194844,0.1433360563084509,-0.0056601507371707,0.0002985371678774,0.9491184296200595,Risk-off,test,daily-2026-03-12,2,1.0000572220931057e-12,0.9999999999969998,1.0000572220931057e-12,1.0000572220931057e-12,0.0,0.08928344701444689,0.125,27.630963895469563,0.4885315732246622,0.6041666666666666,0.0,0.4221849797608909,0.27083333333333337,0.26067685454124406,0.30997418175226943,True,1,0.0,0.0,0.0,0.5
2026-03-13,2026-03-13,2026-03-16,2026-03-20,-0.0150063951931943,-0.0278597325583102,0.1154929031082557,-0.0100541892455189,-0.0115210442194991,0.1574787463107912,-0.0171389852126429,-0.0498959697927102,0.1906645387535121,-0.0061488267034759,-0.019680653546231,0.0468568530481237,-0.0180646332607116,-0.0274231253371695,0.0569695280102943,-0.0217047252995702,-0.0301468116104448,0.0952183013054921,-0.0021757524477216,-0.004582177740263,0.0200360288897912,0.0006968641114983,0.0031128574474321,0.0018745705418612,0.0,0.0077424717909384,-0.0255646338701818,-0.0180026891542978,0.0005968961400715,-0.0185995852943693,0.030446191803694,0.1686604727655929,0.0101768107626567,0.0,0.7086407725900168,Risk-off,test,daily-2026-03-13,2,1.000019073665228e-12,0.999999999997,1.000019073665228e-12,1.000019073665228e-12,0.0,0.08928349030776057,0.22448979591836735,27.63100204244222,0.48853299874264466,0.5918367346938775,0.0,0.4221835109495947,0.1836734693877551,0.2606777464823019,0.30997418175226943,True,1,0.0,0.0,0.0,0.55
2026-03-16,2026-03-16,2026-03-17,2026-03-23,-0.0136228935379716,-0.0186578657865787,0.1224522349855911,-0.0121429511649334,-0.0025584795321637,0.1627323460488676,-0.018531661540888,-0.0533921508974748,0.1870266435178165,-0.0089809155544468,-0.0173160173160171,0.0487840041052534,-0.0192203573362208,-0.0259879917555336,0.0588057512024145,-0.0226381261907431,-0.0279759251003121,0.0977163171456003,-0.0014498006524101,-0.004936190705514,0.0196485918212508,0.0005972526378659,0.0027136879856546,0.0017170469754725,0.0,0.0086719744395165,-0.023039734394798,-0.017688492995739,0.0005968961400715,-0.0182853891358105,0.030446191803694,0.170328866135526,0.0026306742597492,0.0001989653800238,0.6457232546724198,Risk-off,test,daily-2026-03-16,2,1.000030518040791e-12,0.999999999997,1.000030518040791e-12,1.000030518040791e-12,0.0,0.08928347731985137,0.22448979591836735,27.630990598350422,0.48853257108728976,0.5918367346938775,0.0,0.4221839515928589,0.1836734693877551,0.2606774788998716,0.30997418175226943,True,1,0.0,0.0,0.0,0.55
2026-03-17,2026-03-17,2026-03-18,2026-03-24,-0.0094361912637701,-0.0176612726074542,0.1227833662494378,-0.0073383023183112,0.0033427573590554,0.1636237063853284,-0.0130644142721818,-0.0493841240875913,0.1885192857005569,-0.0028735632183908,-0.0123747061007301,0.0524211889937161,-0.0069053243685263,-0.0214861235452104,0.0633203313517476,-0.0094019030357951,-0.0269277845777233,0.098240430708801,-0.0007253384912959,-0.0044562206431411,0.0196858271643866,0.0007963368504879,0.0029131932956398,0.001652822982917,0.3333333333333333,0.0091114174444802,-0.0224715639345822,-0.0235546564940362,0.0006962403023669,-0.0242508967964031,0.030446191803694,0.1618052657456629,-0.0139536963878411,9.9462900338132e-05,0.4201301459297329,Risk-off,test,daily-2026-03-17,2,9.999885559706862e-13,0.9999999999969997,9.999885559706862e-13,9.999885559706862e-13,0.0,0.08928351195411083,0.2857142857142857,27.63102111592555,0.4885337115013817,0.5714285714285714,0.0,0.4221827765445076,0.14285714285714285,0.26067819245316404,0.30997418175226943,True,1,0.0,0.0,0.0,0.6
2026-03-18,2026-03-18,2026-03-19,2026-03-25,-0.0220306655035265,-0.0362237538066998,0.1290274693687352,-0.0210469153680331,-0.0179765265190907,0.1686119089511791,-0.0270120624876408,-0.0680707602560702,0.1930422548674727,-0.0057600801402453,-0.0186627116549251,0.054280550754358,-0.0041223891535361,-0.0258087642261852,0.0651457627624257,-0.0021230204268992,-0.0287613090584162,0.0990805481001487,-0.0015730880929331,-0.0056640154254037,0.020451527435042,0.0006966560509553,0.00281342079727,0.0016478345927457,0.0,0.0071460525712601,-0.0230972936330124,-0.0042183491032967,0.0005967180507207,-0.0048150671540174,0.0167258833134268,0.1505510731287045,-0.0024643575283854,0.0,0.845768880434517,Risk-off,test,daily-2026-03-18,2,1.0004769508601102e-12,0.9999999999969986,1.0004769508601102e-12,1.0004769508601102e-12,0.0,0.08928297073463451,0.18556701030927833,27.630544278770344,0.4885158925018329,0.6391752577319587,0.0,0.42220113676353244,0.17525773195876287,0.26066704326058077,0.30997418175226943,True,1,0.0,0.0,0.0,0.6
2026-03-19,2026-03-19,2026-03-20,2026-03-26,-0.0093985526829414,-0.0360565684899486,0.1290142454439287,-0.0070990858252687,-0.0173165194624422,0.1684718309036217,0.0008892122387937,-0.0641345427059714,0.1952891000538872,0.0039067422810334,-0.0158141833456881,0.0561540182095842,0.0057106014552823,-0.0222958452722064,0.0678939723683278,0.0059790732436471,-0.0237670162910065,0.1023943708429402,-0.0001212121212121,-0.0059050373583997,0.0204250952330209,0.0005970743357548,0.0027136879856544,0.0017170469754724,0.0,0.0064816619265182,-0.0178619789326067,-0.0195856972851408,0.0006961710591744,-0.0202818683443152,0.0195856972851408,0.1944753004199029,-0.0142967581085174,0.0002983590253606,0.8560873402652419,Risk-off,test,daily-2026-03-19,2,1.0004120721801106e-12,0.9999999999969988,1.0004120721801106e-12,1.0004120721801106e-12,0.0,0.08928304434790588,0.15789473684210525,27.63060912862386,0.48851831588926636,0.5789473684210527,0.0,0.4221986397628277,0.2631578947368421,0.26066855954090945,0.30997418175226943,True,1,0.0,0.0,0.0,0.6
2026-03-20,2026-03-20,2026-03-23,2026-03-27,-0.0180026891542978,-0.0566598508913159,0.1316243873610397,-0.0196388870174494,-0.04393817447151,0.1754567804900242,-0.0177217243197209,-0.0846150939117947,0.205601227712649,-0.0035353535353535,-0.025679012345679,0.0633513326861627,-0.0029583063696034,-0.033515547988171,0.0785572016189012,-0.0082042985902474,-0.0400402639525779,0.1203394103326093,-0.0029073288915808,-0.0081937582841304,0.021414755404264,0.0005968961400715,0.0028133910470031,0.0018000299808986,0.0,0.0078365356424919,-0.0318465056684474,-0.0223260403657279,0.0006959634122087,-0.0230220037779367,0.0346061325781796,0.2044910753183796,0.010500023127804,0.0,1.0134161514159656,Risk-off,test,daily-2026-03-20,2,1.0000462249320504e-12,0.9525741268205281,0.04742587317747193,1.0000462249320504e-12,0.0,0.0003372490050217783,0.08247422680412371,27.582387540489094,0.0006424180890108113,0.3814432989690722,24.582387540489094,0.9990203329059675,0.5360824742268041,0.0003396467490422609,0.30997418175226943,True,1,0.0,0.0,0.0,0.5
2026-03-23,2026-03-23,2026-03-24,2026-03-30,-0.017688492995739,-0.0369204303535215,0.1367543895402703,-0.0206202738265764,-0.0222976006384995,0.1765556607299858,-0.0059055118110236,-0.0500595032438866,0.220438426109337,-0.0001258653241033,-0.0176827006306418,0.06921994600076,-0.0011960621952341,-0.028198012711485,0.0834128562848113,-0.0094599243206052,-0.0373857811455313,0.122468797515834,-0.0026618269812461,-0.0075848784011557,0.0219951182753611,0.0005968961400715,0.0026140047479581,0.0018521483290546,0.0,0.0105153120808432,-0.0298009027443756,-0.0357197351155056,0.00079538675681,-0.0365151218723156,0.0378338053043453,0.1594292056853405,-0.0033568311513931,0.0002982700338036,0.8247202807290743,Risk-off,test,daily-2026-03-23,2,1.0001144474635797e-12,0.9999999999969997,1.0001144474635797e-12,1.0001144474635797e-12,0.0,0.08928338207296038,0.15789473684210525,27.63090667501058,0.48852943494697737,0.5789473684210527,0.0,0.4221871829800623,0.2631578947368421,0.2606755166316733,0.30997418175226943,True,1,0.0,0.0,0.0,0.6
2026-03-24,2026-03-24,2026-03-25,2026-03-31,-0.0235546564940362,-0.0470796945219097,0.1324987805677728,-0.0320399131458121,-0.0393011663678088,0.1719262588452081,-0.0050789842031594,-0.0552538639729616,0.2168338621246666,-0.008019045232427,-0.0202945180051974,0.069788455945118,-0.008783165599268,-0.0299068767908309,0.0833254834606525,-0.0164665523156088,-0.0432703003337041,0.121971065938157,-0.0042342124364866,-0.0090296171442331,0.0222671404586095,0.0006962403023669,0.0029130544610462,0.0018757777898203,0.0,0.0096123587856334,-0.034240683189471,-0.0043479592149178,0.0004969684921973,-0.0048449277071151,0.0378338053043453,0.3068201692974761,0.0055727364585567,0.0,0.9065589881916786,Risk-off,test,daily-2026-03-24,2,1.0015194026330025e-12,0.9999999999969955,1.0015194026330025e-12,1.0015194026330025e-12,0.0,0.08928178827205593,0.12631578947368421,27.62950286641683,0.48847697560078523,0.6105263157894737,0.0,0.42224123612715886,0.2631578947368421,0.26064269400812173,0.30997418175226943,True,1,0.0,0.0,0.0,0.55
2026-03-25,2026-03-25,2026-03-26,2026-04-01,-0.0042183491032967,-0.0497874091428891,0.1297592339720364,-0.0119011598587996,-0.0467989881299861,0.1639989469636362,0.0235753190797496,-0.0482273792425731,0.2218250981007991,0.0002518891687657,-0.0185368264953039,0.0708827049672664,0.0001839757152057,-0.0261531571876399,0.0851965161655506,-0.0013225231441549,-0.0341452563674785,0.1288542992797679,-0.0013331717367591,-0.0077071290944122,0.0229291912727131,0.0005967180507207,0.0028133613144798,0.0019402298552865,0.0,0.007616330692336,-0.0264381272730662,-0.0024055296732745,0.0007224828545868,-0.0031280125278614,0.0378338053043453,0.3096590377117062,-0.017858774093359,9.939369843969814e-05,0.9526140940204564,Risk-off,test,daily-2026-03-25,2,1.0004922170433367e-12,0.9999999999969986,1.0004922170433367e-12,1.0004922170433367e-12,0.0,0.08928295341352523,0.12371134020618557,27.63052901998128,0.48851532229286593,0.5670103092783506,0.0,0.42220172429360886,0.30927835051546393,0.26066668648919034,0.30997418175226943,True,1,0.0,0.0,0.0,0.6
2026-03-26,2026-03-26,2026-03-27,2026-04-02,-0.0195856972851408,-0.061544527881526,0.1404848307968207,-0.032427236855418,-0.0581872496881361,0.1780306190684793,-0.0007672737551992,-0.0697394638896199,0.2259825759185446,-0.0092894802912376,-0.0238713667285095,0.0733977021568902,-0.0119974356626064,-0.0343716433941998,0.0878803534769007,-0.0157732312264258,-0.0460839703112883,0.1290925764998174,-0.0032731240150321,-0.0102323341759961,0.0235999540071342,0.0006961710591744,0.0027136879856541,0.0019326730242821,0.0,0.0105002766656903,-0.0358516361352921,0.0166488396967861,0.0010217215342767,0.0156271181625093,0.0203382473763351,0.2686886745778961,-0.0170518842332076,0.0002981514609421,1.0442646237246591,Risk-off,test,daily-2026-03-26,2,1.0000331222669501e-12,0.9626731126539452,0.0373268873440548,1.0000331222669501e-12,0.0,0.000359432423095946,0.12371134020618557,27.592946622520344,0.0006921931088367043,0.5360824742268041,24.342946622520344,0.9989483744680674,0.3402061855670103,0.00036460392816205776,0.30997418175226943,True,1,0.0,0.0,0.0,0.6
2026-03-27,2026-03-27,2026-03-30,2026-04-06,-0.0223260403657279,-0.0730959939244177,0.1488921325291231,-0.0334673401367554,-0.0736221574536052,0.1875458238712447,0.0036330608537693,-0.0700432271144946,0.2262434700848419,-0.0025342118601114,-0.0247770069375619,0.0735399665311717,-0.002132591562355,-0.0363538681948424,0.0877564037024724,-0.0022136782010951,-0.0570358951772737,0.1255662414462282,0.000971935366298,-0.0094974753546526,0.0244980363847099,0.0006959634122087,0.0028133216986891,0.0020065951869243,0.0,0.0115768612572805,-0.047538419822621,0.0391742497121854,0.0008229982709753,0.0383512514412101,0.0033433739689949,0.1997937625054555,-0.0033433739689949,9.935419771478492e-05,1.1563513788812982,Risk-off,test,daily-2026-03-27,2,1.000037070602736e-12,0.8175744761920084,0.18242552380599147,1.000037070602736e-12,0.0,0.00023336765409482881,0.0816326530612245,27.429570768028157,0.00041556106813514694,0.5816326530612245,25.929570768028157,0.99935107127777,0.33673469387755106,0.00022495419288190492,0.30997418175226943,True,1,0.0,0.0,0.0,0.6
2026-03-30,2026-03-30,2026-03-31,2026-04-07,-0.0357197351155056,-0.0767198851600482,0.1480336476464585,-0.0505442176870748,-0.0819122169415712,0.1870313239268922,-0.0316831683168316,-0.091732686403093,0.2241248620097484,-0.007930513595166,-0.0183109118086696,0.0722499142292118,-0.0023028739867354,-0.0235304724125495,0.090331430893233,0.0045725531052844,-0.0315812967302756,0.1316922301414384,0.0008492053863884,-0.0037435092380148,0.0203025394837744,0.00079538675681,0.0027894002789394,0.0020111011669849,0.0,0.0052195606038799,-0.0278377874922608,0.0431191354019968,0.0008232061510871,0.0422959292509097,0.0,0.1879829807854866,0.0290678354985205,0.0,1.295132667242453,Risk-off,test,daily-2026-03-30,2,9.999816907919814e-13,0.14804719803139338,0.8519528019666065,9.999816907919814e-13,0.0,0.0001305715192805699,0.052631578947368425,25.72079696548846,0.00019519258433834245,0.2631578947368421,27.47079696548846,0.999674235896381,0.6842105263157895,0.00011291448322260659,0.30997418175226943,True,2,0.0,0.0,0.0,0.6
2026-03-31,2026-03-31,2026-04-01,2026-04-08,-0.0043479592149178,-0.041432976414902,0.1873481605042715,-0.0116442343915889,-0.040559859037867,0.2287061622264947,-0.0031353002652946,-0.04335750655763,0.2592834435349475,0.0049261083743843,-0.0069895157264103,0.0809917968792661,0.0059996307919512,-0.0169567962478579,0.0941247842256087,0.0079060574351819,-0.0306384882030639,0.1316945107146745,0.0031587899404688,-0.0027777777777778,0.020633132807457,0.0004969684921973,0.0025896414342623,0.0020561795413237,0.0,0.0099672805214475,-0.027860710425286,0.0394716609773346,0.0008232061510871,0.0386484548262475,0.0,0.1633410627281279,0.0075345204047112,0.000225402344526,1.0865424093590048,Risk-off,test,daily-2026-03-31,2,1.0085930762906562e-12,0.9999999999969743,1.0085930762906562e-12,1.0085930762906562e-12,0.0,0.08927378110813691,0.08247422680412371,27.62246474996175,0.4882139584102005,0.6391752577319588,0.0,0.42251226048166246,0.27835051546391754,0.2604781569045946,0.30997418175226943,True,1,0.0,0.0,0.0,0.55
2026-04-01,2026-04-01,2026-04-02,2026-04-09,-0.0024055296732745,-0.0409769246248985,0.1876643776916223,-0.005971215678269,-0.0432910356119525,0.226035761055505,-0.0089746644428559,-0.0466075794621027,0.257491144464064,-0.0006295643414756,-0.0128109452736318,0.0799849127759672,-0.000643796560287,-0.020816436874831,0.0941948930366897,-0.0066789497927222,-0.0324172742568704,0.1321502239675092,-0.0009708737864079,-0.0051963746223565,0.0230149734840235,0.0007224828545868,0.0028156274900392,0.0020235489271876,0.0,0.0080054916011992,-0.0272208996345139,0.0376503265978873,0.0006972806056377,0.0369530459922495,0.0,0.1640109915612108,0.0009004334289723,0.0003984460603643,1.1188296980850778,Risk-off,test,daily-2026-04-01,2,1.0041322018405612e-12,0.9999999999969876,1.0041322018405612e-12,1.0041322018405612e-12,0.0,0.08927882731045944,0.061855670103092786,27.626897428184407,0.48837961083804365,0.3505154639175258,0.0,0.42234156185149696,0.5876288659793814,0.26058177979394137,0.30997418175226943,True,1,0.0,0.0,0.0,0.6
2026-04-02,2026-04-02,2026-04-06,2026-04-10,0.0166488396967861,-0.0347314521285562,0.1874464722414168,0.0195019083636871,-0.0392997323085512,0.2262985423766169,0.0155593275137406,-0.0213039414238978,0.251416500875958,0.0081094779523567,-0.0064935064935064,0.0796459240307358,0.0114942528735633,-0.0127567176332217,0.0953009083237317,0.0078968760887239,-0.0225250591282801,0.1345924475943558,0.0017027487229384,-0.0039908090458338,0.0230913370823176,0.0010217215342767,0.0031152835452532,0.002212468714231,0.0,0.0062632111397152,-0.0185342500824463,0.0360306786819755,0.0006970028875832,0.0353336757943922,0.0006618523039811,0.1682679199283036,0.0047268346980162,9.95718410832236e-05,1.0971343182772373,Risk-off,test,daily-2026-04-02,2,1.0001068172249908e-12,0.9999999999969997,1.0001068172249908e-12,1.0001068172249908e-12,0.0,0.08928339073193034,0.08247422680412371,27.63091430440511,0.488529720050718,0.6391752577319588,0.0,0.42218688921735165,0.27835051546391754,0.26067569501947624,0.30997418175226943,True,1,0.0,0.0,0.0,0.6
2026-04-06,2026-04-06,2026-04-07,2026-04-13,0.0391742497121854,-0.0172882840812419,0.1837040829777871,0.0460734473319348,-0.0187578157565652,0.222397570783832,0.0380913204442616,0.0058591414564153,0.2381584085636072,0.0124491869918699,0.0001254862592545,0.0780768145969005,0.0123582977141794,-0.0109840232389251,0.0948333063716029,0.0117935544138254,-0.0204612254126157,0.1342576343858848,-0.0013351134846462,-0.0054393811193037,0.0230984520016066,0.0008229982709753,0.0028156772122809,0.002023691025813,0.3333333333333333,0.0111095094981796,-0.0150218442933119,0.0412335149408888,0.0006969334926325,0.0405365814482563,0.0006618523039811,0.167503633176899,0.0004401074469218,9.95619275190318e-05,0.6403906512771784,Risk-off,test,daily-2026-04-06,2,9.999885559706862e-13,0.9999999999969997,9.999885559706862e-13,9.999885559706862e-13,0.0,0.08928351195411083,0.22448979591836735,27.63102111592555,0.4885337115013817,0.5918367346938775,0.0,0.4221827765445076,0.1836734693877551,0.26067819245316404,0.30997418175226943,True,1,0.0,0.0,0.0,0.6
2026-04-07,2026-04-07,2026-04-08,2026-04-14,0.0431191354019968,-0.0253932695605249,0.1802990124962145,0.0542917532421007,-0.0315420560747662,0.2160573401303922,0.0555068653228161,-0.0027994637646873,0.235061439084982,0.0115467580256312,-0.0056130722215292,0.0748080991252478,0.0070168959468193,-0.0157913733983036,0.0919135062784916,-0.0016132749481447,-0.0290261122940714,0.129363935909259,-0.0019393939393939,-0.0051951190044701,0.0232211410313821,0.0008232061510871,0.0028156871507902,0.0020236883594036,0.0,0.0101783011767743,-0.0238309932896013,0.0534571159855585,0.0005973120955697,0.0528598038899887,0.0006618523039811,0.1535856291640603,0.0254694942507811,0.0,0.9203593080147034,Risk-off,test,daily-2026-04-07,2,9.999923706315724e-13,0.9999999999969997,9.999923706315724e-13,9.999923706315724e-13,0.0,0.08928351195411083,0.1836734693877551,27.63102111592555,0.4885337115013817,0.5612244897959184,0.0,0.4221827765445076,0.25510204081632654,0.26067819245316404,0.30997418175226943,True,1,0.0,0.0,0.0,0.5
2026-04-08,2026-04-08,2026-04-09,2026-04-15,0.0394716609773346,0.0010381689744582,0.2036425156939661,0.0500883606500572,-0.0027642035638481,0.2429254257629436,0.0502822580645161,0.028062835491001,0.2578505614212902,0.007918552036199,0.0018740629685156,0.0777104907235709,0.0045875768419121,-0.0051789932763947,0.0903680209732942,0.0026531318491176,-0.0154055278658812,0.1255889563837174,-0.0018166404263048,-0.0036266924564796,0.02358169458979,0.0008232061510871,0.0028156871507902,0.0020236883594036,0.6666666666666666,0.0070530562449103,-0.0117788354094016,0.035398884631884,0.0007964161274263,0.0346024685044576,0.0006618523039811,0.077599136308842,0.0057691454268424,9.955201592815044e-05,0.4344358504672894,Risk-off,test,daily-2026-04-08,2,1.0000076294206353e-12,0.9999999999970001,1.0000076294206353e-12,1.0000076294206353e-12,0.0,0.089283503295597,0.22916666666666669,27.631013486534016,0.48853342639796554,0.5833333333333334,0.0,0.42218307030643737,0.1875,0.26067801406482904,0.30997418175226943,True,1,0.0,0.0,0.0,0.6
2026-04-09,2026-04-09,2026-04-10,2026-04-16,0.0376503265978873,0.0080786495243594,0.2045334490415798,0.0442915575636222,0.0041139396731886,0.2441167605872841,0.0496874499118447,0.0360292663634564,0.2579105584848958,0.0114652891520725,0.005259203606311,0.0772762744867212,0.0076385054297809,0.0030230853792598,0.0853703777266769,0.005100857871551,-0.0050493458801927,0.1173875554632382,0.0014577259475219,-0.0024201355275895,0.0234370873245128,0.0006972806056377,0.0027158945696965,0.0020163675341515,1.0,0.0022361182270511,-0.0026292103526032,0.0319895280257684,0.0006967947441769,0.0312927332815915,0.0006618523039811,0.084168424439923,-0.0006618523039811,0.0003981684252438,0.2542944416402021,Risk-off,test,daily-2026-04-09,2,9.999656683109553e-13,0.9999999999969998,9.999656683109553e-13,9.999656683109553e-13,0.0,0.08928351195411083,0.24999999999999997,27.63102111592555,0.4885337115013817,0.5833333333333334,0.0,0.4221827765445076,0.16666666666666666,0.26067819245316404,0.30997418175226943,True,1,0.0,0.0,0.0,0.5
2026-04-10,2026-04-10,2026-04-13,2026-04-17,0.0360306786819755,0.0229447590511022,0.1961029712372714,0.0445998153783036,0.0231222583129626,0.2352178456063263,0.0398344542162443,0.056141627258397,0.2434502108400629,0.0050276520864755,0.0076874606175172,0.0749680183159555,0.000733137829912,0.0058027079303675,0.0835260998336605,-0.0034566194262013,-0.0055191445325974,0.1174912163127456,0.0006070908207866,-0.0010909090909091,0.02271680928267,0.0006970028875832,0.0030153219936517,0.0022143850081676,1.0,0.0018847526871497,-0.0044282354416883,0.0451535042533777,0.0005970149253731,0.0445564893280046,0.0,0.0636084449985601,0.0097724663703528,9.95024875622974e-05,0.1018924832252993,Risk-off,test,daily-2026-04-10,2,1.0067787009437864e-12,0.9999999999969797,1.0067787009437864e-12,1.0067787009437864e-12,0.0,0.08927583217280435,0.5612244897959184,27.624265287071125,0.48828124640979975,0.35714285714285715,0.0,0.4224429214173959,0.0816326530612245,0.2605202463755818,0.30997418175226943,True,1,0.0,0.0,0.0,0.6
2026-04-13,2026-04-13,2026-04-14,2026-04-20,0.0412335149408888,0.0388213376678472,0.1965859477117137,0.049090909090909,0.0398672775045474,0.2357251547246817,0.0503645585671261,0.0749422117685225,0.2456319109952361,0.0070263488080302,0.0133838383838384,0.0753624040291813,0.0061496099128039,0.0134048257372654,0.083034599308012,0.0011540680900172,0.0024266235266927,0.1166651328854846,0.002309188138065,-0.0009691096305269,0.0227678698063496,0.0006969334926325,0.0028157467403184,0.0021497390322615,1.0,-2.0987353426926703e-05,0.0033957331572197,0.0329689549628335,0.0005969555268132,0.0323719994360203,0.0019996057115497,0.0985098272750946,0.0121848127095176,0.0,0.006496229730395,Mixed,test,daily-2026-04-13,1,0.26894142136945726,0.7310585786285427,9.999592910916102e-13,9.999592910916102e-13,26.317759428408326,0.23746270062905545,0.6326530612244898,27.317759428408326,0.7617827386028404,0.28571428571428575,0.0,0.0007545607681042463,0.0816326530612245,0.09063709259045868,0.30997418175226943,True,1,0.0,0.0,0.0,0.6
2026-04-14,2026-04-14,2026-04-15,2026-04-21,0.0534571159855585,0.0408862784250034,0.1978219189781301,0.0679760104656892,0.0470035644092075,0.2405384032699109,0.0625123561741332,0.0795436284750121,0.2474377731329186,0.0097842448569995,0.0132158590308368,0.0752920805794141,0.0083432657926103,0.0118686171680928,0.082202069290329,0.006578947368421,0.0,0.1148662187106209,0.0023075054651444,-0.0014519056261343,0.022475946820583,0.0005973120955697,0.0028157467403184,0.0021497390322615,1.0,0.001347241862744,0.0014519056261343,0.0138524897042304,0.0007959407024173,0.013056549001813,0.0085335285999942,0.1184378512925366,0.0078910232410793,0.0001989851756043,-0.0295249284082825,Mixed,test,daily-2026-04-14,1,0.8807970779761208,0.11920292202187915,9.999488213193883e-13,9.999488213193883e-13,27.504093104883577,0.263512491637327,0.6391752577319588,25.504093104883577,0.7357612386283989,0.288659793814433,0.0,0.0007262697342742263,0.07216494845360825,0.10167379543842762,0.30997418175226943,True,0,0.0,0.0,0.0,0.55
2026-04-15,2026-04-15,2026-04-16,2026-04-22,0.035398884631884,0.0463473372325609,0.1988947916238355,0.0516589945387648,0.05650494770516,0.2439356077218432,0.0342457864629321,0.077344531093781,0.2474796195333879,0.0033670033670032,0.0081443428141836,0.0739736905637868,0.0041099643803086,0.0058554437328453,0.0800815812476916,-0.0010354348826507,-0.0070897655803316,0.1153984465815758,0.0010919679689396,-0.0018146624727799,0.022471636118579,0.0007964161274263,0.0028157665876893,0.0021497461606902,1.0,0.0022888990813383,-0.0052751031075517,0.0161013801182958,0.0006963095593353,0.0154050705589605,0.0085335285999942,0.1253789848242951,0.0024573534874419,0.0,-0.0867485784270386,Mixed,test,daily-2026-04-15,1,1.011070040732218e-12,0.9999999999969669,1.011070040732218e-12,1.011070040732218e-12,0.0,0.0892709840693494,0.3877551020408163,27.620011899619954,0.488122291427735,0.47959183673469385,0.0,0.4226067245029157,0.1326530612244898,0.22233358225462413,0.30997418175226943,True,1,0.0,0.0,0.0,0.6
2026-04-16,2026-04-16,2026-04-17,2026-04-23,0.0319895280257684,0.0637619944097023,0.1893637818946422,0.0496238876415542,0.0766011094301564,0.2357474608371063,0.0305008398228736,0.0972685147548979,0.2361823192378857,0.000871948181365,0.0119647355163725,0.0713851956410113,-0.0005479952507077,0.0066231257474014,0.0794072012254226,-0.0048442906574395,-0.0077626358461272,0.1158351881621804,0.0004852013585638,-0.0003635922918434,0.0215665179577552,0.0006967947441769,0.0027160335427778,0.0022033197981444,1.0,0.0053416097689711,-0.0073990435542837,0.0096770515634352,0.000795782353526,0.0088812692099091,0.0085335285999942,0.135488888036547,0.0120856255166317,0.0002984183825722,-0.3251116088255559,Mixed,test,daily-2026-04-16,1,0.999999999996974,1.0086854199717557e-12,1.0086854199717557e-12,1.0086854199717557e-12,27.622373197227375,0.6307699135169795,0.6326530612244898,0.0,0.3454168862225085,0.30612244897959184,0.0,0.023813200260511997,0.061224489795918366,0.30996231794185636,0.30997418175226943,True,0,0.0,0.0,0.0,0.55
2026-04-17,2026-04-17,2026-04-20,2026-04-24,0.0451535042533777,0.0792779502548943,0.1906680429265906,0.0618259773839331,0.0941452227580859,0.2364357620318456,0.0554152315346343,0.1136776642571577,0.2436199516722289,0.0086293146573288,0.0124278182274668,0.0716311340749634,0.0076923076923076,0.0077845956589432,0.0802972633595185,0.0067059775696611,-0.0048005486341295,0.1185356261467387,0.0027909234316223,0.0018184022305733,0.0226293899871631,0.0005970149253731,0.0030152624396868,0.0022142733952394,1.0,0.0046432225685235,-0.0066189508647029,0.0053510575379505,0.0007955449482897,0.0045555125896608,0.0085335285999942,0.1173495053242132,-0.0019996057115497,9.944311853637976e-05,-0.4354040843450299,Risk-on,test,daily-2026-04-17,0,0.952574126820528,0.047425873177471926,1.0000424100657268e-12,1.0000424100657268e-12,27.58239135518636,0.27535578531164756,0.6326530612244898,24.58239135518636,0.7238270579447906,0.30612244897959184,0.0,0.0008171567435618364,0.061224489795918366,0.3604858820027904,0.30997418175226943,False,0,0.0,0.0,0.0,0.5
2026-04-20,2026-04-20,2026-04-21,2026-04-27,0.0329689549628335,0.0927424950275213,0.1797974953144519,0.0476198189151102,0.1112084664811188,0.2224330937464557,0.0463273852189989,0.1450334406737676,0.2211840996543698,0.0039870421131322,0.0210339584389254,0.0617193633799789,0.0037401933953657,0.0202132591562356,0.0649815094486538,0.0034582132564842,0.0142141442386112,0.0956562805751902,0.0015763307869527,0.0035232657028305,0.0211186374107451,0.0005969555268132,0.0028158062587517,0.0021498089633706,1.0,0.0008206992826897,0.0106908785357806,0.0091009143244158,0.0006960326140996,0.0084048817103161,0.0065470143357037,0.1141064930551485,-0.0065470143357037,0.0001988664611711,-0.5251690395120375,Risk-on,test,daily-2026-04-20,0,0.999999999997,1.000041962547325e-12,1.000041962547325e-12,1.000041962547325e-12,27.630979154258625,0.6308425352766871,0.6326530612244898,0.0,0.3453986000698419,0.30612244897959184,0.0,0.023758864653471008,0.061224489795918366,0.14901300785908453,0.30997418175226943,True,0,0.0,0.0,0.0,0.6
2026-04-21,2026-04-21,2026-04-22,2026-04-28,0.0138524897042304,0.07430803503311,0.1824220381972988,0.0250238625517023,0.0957993197278912,0.2239548923726989,0.0215465912473948,0.1093554253384523,0.2219736123087918,-0.001614906832298,0.0117069486404834,0.059356730561934,-0.0033642480450991,0.0096720707442887,0.0636214223585688,-0.007338607957803,0.0021415755050064,0.0955691124730918,-0.0006058403004967,0.0006065752759916,0.0213031610089925,0.0007959407024173,0.0030152326893491,0.0020924222910015,1.0,0.0020348778961947,0.0015350002290148,0.0108084308601297,0.000695894224078,0.0101125366360517,0.0048659759218085,0.1067121354864566,0.0101266901488468,9.941346058250922e-05,-0.3832077743070848,Mixed,test,daily-2026-04-21,1,0.999999999997,1.000030518040791e-12,1.000030518040791e-12,1.000030518040791e-12,27.630990598350422,0.6308426317977132,0.6326530612244898,0.0,0.3453985757231169,0.30612244897959184,0.0,0.023758792479170066,0.061224489795918366,0.3099747665806304,0.30997418175226943,False,0,0.0,0.0,0.0,0.6
2026-04-22,2026-04-22,2026-04-23,2026-04-29,0.0161013801182958,0.0888422793104499,0.1818281560265053,0.0277847505491057,0.1218021165108393,0.2235063831084098,0.0263187200712722,0.111343355575207,0.2220743397324876,0.0004971414367387,0.0167992926613615,0.0575298274226777,-0.0010915044569765,0.0136606978032121,0.0630908199402599,-0.0010365081193136,0.0084873851877687,0.094273755374356,0.0001211974306143,0.0025513303365325,0.0206090451125205,0.0006963095593353,0.0028158359913477,0.00202417750886,1.0,0.0031385948581494,0.0059360548512361,0.0005202401541035,0.0006958250497015,-0.0001755848955979,0.0050197855055439,0.0800507887850157,-0.0038807103387183,9.940357852888936e-05,-0.5253367637687684,Risk-on,test,daily-2026-04-22,0,0.9999999999969996,1.0001487842576388e-12,1.0001487842576388e-12,1.0001487842576388e-12,27.630872342735188,0.630841634407319,0.7346938775510204,0.0,0.34539882730209853,0.22448979591836735,0.0,0.023759538290582565,0.04081632653061225,0.14901343568023906,0.30997418175226943,True,0,0.0,0.0,0.0,0.6
2026-04-23,2026-04-23,2026-04-24,2026-04-30,0.0096770515634352,0.0786060107792085,0.1840518421453835,0.0170968195231626,0.1081963866489739,0.2271571057972931,0.0206334506390071,0.0941148439361447,0.2226534501246595,0.0002489110143124,0.0119617224880383,0.0574734851510832,0.0008224435712327,0.0072657040375241,0.0632156002086164,0.0031293463143253,-0.0033394748963612,0.0880970976547438,0.0,0.0009708737864078,0.0203889087758388,0.000795782353526,0.0029155194740506,0.0019624041474826,1.0,0.0046960184505142,-0.004310348682769,0.0144117439480553,0.0005963621906368,0.0138153817574184,0.0050197855055439,0.0953258736526252,0.0077493118780436,0.0002981810953188,-0.4588822455529893,Risk-on,test,daily-2026-04-23,0,0.9999999999969942,1.001947389306898e-12,1.001947389306898e-12,1.001947389306898e-12,27.62907562032308,0.6308264787483961,0.6326530612244898,0.0,0.34540264863234676,0.30612244897959184,0.0,0.023770872619256977,0.061224489795918366,0.14902063313305564,0.30997418175226943,True,0,0.0,0.0,0.0,0.6
2026-04-24,2026-04-24,2026-04-27,2026-05-01,0.0053510575379505,0.1067292935869412,0.165494703603919,0.0231640594898665,0.1570086617055019,0.2041746802237327,0.0031546885198345,0.118048819915939,0.2070166126272815,-0.0021078735275883,0.0197668525088696,0.051392919454037,-0.0039985459832788,0.0159436410826845,0.0553215422246072,-0.0041346043413345,0.0069678318429915,0.0827101239090452,-0.0008470474346564,0.0042568718073461,0.0188893998530763,0.0007955449482897,0.003114866625606,0.0020261744873024,1.0,0.0038232114261851,0.0027109600356454,0.0093985488976662,0.0006748807631158,0.0087236681345503,0.0050197855055439,0.0853328736122023,0.001722833851584,0.0,-0.7545869928320295,Risk-on,test,daily-2026-04-24,0,0.9999999999969998,9.999732974726594e-13,9.999732974726594e-13,9.999732974726594e-13,27.63102111592555,0.6308428891864355,0.7878787878787878,0.0,0.34539851079813355,0.1717171717171717,0.0,0.023758600015430953,0.0404040404040404,0.14901283978812405,0.30997418175226943,True,0,0.0,0.0,0.0,0.6
2026-04-27,2026-04-27,2026-04-28,2026-05-04,0.0091009143244158,0.1278682836821265,0.14415438646375,0.0269639295598262,0.1806854136300615,0.180069704634657,-0.000757166035695,0.1400246812011518,0.188846544688719,-0.000868701911144,0.0227388211382113,0.0497634731106789,-0.0067254385167681,0.0155175617914886,0.055662113544025,-0.0088454910970705,0.0074731433909387,0.0822622479142715,-0.0006053268765132,0.0019419832503944,0.017618305681228,0.0006960326140996,0.0028158756072378,0.0020242054336175,1.0,0.0072212593467226,0.0055311601405443,0.0039710837982578,0.0007745396497569,0.0031965441485009,0.0050197855055439,0.0940923710533672,-0.0048659759218085,0.0001987281399045,-1.079977453720957,Risk-on,test,daily-2026-04-27,0,0.9999999999969997,9.999923706315724e-13,9.999923706315724e-13,9.999923706315724e-13,27.63102111592555,0.6308428891864355,0.787878787878788,0.0,0.34539851079813355,0.18181818181818182,0.0,0.023758600015430953,0.030303030303030304,0.14901283978812405,0.30997418175226943,True,0,0.0,0.0,0.0,0.6
2026-04-28,2026-04-28,2026-04-29,2026-05-05,0.0108084308601297,0.1261452284127409,0.1455679498539174,0.02051743671721,0.1778140001432973,0.1830998080904239,-0.0021857127244907,0.1431492842535788,0.1850684987533037,0.0003732736095558,0.020175104682147,0.0505454208431851,-0.0024632788979107,0.009509740559505,0.051525727832145,-0.0023102691463554,-0.0047245909195666,0.0667593590442353,0.000242483026188,0.0,0.0171509483392734,0.000695894224078,0.0029155194740508,0.0020280715717874,1.0,0.0106653641226419,-0.0047245909195666,0.0169736823617023,0.000675336188189,0.0162983461735133,0.0036633594671476,0.0895137113570121,-0.0001545616771347,9.934432743841092e-05,-1.1206800746530563,Risk-on,test,daily-2026-04-28,0,0.9999999999970001,1.0000038147015416e-12,1.0000038147015416e-12,1.0000038147015416e-12,27.63101730123128,0.6308428570129196,0.787878787878788,0.0,0.3453985189137818,0.18181818181818182,0.0,0.023758624073298724,0.030303030303030304,0.1490128550672533,0.30997418175226943,True,0,0.0,0.0,0.0,0.5
2026-04-29,2026-04-29,2026-04-30,2026-05-06,0.0005202401541035,0.0941661284866375,0.1186012680966095,0.0098609393842254,0.1462108874181367,0.1562122006637224,-0.0159143518518519,0.0970967741935482,0.1578667782043154,-0.0045962732919254,0.0071644042232277,0.0416678043714143,-0.0099253323620468,-0.0023855399577942,0.0510111571053488,-0.0119898547382982,-0.011420002307071,0.071902796246376,-0.001575375666505,-0.0021799685115658,0.0174659879745426,0.0006958250497015,0.0030151534418105,0.001963105565961,1.0,0.0095499441810219,-0.0092400337955051,0.0312684448691644,0.0006755638328668,0.0305928810362976,0.0036633594671476,0.1081679497871368,0.009949689423536,0.0,-0.9512541476528312,Risk-on,test,daily-2026-04-29,0,0.9999999999970001,1.0000038147015416e-12,1.0000038147015416e-12,1.0000038147015416e-12,27.63101730123128,0.6308428570129196,0.787878787878788,0.0,0.3453985189137818,0.18181818181818182,0.0,0.023758624073298724,0.030303030303030304,0.1490128550672533,0.30997418175226943,True,0,0.0,0.0,0.0,0.6
2026-04-30,2026-04-30,2026-05-01,2026-05-07,0.0144117439480553,0.0967889628227822,0.1197157297330573,0.025052961223174,0.1427837962725267,0.1551747555590852,0.0088922764227643,0.1138403590318961,0.1689538983740684,0.0001244245365183,0.0127252110369155,0.0414355856798209,-0.006117604090577,0.0017485735321185,0.0499793162629192,-0.0107452339688041,-0.0074194296313471,0.0700341271853841,0.0,0.0019436345966958,0.0141388214203075,0.0005963621906368,0.0027891224225513,0.0020115638875341,1.0,0.010976637504797,-0.009363064228043,0.0179779033200682,0.0007751930208232,0.0172027102992449,0.0036633594671476,0.1186659753322026,0.0027690423844377,0.0003766762689978,-0.9934349204220428,Risk-on,test,daily-2026-04-30,0,0.9999999999970001,1.0000076294206353e-12,1.0000076294206353e-12,1.0000076294206353e-12,27.631013486534016,0.6308428248393633,0.836734693877551,0.0,0.3453985270294275,0.14285714285714288,0.0,0.02375864813120911,0.020408163265306124,0.14901287034640237,0.30997418175226943,True,0,0.0,0.0,0.0,0.6
2026-05-01,2026-05-01,2026-05-04,2026-05-08,0.0093985488976662,0.0988365887501334,0.1191203513912879,0.0154696631921431,0.1524325617969844,0.1540298195096726,0.0095065967829386,0.1113852520991682,0.1688808114838376,-0.0052186878727634,0.0062845651080944,0.0439506190836992,-0.0091240875912408,-0.0047653958944282,0.0481442346024577,-0.0126859647099526,-0.0135960364097247,0.0657112349694215,-0.0038754995761171,-0.0013355998057309,0.0173569929116178,0.0006748807631158,0.0027673006073878,0.0019755250155883,1.0,0.0110499610025227,-0.0122604366039937,0.0235481856657184,0.0006971417189525,0.0228510439467659,0.0036633594671476,0.1225965568060018,-0.0036633594671476,9.959167413620128e-05,-1.0141774568495183,Risk-on,test,daily-2026-05-01,0,0.999999999997,1.000030518040791e-12,1.000030518040791e-12,1.000030518040791e-12,27.630990598350422,0.6308426317977132,0.7959183673469388,0.0,0.3453985757231169,0.17346938775510204,0.0,0.023758792479170066,0.03061224489795918,0.1490129620214557,0.30997418175226943,True,0,0.0,0.0,0.0,0.55
2026-05-04,2026-05-04,2026-05-05,2026-05-11,0.0039710837982578,0.0896605102211161,0.1228081745591996,0.0130225975942068,0.1433814783347493,0.1573275762468055,0.0026701306199032,0.1011253764463464,0.1728341597756551,-0.0088187802757422,0.001254705144291,0.0453424679519577,-0.0095159666941165,-0.0064249655805415,0.0491044206743447,-0.0152990264255912,-0.0195037507212927,0.0701219605859787,-0.0048455481526347,-0.0015799708313076,0.0175467195394496,0.0007745396497569,0.0027673204933447,0.0019755198745653,1.0,0.0076796707248325,-0.017923779889985,0.0296513976128467,0.0006970722963552,0.0289543253164914,0.0030661052287314,0.1027426343117697,0.0080221723931421,9.958175662228008e-05,-0.8630726572823985,Risk-on,test,daily-2026-05-04,0,0.9999999999970001,1.0000152589024783e-12,1.0000152589024783e-12,1.0000152589024783e-12,27.631005857139485,0.630842760492206,0.8282828282828283,0.0,0.3453985432606928,0.14141414141414144,0.0,0.023758696247101127,0.030303030303030304,0.1490129009047233,0.30997418175226943,True,0,0.0,0.0,0.0,0.5
2026-05-05,2026-05-05,2026-05-06,2026-05-12,0.0169736823617023,0.0979187524650342,0.1225711840990324,0.0365903733556385,0.1580387026622947,0.1567588274136598,0.0315797159650979,0.1172353801747656,0.1775627480201,-0.0059701492537314,0.0025087807325641,0.045627216493516,-0.006310590817633,-0.0038507380581277,0.0509278638095669,-0.0108834085909459,-0.0139658356417358,0.0738087248580645,-0.0037575757575757,-0.0018217148409036,0.01741940696351,0.000675336188189,0.0027673403753418,0.0019755147331007,1.0,0.0063595187906918,-0.0121441208008321,0.0199096398026998,0.0006970028875834,0.0192126369151164,0.0030661052287314,0.1120868893267273,0.0138994431932797,9.95718410832236e-05,-0.9089472232130048,Risk-on,test,daily-2026-05-05,0,0.9999999999969998,9.999732974726594e-13,9.999732974726594e-13,9.999732974726594e-13,27.63102111592555,0.6308428891864355,0.7959183673469388,0.0,0.34539851079813355,0.17346938775510204,0.0,0.023758600015430953,0.03061224489795918,0.14901283978812405,0.30997418175226943,True,0,0.0,0.0,0.0,0.55
2026-05-06,2026-05-06,2026-05-07,2026-05-13,0.0312684448691644,0.08553127912309,0.1016810787027785,0.0516952098795289,0.1479648237060502,0.1424083016860668,0.0541017347838872,0.1010864974853149,0.1572738092436585,0.0003743916136278,-0.0003741114852225,0.0417709049330846,0.0042306631104569,-0.002739976253539,0.0522432149349473,0.0044340723453908,-0.0096640589047399,0.07838833311476,-0.0010923655783469,-0.0014559572919194,0.0177613360127034,0.0006755638328668,0.002867187765601,0.0019137859592838,1.0,0.0023658647683164,-0.0082081016128204,0.0115558099287298,0.0006969334926327,0.010858876436097,0.0030661052287314,0.0751654590269595,-0.0030661052287314,9.95619275190318e-05,-0.8246497831189109,Risk-on,test,daily-2026-05-06,0,0.9999999999970001,1.0000076294206353e-12,1.0000076294206353e-12,1.0000076294206353e-12,27.631013486534016,0.6308428248393633,0.787878787878788,0.0,0.3453985270294275,0.18181818181818182,0.0,0.02375864813120911,0.030303030303030304,0.14901287034640237,0.30997418175226943,True,0,0.0,0.0,0.0,0.6
2026-05-07,2026-05-07,2026-05-08,2026-05-14,0.0179779033200682,0.0759953523260437,0.1045885676259946,0.0407344175876838,0.1388911650469526,0.1453255803113998,0.0154333201424612,0.0774927469842725,0.1734997162765859,-0.006469270962926,-0.0052316890881913,0.0435452230210245,-0.0010105649977032,-0.0068499406338478,0.0541195646162227,0.0003503854239663,-0.0121107266435985,0.079722792218389,-0.003031037827352,-0.0025473071324598,0.0179273879933686,0.0007751930208232,0.002867197704621,0.001913782963365,1.0,0.0016182515456564,-0.0095634195111387,0.0226769457885669,0.0006968641114983,0.0219800816770685,0.0015149465710807,0.0654266402503122,0.0082561032286283,0.0002986560477848,-0.7202918040762379,Risk-on,test,daily-2026-05-07,0,0.9999999999969998,1.0000648519533124e-12,1.0000648519533124e-12,1.0000648519533124e-12,27.63095626607503,0.6308423422342333,0.7959183673469388,0.0,0.3453986487630528,0.17346938775510204,0.0,0.023759009002713837,0.03061224489795918,0.14901309953454653,0.30997418175226943,True,0,0.0,0.0,0.0,0.6
2026-05-08,2026-05-08,2026-05-11,2026-05-15,0.0235481856657184,0.0855973861595973,0.1044579933509635,0.0550025958614552,0.1639092084376585,0.1556556157131509,0.0175093096533947,0.0875239188672025,0.1721429135961809,0.0009992505620783,0.0022511255627815,0.0431587658850339,0.0055248618784531,0.0,0.0557094437471524,0.0054900128489663,-0.0047404324199329,0.0818128889375059,0.0006079027355623,-0.0013347894672977,0.0182306851485073,0.0006971417189525,0.0027674397259791,0.0017647169561093,1.0,0.0022511255627815,-0.0034056429526352,0.0021013530001894,0.0006966560509555,0.0014046969492338,0.0120293516179479,0.1241924909838999,0.002277595509883,9.95222929935924e-05,-0.8113737006171898,Risk-on,test,daily-2026-05-08,0,0.9999999999969998,9.999732974726594e-13,9.999732974726594e-13,9.999732974726594e-13,27.63102111592555,0.6308428891864355,0.7959183673469388,0.0,0.34539851079813355,0.17346938775510204,0.0,0.023758600015430953,0.03061224489795918,0.14901283978812405,0.30997418175226943,True,0,0.0,0.0,0.0,0.6
2026-05-11,2026-05-11,2026-05-12,2026-05-18,0.0296513976128467,0.0775397172423846,0.1024624468788253,0.0600552847461657,0.155331314080241,0.1561989478896654,0.0268101338707356,0.076432640434602,0.1679026716254546,0.0022556390977443,-0.0034886618489907,0.0415284646756551,0.0062817551963048,-0.0062944718117131,0.0544327824859322,0.0070621468926554,-0.0137175792507204,0.0833620715901998,0.000852099817407,-0.0030314053595247,0.0182471714650152,0.0006970722963552,0.0027674595842448,0.0017647111978307,1.0,0.0028058099627223,-0.0106861738911957,-0.0008792100635739,0.0006965867250472,-0.0015757967886211,0.0127243808225404,0.1232198254944647,-0.0015149465710807,9.951238929239992e-05,-0.7630922404341982,Risk-on,test,daily-2026-05-11,0,0.9999999999969997,9.999923706315724e-13,9.999923706315724e-13,9.999923706315724e-13,27.63102111592555,0.6308428891864355,0.8484848484848485,0.0,0.34539851079813355,0.12121212121212122,0.0,0.023758600015430953,0.030303030303030304,0.14901283978812405,0.30997418175226943,True,0,0.0,0.0,0.0,0.55
2026-05-12,2026-05-12,2026-05-13,2026-05-19,0.0199096398026998,0.0629553897992685,0.0990051164945982,0.0376021478558119,0.1251034043907095,0.1601912877983869,3.539071347669065e-05,0.0515406370943731,0.1699417740322978,-0.0006256256256256,-0.0078260869565216,0.0399826115808295,-0.0008283479061206,-0.0129114384433534,0.0537434206350093,-0.0051504155448907,-0.0254557963536291,0.0827953268024893,-0.0003650079085046,-0.0044832182236762,0.01804855485376,0.0006970028875834,0.0028672473700528,0.0016953409336108,1.0,0.0050853514868317,-0.0209725781299529,-0.0060283399712808,0.0006965174129354,-0.0067248573842162,0.0193004263736851,0.1319150629517183,0.0055948413666042,9.95024875622974e-05,-0.6976167440483133,Risk-on,test,daily-2026-05-12,0,0.9999999999969998,1.0000648519533124e-12,1.0000648519533124e-12,1.0000648519533124e-12,27.63095626607503,0.6308423422342333,0.787878787878788,0.0,0.3453986487630528,0.18181818181818182,0.0,0.023759009002713837,0.030303030303030304,0.14901309953454653,0.30997418175226943,True,0,0.0,0.0,0.0,0.6
2026-05-13,2026-05-13,2026-05-14,2026-05-20,0.0115558099287298,0.0605337600365745,0.0978526959988523,0.0272216393348376,0.1212896140571071,0.1583573186555626,-0.0144002789400279,0.0492965588923124,0.1701241958612818,-0.0031187624750499,-0.0068356947551577,0.040103815241179,-0.0052202582654088,-0.0120065490267418,0.0539050369301609,-0.0148698884758364,-0.0233790164689623,0.0820873941004133,-0.0013365735115431,-0.0038783177796631,0.018168792851055,0.0006969334926327,0.0027674992889246,0.0016886672529819,1.0,0.005170854271584,-0.0195006986892991,-0.0014279748353115,0.0006964481146154,-0.0021244229499269,0.0193004263736851,0.1498891940586953,0.007894275976344,9.949258780217464e-05,-0.6840165341272453,Risk-on,test,daily-2026-05-13,0,0.9999999999969998,9.999732974726594e-13,9.999732974726594e-13,9.999732974726594e-13,27.63102111592555,0.6308428891864355,0.7272727272727273,0.0,0.34539851079813355,0.22222222222222224,0.0,0.023758600015430953,0.05050505050505051,0.14901283978812405,0.30997418175226943,True,0,0.0,0.0,0.0,0.6
2026-05-14,2026-05-14,2026-05-15,2026-05-21,0.0226769457885669,0.0662856654219989,0.0993729460549513,0.0357584827467118,0.1238465501897043,0.158379863265342,0.0077588039396301,0.0537136506760511,0.1706558795363101,-0.0001252191334836,-0.0062227753578095,0.0399538216899656,-0.0017472871068603,-0.0080416704742758,0.0517557805997514,-0.0085230589608873,-0.0157626332869726,0.0802079650939729,-0.0008512708257327,-0.0038797284190107,0.0181689691609831,0.0006968641114983,0.0028672672223928,0.0016160418866693,1.0,0.0018188951164662,-0.0118829048679619,-0.0072844407019797,0.0005968961400715,-0.0078813368420512,0.0193004263736851,0.1347660391578392,-0.0120293516179479,0.0002984480700358,-0.6657712651023366,Risk-on,test,daily-2026-05-14,0,0.9999999999969998,9.999809266925695e-13,9.999809266925695e-13,9.999809266925695e-13,27.63102111592555,0.6308428891864355,0.8080808080808081,0.0,0.34539851079813355,0.1717171717171717,0.0,0.023758600015430953,0.0202020202020202,0.14901283978812405,0.30997418175226943,True,0,0.0,0.0,0.0,0.6
2026-05-15,2026-05-15,2026-05-18,2026-05-22,0.0021013530001894,0.0408792632438672,0.1074210292408045,-0.0032338343433208,0.0925945904292209,0.1723861227891016,-0.0231199634021888,0.0065994633403438,0.180237176040136,-0.0084851509857749,-0.0147551146931185,0.0400987370006988,-0.0122710622710623,-0.019810977826245,0.0508123266260195,-0.0281133828996282,-0.0391638911220856,0.0858009473238202,-0.0029161603888213,-0.0070183930300096,0.0166438298892556,0.0006966560509555,0.0028672969860963,0.001616079715192,1.0,0.0050558631331265,-0.032145498092076,0.0087530608655654,0.0007956240676278,0.0079574367979375,0.0073596060446174,0.0984369887611918,-0.0007034917542649,9.94530084532652e-05,-0.4789706582773349,Risk-on,test,daily-2026-05-15,0,0.9999999999969998,1.0000648519533124e-12,1.0000648519533124e-12,1.0000648519533124e-12,27.63095626607503,0.6308423422342333,0.7346938775510204,0.0,0.3453986487630528,0.22448979591836735,0.0,0.023759009002713837,0.04081632653061225,0.14901309953454653,0.30997418175226943,True,0,0.0,0.0,0.0,0.6
2026-05-18,2026-05-18,2026-05-19,2026-05-26,-0.0008792100635739,0.0422310644542271,0.1068737784787616,-0.0103884815432713,0.0913588645464524,0.1730962596263497,-0.0328041215434757,-0.0049756625202812,0.1803992517833792,-0.0055013753438358,-0.0129064283941423,0.0405688039568923,-0.0116588634903149,-0.0215395801145142,0.0507816433647503,-0.0233754090696587,-0.0400919012062033,0.0856076863995859,-0.0014594989053758,-0.0060532687651331,0.0168966029880019,0.0006965867250472,0.0028673069033844,0.0016160761660158,0.6666666666666666,0.0086331517203719,-0.0340386324410701,0.0161646246530835,0.0007955449482899,0.0153690797047936,0.0066608001083054,0.1006372317317903,-0.0066608001083054,9.944311853637976e-05,-0.3447698396252225,Mixed,test,daily-2026-05-18,1,0.9770226300880204,0.022977369909979662,1.000039448513022e-12,1.000039448513022e-12,27.607736203819172,0.2847460908099756,0.7272727272727273,23.857736203819172,0.7143492127443901,0.22222222222222224,0.0,0.0009046964456342154,0.05050505050505051,0.11095372933727657,0.30997418175226943,True,0,0.0,0.0,0.0,0.5
2026-05-19,2026-05-19,2026-05-20,2026-05-27,-0.0060283399712808,0.0421116918531985,0.1069964598337561,-0.0080736383688705,0.088774385796098,0.1747801787353819,-0.0338677141947127,-0.0055007103566354,0.1807943120578667,-0.0065105796919996,-0.0126913027248974,0.04043664615888,-0.0132645541635961,-0.0227169053918437,0.0518054368627274,-0.0231791975526532,-0.0410072773478109,0.0861838480464405,-0.0014605647517038,-0.0053346265761395,0.0164329870076366,0.0006965174129354,0.002767618308231,0.001609154164994,0.6666666666666666,0.0100256026669462,-0.0356726507716713,0.0228013029315961,0.0007954658446851,0.0220058370869109,0.0001731970849598,0.0645400945296053,0.0102490016763658,9.94332305856993e-05,-0.3679009430887074,Mixed,test,daily-2026-05-19,1,0.9999999999969876,1.0041398627905146e-12,1.0041398627905146e-12,1.0041398627905146e-12,27.626889798789875,0.6308080365186931,0.6262626262626263,0.0,0.34540729486140587,0.30303030303030304,0.0,0.023784668619901094,0.07070707070707072,0.30996883871244757,0.30997418175226943,True,0,0.0,0.0,0.0,0.6
2026-05-20,2026-05-20,2026-05-21,2026-05-28,-0.0014279748353115,0.0422378762953274,0.1071191779684829,-0.0021827034741364,0.0885958083375311,0.174624047620513,-0.0099055435667032,0.012261284722222,0.200724284480749,-0.0006257039169065,-0.0079503105590061,0.0470534693341219,-0.0061682931320199,-0.0170278637770896,0.0598807591853349,-0.0104952830188679,-0.0326262393359464,0.0966046419598685,-0.0004866772113394,-0.0044837615123605,0.0172145666139982,0.0006964481146154,0.0027676381309793,0.0016091478455361,1.0,0.0090775532180834,-0.0281424778235859,0.018010118043845,0.0006959634122092,0.0173141546316357,0.0001731970849598,0.0433765503849074,0.0019831365935916,0.0,-0.5626374528974585,Risk-on,test,daily-2026-05-20,0,0.9999999999969997,1.0001258929306154e-12,1.0001258929306154e-12,1.0001258929306154e-12,27.63089523091878,0.6308418274517372,0.7346938775510204,0.0,0.3453987786100566,0.22448979591836735,0.0,0.02375939393820616,0.04081632653061225,0.14901334400377775,0.30997418175226943,True,0,0.0,0.0,0.0,0.6
2026-05-21,2026-05-21,2026-05-22,2026-05-29,-0.0072844407019797,0.0483732091184976,0.1047792624559131,-0.0073354728462468,0.0968499585520863,0.1709420071050424,-0.0068904904201089,0.025297619047619,0.2023614457712026,0.0006261740763933,-0.0058479532163742,0.0469250378140828,-0.0035006909258405,-0.012326515704894,0.0602866261405078,-0.008243052284503,-0.0269208549971115,0.098401304920512,-0.0002434274586172,-0.0041222114451988,0.0171898821230503,0.0005968961400715,0.0026679693467499,0.0016781450471366,1.0,0.0064785624885198,-0.0227986435519126,0.0185264971994831,0.0008948101014116,0.0176316870980715,0.0001731970849598,0.0423358603911001,0.0039314950452391,0.0004971167230065,-0.5772751049771288,Risk-on,test,daily-2026-05-21,0,0.9999999999969993,1.0002441704267464e-12,1.0002441704267464e-12,1.0002441704267464e-12,27.630776975303547,0.6308408300498087,0.7474747474747475,0.0,0.34539903018217466,0.20202020202020204,0.0,0.023760139768016705,0.05050505050505051,0.14901381766842864,0.30997418175226943,True,0,0.0,0.0,0.0,0.6
2026-05-22,2026-05-22,2026-05-26,2026-06-01,0.0087530608655654,0.044401490321315,0.1030491869368638,0.0121450636875291,0.0808278604567089,0.1622078211412267,0.0270893371757925,0.0306163021868788,0.2041453609899345,0.0056632267807701,-0.007082504970179,0.0465484815773062,0.0047283515668459,-0.0112226277372261,0.060746215751567,0.0121922065503228,-0.023411371237458,0.1007642866316165,0.0007311723129417,-0.0054499212789147,0.0164928317715814,0.0007956240676278,0.0028673762692197,0.0020457873649073,1.0,0.0041401227670471,-0.0179614499585433,0.0173005740035407,0.0006905694127001,0.0166100045908406,0.0001731970849598,0.0427524679632055,0.0066385923501961,9.9373944151937e-05,-0.5104318007740247,Risk-on,test,daily-2026-05-22,0,0.9999999999969997,9.999885559706862e-13,9.999885559706862e-13,9.999885559706862e-13,27.63102111592555,0.6308428891864355,0.787878787878788,0.0,0.34539851079813355,0.18181818181818182,0.0,0.023758600015430953,0.030303030303030304,0.14901283978812405,0.30997418175226943,True,0,0.0,0.0,0.0,0.6
2026-05-26,2026-05-26,2026-05-27,2026-06-02,0.0161646246530835,0.0495266859627783,0.1042213956643354,0.0345667818892729,0.0994384475257064,0.1687896202401353,0.0526868862557523,0.048242765389334,0.2132076347893839,0.0080462660296705,-0.0040988697056265,0.0483564828647583,0.0104031209362809,-0.0046664836673072,0.061988482175874,0.0184298707515557,-0.0136764024107557,0.1019545313593432,0.0013398294762485,-0.0041187159297395,0.0171947135930843,0.0007955449482899,0.002967035155861,0.0019829882712664,1.0,0.0005676139616807,-0.0095576864810161,0.0119639217149176,0.0005911367249602,0.0113727849899574,0.0001731970849598,0.033234283673433,-0.0001731970849598,9.936406995203484e-05,-0.4845843297942094,Risk-on,test,daily-2026-05-26,0,0.999999999997,1.000030518040791e-12,1.000030518040791e-12,1.000030518040791e-12,27.630990598350422,0.6308426317977132,0.8163265306122449,0.0,0.3453985757231169,0.1530612244897959,0.0,0.023758792479170066,0.03061224489795918,0.1490129620214557,0.30997418175226943,True,0,0.0,0.0,0.0,0.6
2026-05-27,2026-05-27,2026-05-28,2026-06-03,0.0228013029315961,0.0544759656592053,0.101143822963711,0.0397987256425242,0.1093452969355943,0.1611707156518347,0.0636263736263735,0.0600927311890766,0.207006869793319,0.0098298676748582,-0.0033582089552239,0.0481906735384156,0.0168969380134429,-0.0037497713554051,0.0622092492766327,0.0274632618646109,-0.0123885608428853,0.1023503920971341,0.0021940516821061,-0.0033939393939393,0.0171641507312492,0.0007954658446851,0.00286739607031,0.0019807408607806,1.0,0.0003915624001811,-0.0089946214489459,0.0050369106947738,0.0005913743654297,0.004445536329344,0.0070171281119582,0.0752971626365169,0.0055166164752287,0.0,-0.5354275114346325,Risk-on,test,daily-2026-05-27,0,0.9999999999969998,9.999771120753386e-13,9.999771120753386e-13,9.999771120753386e-13,27.63102111592555,0.6308428891864355,0.7142857142857143,0.0,0.34539851079813355,0.25510204081632654,0.0,0.023758600015430953,0.030612244897959183,0.14901283978812405,0.30997418175226943,True,0,0.0,0.0,0.0,0.5
2026-05-28,2026-05-28,2026-05-29,2026-06-04,0.018010118043845,0.0604570111582676,0.1010428334547487,0.0314800532847228,0.1119004791632025,0.1615447639380055,0.0434487440597419,0.0733240223463687,0.2039702342552373,0.004633107938893,0.0012479720454263,0.0468973936074547,0.0121352477999074,0.0048744596707439,0.0597577477987876,0.0218090811583839,0.0004667444574095,0.1006302994445001,0.0013390139987827,-0.0015778613909454,0.0167376912251925,0.0006959634122092,0.0027677767799487,0.0020403948107502,1.0,-0.0036264876253175,0.0020446058483549,0.0032997614630267,0.0006910249355289,0.0026087365274978,0.0070171281119582,0.0695411764218377,0.0024913861648554,0.0001987083954297,-0.51417390549572,Risk-on,test,daily-2026-05-28,0,0.9999999999969978,1.00075177780171e-12,1.00075177780171e-12,1.00075177780171e-12,27.63026962056722,0.6308365507114706,0.787878787878788,0.0,0.345400109411118,0.18181818181818182,0.0,0.0237633398774114,0.030303030303030304,0.1490158499251501,0.30997418175226943,True,0,0.0,0.0,0.0,0.6
2026-05-29,2026-05-29,2026-06-01,2026-06-05,0.0185264971994831,0.0526257200901678,0.0976084361878569,0.0333095408041874,0.1056848473956928,0.1609508808015409,0.0281071896350313,0.0448249811130696,0.1946924296635342,0.0051314142678347,-0.0008708633988553,0.0456531073514462,0.0110012018119627,0.0046853468075334,0.0597257806111842,0.0182854428876753,0.0016351319785097,0.1005654239589679,0.0019478938397856,-0.0021823472356935,0.0163081416342369,0.0008948101014116,0.0029670351558614,0.0019829751498113,1.0,-0.0055562102063887,0.0038174792142032,-0.0250237944162436,0.0007911110499891,-0.0258149054662328,0.0289900864963073,0.1967144715499679,0.0027231387478849,0.0002929571868481,-0.4299131603983896,Risk-on,test,daily-2026-05-29,0,0.9999999999969964,1.0012329066190391e-12,1.0012329066190391e-12,1.0012329066190391e-12,27.62978896871175,0.6308324963585876,0.7959183673469388,0.0,0.34540113169400305,0.17346938775510204,0.0,0.023766371947409434,0.03061224489795918,0.14901777534454508,0.30997418175226943,True,0,0.0,0.0,0.0,0.6
2026-06-01,2026-06-01,2026-06-02,2026-06-08,0.0173005740035407,0.0525775341705405,0.0976074281141634,0.0351199933104775,0.1017429355484684,0.160116626273105,0.0135381593714927,0.0347321684331138,0.1961176925772203,-0.000875985483669,-0.0027479390457156,0.0482075397778816,0.005167481775399,0.0030386740331493,0.0609172914333368,0.009329239489844,-0.0016353229762878,0.1013239612089489,-0.0013395031660984,-0.0029179331306989,0.0180283918899117,0.0006905694127001,0.0028830992928994,0.0018743003384668,1.0,-0.005786613078865,0.0012826101544111,-0.0254699818071558,0.000597609561753,-0.0260675913689089,0.0289900864963073,0.1956042723755778,0.0013578717008992,0.0,-0.425442551815182,Mixed,test,daily-2026-06-01,1,0.8519528019666066,0.14804719803139338,9.999511742382572e-13,9.999511742382572e-13,27.47079696548846,0.26071870026375393,0.7959183673469388,25.72079696548846,0.7385721775476303,0.17346938775510204,0.0,0.0007091221886157389,0.03061224489795918,0.1004690309975697,0.30997418175226943,True,0,0.0,0.0,0.0,0.5
2026-06-02,2026-06-02,2026-06-03,2026-06-09,0.0119639217149176,0.0578822021977409,0.0949361093398769,0.0217450840773401,0.1089050053501365,0.1581120492560178,0.0039585556435235,0.0495897509716425,0.1961103133082119,-0.0034921426789723,0.0012531328320803,0.0468518842381138,0.0012870012870012,0.0061893764434179,0.0596119577064731,0.0064629847238544,0.0081214689265538,0.0975421625461255,-0.0024327940639823,-0.0017041996348143,0.0175820737449811,0.0005911367249602,0.002783230432185,0.0019378336145969,1.0,-0.0049362436113375,0.0098256685613682,-0.0296483536737894,0.0006972111553784,-0.0303455648291679,0.0296483536737894,0.1889566147243776,-0.0070171281119582,9.960159362565336e-05,-0.4956583972042738,Risk-on,test,daily-2026-06-02,0,0.9706877692467023,0.029312230751297696,1.0000309237562433e-12,1.0000309237562433e-12,27.601239774375813,0.2815777251671062,0.7474747474747475,24.101239774375813,0.717548416574439,0.22222222222222224,0.0,0.0008738582584547315,0.030303030303030304,0.3557443347513206,0.30997418175226943,False,0,0.0,0.0,0.0,0.6
2026-06-03,2026-06-03,2026-06-04,2026-06-10,0.0050369106947738,0.0420990093538,0.0989602946137699,0.0202344231955582,0.0918413755666731,0.1576653841519144,-0.0092984812480627,0.0180846545866364,0.1964229329764732,-0.0056158742044176,-0.0030030030030029,0.0475518759085075,-0.0028458643165335,-0.0002761159687069,0.0591562038931768,0.0001172332942556,-0.0014046587849702,0.0967687693966423,-0.0030406227195329,-0.0026767246623676,0.0175020099998133,0.0005913743654297,0.0027832503224185,0.0019378282660634,1.0,-0.002726887034296,0.0012720658773974,-0.0381973907509548,0.0006971417189522,-0.0388945324699071,0.0418180137103914,0.2018540770670616,0.0037786380992788,9.959167413620128e-05,-0.3872664904567638,Mixed,test,daily-2026-06-03,1,0.8175744761920085,0.1824255238059915,1.0000141818326059e-12,1.0000141818326059e-12,27.42959365621175,0.2580103916778399,0.7959183673469388,25.92959365621175,0.7412949798985576,0.16326530612244897,0.0,0.0006946284236024351,0.04081632653061224,0.0993049754640916,0.30997418175226943,True,0,0.0,0.0,0.0,0.6
2026-06-04,2026-06-04,2026-06-05,2026-06-11,0.0032997614630267,0.0316967144979081,0.0889453709376073,0.0068107667210439,0.0644465843597741,0.1484339798758119,-6.84861144402138e-05,0.0181659693165967,0.196499964608555,-0.0049856662096473,-0.0041167664670658,0.0467268864853657,-0.0037525169320886,-0.0031138382635772,0.0567922413216157,-0.0027991602519243,-0.0067379182156133,0.0929271910069735,-0.0027960126428397,-0.003280680437424,0.0169493174490045,0.0006910249355289,0.0027832702086918,0.0019378229170994,1.0,-0.0010029282034885,-0.0034572377781892,-0.0255319710998694,0.000697072296355,-0.0262290433962245,0.0418180137103914,0.262026172461162,-0.0258093489545498,0.0002987452698666,-0.3743576331010438,Mixed,test,daily-2026-06-04,1,0.9999999999969996,1.0001487842576388e-12,1.0001487842576388e-12,1.0001487842576388e-12,27.630872342735188,0.630841634407319,0.7346938775510204,0.0,0.34539882730209853,0.22448979591836735,0.0,0.023759538290582565,0.04081632653061225,0.30997459553883877,0.30997418175226943,False,0,0.0,0.0,0.0,0.6
2026-06-05,2026-06-05,2026-06-08,2026-06-12,-0.0250237944162436,0.0081604199130644,0.1312611196931089,-0.0450352832820901,0.0145624082654616,0.2346381697618982,-0.030231036738629,-0.0021611280379791,0.2285484160900611,-0.0109575395343045,-0.0053844227397945,0.048195015096446,-0.0108814923189465,-0.0052418613205811,0.0592136505287488,-0.0081623134328358,-0.0068884997081144,0.0930293003981387,-0.0053462940461724,-0.0044995743645871,0.0181204539042479,0.0007911110499891,0.0029829880478091,0.0020116520860285,0.6666666666666666,-0.0001425614192134,-0.0023889253435273,0.0056945291844623,0.00059731209557,0.0050972170888923,0.0186547983009119,0.1900493910313638,0.0022642532709646,9.955201592815044e-05,0.1955506487875051,Risk-off,test,daily-2026-06-05,2,9.9996185375193e-13,0.9999999999969998,9.9996185375193e-13,9.9996185375193e-13,0.0,0.08928351195411083,0.5612244897959184,27.63102111592555,0.4885337115013817,0.35714285714285715,0.0,0.4221827765445076,0.0816326530612245,0.26067819245316404,0.30997418175226943,True,1,0.0,0.0,0.0,0.55
2026-06-08,2026-06-08,2026-06-09,2026-06-15,-0.0254699818071558,0.0021691385808408,0.1282163077792062,-0.0359075854269326,0.0068051122702923,0.2261258516541024,-0.0168523773271507,-0.0002111412182848,0.2294270634247529,-0.00375751503006,-0.0074868979286247,0.0465534857294953,-0.0079867805012393,-0.0104395604395604,0.056821780186883,-0.0099450099450099,-0.0169609665427508,0.0922883232635529,-0.0013412998414827,-0.0048602673147022,0.0178789357762573,0.000597609561753,0.0027833497142006,0.0019379231203702,0.6666666666666666,0.0029526625109356,-0.0121006992280485,0.0211168528990017,0.0006967947441769,0.0204200581548248,0.0186547983009119,0.2238258036716513,-0.0029355266361842,9.954210631102356e-05,0.177351783111012,Risk-off,test,daily-2026-06-08,2,1.0001716761086094e-12,0.9999999999969995,1.0001716761086094e-12,1.0001716761086094e-12,0.0,0.08928331712965472,0.5918367346938775,27.630849454551594,0.48852729666843936,0.30612244897959184,0.0,0.4221893862019058,0.10204081632653063,0.26067417872452214,0.30997418175226943,True,1,0.0,0.0,0.0,0.5
2026-06-09,2026-06-09,2026-06-10,2026-06-16,-0.0296483536737894,-0.0030434194508321,0.1283985931804354,-0.0513696794253242,-0.0076546706108313,0.2297986061394976,-0.0227662346567922,-0.0010864612904356,0.229245299745946,-0.0035043804755945,-0.0045011252813202,0.0463831098956474,-0.0046823356591995,-0.0047737078857983,0.0578246835922665,-0.0061879743140689,-0.0051425899953249,0.0930988974767123,-0.00085355444458,-0.0034054974458769,0.0178405799166647,0.0006972111553784,0.0027833695806882,0.0019379177695981,0.0,0.000272582604478,-0.0017370925494479,0.0180177735567468,0.0006967253906637,0.017321048166083,0.0157655518621532,0.2308808392261719,-0.0157655518621532,9.95321986663189e-05,0.6905925068663954,Risk-off,test,daily-2026-06-09,2,9.999465956613436e-13,0.9999999999969998,9.999465956613436e-13,9.999465956613436e-13,0.0,0.08928351195411083,0.47368421052631576,27.63102111592555,0.4885337115013817,0.42105263157894735,0.0,0.4221827765445076,0.10526315789473684,0.26067819245316404,0.30997418175226943,True,1,0.0,0.0,0.0,0.6
2026-06-10,2026-06-10,2026-06-11,2026-06-17,-0.0381973907509548,-0.0172722100300742,0.1398997051836243,-0.0678840649816583,-0.0191589842203494,0.2386884594841864,-0.0195362742030799,-0.0018402519729623,0.2296804181562569,-0.0026355421686747,-0.0050081382246151,0.0465856144064496,-0.0042349475234764,-0.0036845983787767,0.0571590199967098,-0.0050404407455164,-0.0012942699141075,0.0905483860490898,-0.0003659875564231,-0.0026777020447906,0.0177245556801784,0.0006971417189522,0.0027833894432225,0.0019379124183989,0.0,-0.0013235398458383,0.0013834321306831,0.0214079925009995,0.0006966560509553,0.0207113364500441,0.018374998343998,0.2140650656011323,0.0169968156817337,9.95222929935924e-05,0.8852276217239965,Risk-off,test,daily-2026-06-10,2,9.999732974726594e-13,0.9999999999969998,9.999732974726594e-13,9.999732974726594e-13,0.0,0.08928351195411083,0.27083333333333337,27.63102111592555,0.4885337115013817,0.5416666666666667,0.0,0.4221827765445076,0.1875,0.26067819245316404,0.30997418175226943,True,1,0.0,0.0,0.0,0.55
2026-06-11,2026-06-11,2026-06-12,2026-06-18,-0.0255319710998694,-0.0061295146232708,0.1521652890823573,-0.0317170980678089,0.003371997033762,0.266071503305368,-0.005479264408753,0.0273817525736725,0.2526433555651644,0.0013779280972066,0.0003754223501439,0.0514473299309702,0.0021129995406523,0.0042349475234761,0.0649491212415454,0.0056140350877194,0.0139150943396226,0.1011285619792842,0.0007314397171767,-0.0012166930283489,0.0189895229558625,0.000697072296355,0.0027834093018037,0.0019379070667733,0.6666666666666666,-0.0038595251733322,0.0151317873679716,0.0147521090869657,0.0009951238929248,0.0137569851940408,0.018374998343998,0.1935206569541913,0.0054082628497074,0.000199024778585,0.4681470686780051,Risk-off,test,daily-2026-06-11,2,1.0000152589024783e-12,0.9999999999970001,1.0000152589024783e-12,1.0000152589024783e-12,0.0,0.08928349463704746,0.2631578947368421,27.631005857139485,0.4885331412944222,0.5789473684210527,0.0,0.4221833640685304,0.15789473684210525,0.26067783567646696,0.30997418175226943,True,1,0.0,0.0,0.0,0.6
2026-06-12,2026-06-12,2026-06-15,2026-06-22,0.0056945291844623,-0.0085809374874692,0.1506458979244161,0.0230902334553089,0.0021534058544854,0.2656917676891758,0.0401207172022013,0.0298822288627176,0.2534121169126769,0.0064207478282762,0.0011271133375079,0.0513663643941211,0.0077655542202088,0.0042376784891755,0.0649486426140674,0.0083470491417823,0.0100094206311822,0.1016974948568983,0.0025653554849742,-0.001095423563778,0.0189685584959434,0.00059731209557,0.0028832086021217,0.0019431972363085,0.6666666666666666,-0.0031105651516676,0.0111048441949602,0.0061173247207888,0.0008954332902197,0.005221891430569,0.018374998343998,0.1963034500201742,0.0176339737108188,0.0001989851756043,0.4686957634236408,Risk-off,test,daily-2026-06-12,2,9.999999999969996e-13,0.9999999999969997,9.999999999969996e-13,9.999999999969996e-13,0.0,0.08928351195411083,0.22916666666666669,27.63102111592555,0.4885337115013817,0.5625000000000001,0.0,0.4221827765445076,0.20833333333333334,0.26067819245316404,0.30997418175226943,True,1,0.0,0.0,0.0,0.6
2026-06-15,2026-06-15,2026-06-16,2026-06-23,0.0211168528990017,0.0211859247534398,0.1569101659256182,0.0390045665926515,0.0494689179467648,0.2809428759960281,0.0370631093590509,0.0613832853025935,0.2347634402663541,0.0062861453356801,0.0072992700729928,0.0480409087485009,0.0086063298167684,0.0104765436677174,0.0601803369446293,0.0129992909477665,0.0246234759741812,0.0842408455234334,0.0025641025641025,0.0006093102607847,0.0185426214961499,0.0006967947441769,0.0027834886966306,0.0018689821865373,1.0,-0.0031772735947246,0.0240141657133965,-0.0256746951959864,0.0007957823535265,-0.0264704775495129,0.0256746951959864,0.1561862227095045,-0.0059616072493144,9.947279419075804e-05,0.0395616963713067,Risk-off,test,daily-2026-06-15,2,1.0001106323370085e-12,0.9999999999969997,1.0001106323370085e-12,1.0001106323370085e-12,0.0,0.0892833864024494,0.5360824742268041,27.630910489707844,0.48852957749884957,0.3917525773195876,0.0,0.42218703609870106,0.07216494845360825,0.2606756058255694,0.30997418175226943,True,1,0.0,0.0,0.0,0.6
2026-06-16,2026-06-16,2026-06-17,2026-06-24,0.0180177735567468,0.015812631151425,0.1588082798326421,0.0311232923159514,0.0339717799059331,0.290399597360012,0.024770191565504,0.058375910425046,0.2363964030210681,0.0051494599346897,0.0061604224289664,0.048009288089786,0.0065492113273684,0.013561211220509,0.059549159433021,0.0125704887218043,0.0314743896601243,0.0850221648493046,0.0022577495728581,0.0003045066991473,0.0184745746146035,0.0006967253906637,0.0027835085354683,0.0018689766354805,1.0,-0.0074007887915426,0.031169882960977,-0.0202856034934918,0.0007957032027057,-0.0210813066961975,0.0202856034934918,0.1592333847117024,-0.0124878386843122,9.9462900338132e-05,0.166746198669745,Risk-off,test,daily-2026-06-16,2,9.999809266925695e-13,0.9999999999969998,9.999809266925695e-13,9.999809266925695e-13,0.0,0.08928351195411083,0.3917525773195876,27.63102111592555,0.4885337115013817,0.5154639175257733,0.0,0.4221827765445076,0.09278350515463918,0.26067819245316404,0.30997418175226943,True,1,0.0,0.0,0.0,0.6
2026-06-17,2026-06-17,2026-06-18,2026-06-25,0.0214079925009995,0.0098537609202296,0.1637257874470877,0.0415459355043317,0.0299060624634728,0.2921524634082346,0.0277610352774331,0.0618315018315018,0.2341798788520209,0.0032716748458538,0.0047889098928797,0.0492503166736295,0.0056397928994083,0.0154032860343538,0.0575679586674476,0.0170829406220547,0.0398699108648519,0.0795671857796579,-0.0007322431047107,-0.0019502681618723,0.0212096546048541,0.0006966560509553,0.0027835283703607,0.001868971083984,1.0,-0.010614376141474,0.0418201790267243,-0.0064621502129112,0.0007956240676283,-0.0072577742805396,0.0180785815678815,0.142571417807311,0.0103696771755559,0.0003978120338141,0.2937204128265197,Risk-off,test,daily-2026-06-17,2,9.999961853070101e-13,0.9999999999969997,9.999961853070101e-13,9.999961853070101e-13,0.0,0.08928351195411083,0.35051546391752575,27.63102111592555,0.4885337115013817,0.5360824742268041,0.0,0.4221827765445076,0.11340206185567009,0.26067819245316404,0.30997418175226943,True,1,0.0,0.0,0.0,0.6
2026-06-18,2026-06-18,2026-06-22,2026-06-26,0.0147521090869657,0.0099743892074197,0.1638212212783042,0.0327699687639446,0.0385192456005047,0.2993828937233035,0.0178368513480939,0.0561689355772321,0.2280747863286464,0.0008756567425569,0.001878287002254,0.0453262831964794,-9.167583425018222e-05,0.0103751736915238,0.0520020512281425,0.0089555710630377,0.0338457871529018,0.0735092703185714,-0.00121817517359,-0.0019476567255022,0.0212120118321559,0.0009951238929248,0.0030827079710589,0.0020740464173999,1.0,-0.0084968866892698,0.0357934438784041,-0.0237699868762889,0.0005964807634954,-0.0243664676397844,0.0237699868762889,0.1007038554953695,-0.0031470123470014,9.941346058250922e-05,0.2556618203525036,Risk-off,test,daily-2026-06-18,2,9.999694828845314e-13,0.9999999999969998,9.999694828845314e-13,9.999694828845314e-13,0.0,0.08928351195411083,0.3469387755102041,27.63102111592555,0.4885337115013817,0.510204081632653,0.0,0.4221827765445076,0.14285714285714285,0.26067819245316404,0.30997418175226943,True,1,0.0,0.0,0.0,0.6
2026-06-22,2026-06-22,2026-06-23,2026-06-29,0.0061173247207888,0.0048033250910779,0.1642363981969605,0.0230265894030554,0.0328056990105107,0.3000592204563785,0.0178528759173921,0.0555417890898792,0.227857115075152,0.0,0.0005006257822277,0.0454269420984249,-0.0021098981744794,0.0056392715170565,0.0528508318525916,0.0037309082429755,0.0222037520778912,0.0800500652409943,-0.0019495552577067,-0.002800097394692,0.0214407915045168,0.0008954332902197,0.0031824278943088,0.0020050688613267,1.0,-0.0051386457348288,0.0250038494725832,-0.004554064401725,0.0006958250497017,-0.0052498894514267,0.0206880801730278,0.1832824686080336,-0.0145219575760017,9.940357852888936e-05,0.2407253467643812,Risk-off,test,daily-2026-06-22,2,9.9996185375193e-13,0.9999999999969998,9.9996185375193e-13,9.9996185375193e-13,0.0,0.08928351195411083,0.3917525773195876,27.63102111592555,0.4885337115013817,0.46391752577319584,0.0,0.4221827765445076,0.1443298969072165,0.26067819245316404,0.30997418175226943,True,1,0.0,0.0,0.0,0.6
2026-06-23,2026-06-23,2026-06-24,2026-06-30,-0.0256746951959864,-0.0136661528013334,0.1717034727590396,-0.0407930107526881,-0.0054213005546729,0.3240728535745454,0.0023079011675264,0.0357744107744106,0.2305616627620096,-0.0021239380309845,-0.000500563133525,0.0455375956064136,-0.0007340122947059,0.004982928854849,0.0526450079396961,0.0055996266915538,0.0179499291450164,0.0783942859230886,-0.0017050298380221,-0.0018265952264978,0.021656712845474,0.0007957823535265,0.00278364729693,0.0015636681753272,0.3333333333333333,-0.0054834919883741,0.0197765243715143,0.0179803157119873,0.000596362190637,0.0173839535213502,0.0072313768214625,0.1423764274682412,-0.0004634804656615,9.93936984394761e-05,0.8531053314333544,Risk-off,test,daily-2026-06-23,2,9.999809266925695e-13,0.9999999999969998,9.999809266925695e-13,9.999809266925695e-13,0.0,0.08928351195411083,0.1875,27.63102111592555,0.4885337115013817,0.5833333333333334,0.0,0.4221827765445076,0.22916666666666669,0.26067819245316404,0.30997418175226943,True,1,0.0,0.0,0.0,0.6
2026-06-24,2026-06-24,2026-06-25,2026-07-01,-0.0202856034934918,-0.0206249708486282,0.169552056468294,-0.0263612199599923,-0.0269211809169085,0.3173607122019142,0.0157833470282116,0.0212729338060653,0.2219750050879368,-0.0022491565662877,-0.0041157395859318,0.0437300810187493,0.0026576246334311,0.0057915057915056,0.0534352750761384,0.0138067061143984,0.026792009400705,0.0896967808773139,-0.0006697108066971,-0.0017029558447877,0.0217510837752608,0.0007957032027057,0.0027836671042382,0.0015636615366964,0.3333333333333333,-0.0099072453774374,0.0284949652454927,0.0170749004418739,0.0007529815146092,0.0163219189272647,0.0072313768214625,0.1441052756007882,0.0014456385358134,9.938382031404736e-05,0.9797359119677218,Risk-off,test,daily-2026-06-24,2,1.0002708801842717e-12,0.9999999999969993,1.0002708801842717e-12,1.0002708801842717e-12,0.0,0.08928320455694888,0.1875,27.630750272422688,0.48852359031695297,0.5416666666666667,0.0,0.42219320512609804,0.27083333333333337,0.2606718596911917,0.30997418175226943,True,1,0.0,0.0,0.0,0.6
2026-06-25,2026-06-25,2026-06-26,2026-07-02,-0.0064621502129112,-0.0190392490229442,0.1697523791257272,-0.008484311635825,-0.0179176091575845,0.3190657053686067,0.0311508210293915,0.0294107517994284,0.2229981665046932,0.0018813495547471,-0.0031199301135654,0.0437463400811591,0.0067114093959732,0.0052327182594325,0.053321851809177,0.0118151279972198,0.0240328253223915,0.0898031352302948,0.0025647288715193,-0.001581123814157,0.021770718694531,0.0007956240676283,0.0027836869076109,0.0015636548975367,0.3333333333333333,-0.0083526483729979,0.0256139491365486,0.0142720958736211,0.0010521994898275,0.0132198963837935,0.0072313768214625,0.1477780372947923,-0.0072313768214625,0.0001987478883038,0.9399784682697844,Risk-off,test,daily-2026-06-25,2,1.0000038147015416e-12,0.9999999999970001,1.0000038147015416e-12,1.0000038147015416e-12,0.0,0.08928350762485968,0.18556701030927833,27.63101730123128,0.4885335689497316,0.6391752577319587,0.0,0.4221829234254088,0.17525773195876287,0.26067810325902624,0.30997418175226943,True,1,0.0,0.0,0.0,0.6
2026-06-26,2026-06-26,2026-06-29,2026-07-06,-0.0237699868762889,-0.03147592174707,0.1693859635212212,-0.0460425049283033,-0.0395323545405111,0.3203556024731591,0.0143441929699923,0.026709584631716,0.2225395539499474,-0.0022497187851518,-0.0049856662096473,0.0434553470292889,0.0039424222976069,0.0021965952773201,0.0523145486683308,0.0070317002881843,0.0188943317004899,0.08863404880636,0.0024393218685205,-0.00085096036956,0.0221736344121676,0.0005964807634954,0.0029829880478093,0.001486567601166,0.3333333333333333,-0.0071822614869675,0.0197452920700499,0.0305765511186708,0.0008532820135254,0.0297232691051454,0.0026648097807892,0.1198204955705925,0.0164748487633574,0.0001987083954293,1.020461657871582,Risk-off,test,daily-2026-06-26,2,1.0001106323370085e-12,0.9999999999969997,1.0001106323370085e-12,1.0001106323370085e-12,0.0,0.0892833864024494,0.12631578947368421,27.630910489707844,0.48852957749884957,0.5578947368421053,0.0,0.42218703609870106,0.3157894736842105,0.2606756058255694,0.30997418175226943,True,1,0.0,0.0,0.0,0.5
2026-06-29,2026-06-29,2026-06-30,2026-07-07,-0.004554064401725,-0.017966259309161,0.1806987956090572,-0.0187953113354563,-0.0192737468001245,0.3337150851737989,0.0026494063988196,0.0294046758255002,0.2216585197442241,0.0008756567425569,-0.0037355248412401,0.044156306101464,0.0084574370288657,0.0031089978054132,0.0525986786323767,0.0157974213032872,0.0197061567164178,0.0885935792067488,0.0031742156024905,-0.0015795868772782,0.0220943540231556,0.0006958250497017,0.0029829880478091,0.0014865676011658,0.3333333333333333,-0.0068445226466534,0.021285743593696,0.0090553306342779,0.0008536977450284,0.0082016328892495,0.0047518901075497,0.096034769587224,0.0077867746288797,0.0,0.950912066474833,Risk-off,test,daily-2026-06-29,2,1.000091556922454e-12,0.9999999999969998,1.000091556922454e-12,1.000091556922454e-12,0.0,0.08928340804977329,0.1836734693877551,27.630929563194172,0.48853029025815364,0.5306122448979592,0.0,0.4221863016920731,0.28571428571428575,0.26067605179521125,0.30997418175226943,True,1,0.0,0.0,0.0,0.5
2026-06-30,2026-06-30,2026-07-01,2026-07-08,0.0179803157119873,-0.0130071024955275,0.1829052003812087,0.0318783717508581,-0.0085359614400732,0.3389248362824513,0.0173709874034944,0.0396913281195929,0.2205774045057963,0.0012520345561537,0.0016282565130258,0.0388056795706347,0.0014691029290239,0.0012852290461762,0.0548136461597058,0.0025522041763341,0.0111150111150111,0.0985446690780311,0.0017079419299743,0.001219363492257,0.0181979341502887,0.000596362190637,0.0026892430278886,0.0014738102801316,0.3333333333333333,0.0003430274668496,0.009895647622754,-0.0018345675375284,0.0009533248302113,-0.0027878923677397,0.0078266425300821,0.0837050229124302,-0.00135249139628,0.0002559352339326,0.7921324830822142,Risk-off,test,daily-2026-06-30,2,1.0000228884425302e-12,0.999999999997,1.0000228884425302e-12,1.0000228884425302e-12,0.0,0.08928348597846558,0.288659793814433,27.630998227744954,0.4885328561908635,0.5360824742268041,0.0,0.42218365783067086,0.17525773195876287,0.2606776572881478,0.30997418175226943,True,1,0.0,0.0,0.0,0.55
2026-07-01,2026-07-01,2026-07-02,2026-07-09,0.0170749004418739,-0.0156785840928411,0.1827751136265414,0.0204750781008133,-0.0281306958293127,0.3424919610950552,0.0088644713337153,0.0262634574504558,0.2197590354243224,-0.0032561051972447,-0.0038798498122654,0.0423092215946376,-0.0086829357462755,-0.0042232831435916,0.0583901398693133,-0.0212863355458915,-0.001517805020432,0.1057186096942689,-0.0028024856829534,-0.0020729179368369,0.0217433812427094,0.0007529815146092,0.0029458665338646,0.0014442031571126,0.3333333333333333,0.0003434333313262,0.0005551129164048,0.0079784381034111,0.0007968127490038,0.0071816253544072,0.0078266425300821,0.1031112031542736,-0.0013140956876206,0.0003984063745021,0.8136439041820498,Risk-off,test,daily-2026-07-01,2,1.0000228884425302e-12,0.999999999997,1.0000228884425302e-12,1.0000228884425302e-12,0.0,0.08928348597846558,0.22916666666666669,27.630998227744954,0.4885328561908635,0.5625000000000001,0.0,0.42218365783067086,0.20833333333333334,0.2606776572881478,0.30997418175226943,True,1,0.0,0.0,0.0,0.55
2026-07-02,2026-07-02,2026-07-06,2026-07-10,0.0142720958736211,-0.010025297304304,0.1812868898634096,-0.0052765292163377,-0.0424745703497668,0.3472484810582359,-0.0044494998494531,0.0344491952584558,0.2143110682823722,-0.0021281922884326,0.0003765060240961,0.0415837959866708,-0.0078538812785388,0.0001841281531946,0.0579346418011616,-0.0210646823125356,0.0023443910444262,0.1047061210653817,-0.001827262760385,-0.0003659875564231,0.0221844073525794,0.0010521994898275,0.0032455217076123,0.001683535126383,0.3333333333333333,0.0001923778709014,0.0027103786008494,0.0136550390719407,0.0005973715651135,0.0130576675068272,0.0078266425300821,0.1007760764433071,0.0087274094363436,0.0,0.7632912209036051,Risk-off,test,daily-2026-07-02,2,1.000030518040791e-12,0.999999999997,1.000030518040791e-12,1.000030518040791e-12,0.0,0.08928347731985137,0.23157894736842105,27.630990598350422,0.48853257108728976,0.5473684210526316,0.0,0.4221839515928589,0.22105263157894736,0.2606774788998716,0.30997418175226943,True,1,0.0,0.0,0.0,0.6
2026-07-06,2026-07-06,2026-07-07,2026-07-13,0.0305765511186708,-0.0051445813305145,0.1836505178729196,0.0230708260204948,-0.02402073966055,0.3517700335475278,-0.0031017576626755,0.0235950823601931,0.2088050742924654,0.0005010647626206,0.0005010647626206,0.0416601067913117,-0.007579908675799,-0.0016536518144234,0.0574149480395061,-0.021863553113553,-0.0005847953216373,0.1044467539818284,-0.0025550553595327,-0.0006095330976472,0.0220918660954311,0.0008532820135254,0.0031456167562373,0.0017675457384123,0.3333333333333333,0.0021547165770441,2.4737776009864376e-05,-0.0028085400915773,0.0007964954201513,-0.0036050355117287,0.0078266425300821,0.106340747569371,-0.0047518901075497,0.0001991238550376,0.6982831933259732,Risk-off,test,daily-2026-07-06,2,9.999656683109553e-13,0.9999999999969998,9.999656683109553e-13,9.999656683109553e-13,0.0,0.08928351195411083,0.2268041237113402,27.63102111592555,0.4885337115013817,0.5979381443298969,0.0,0.4221827765445076,0.1752577319587629,0.26067819245316404,0.30997418175226943,True,1,0.0,0.0,0.0,0.6
2026-07-07,2026-07-07,2026-07-08,2026-07-14,0.0090553306342779,0.016359553424696,0.1581344218088368,-0.0202325709866314,0.0061980540663206,0.312929282718305,-0.0092985918319564,0.0516243564707972,0.1632715506279454,-0.0031246094238219,0.0041546015359434,0.0376330304574202,-0.0165907019143117,-0.0026809651474531,0.0589663633293099,-0.0331618067467124,-0.0059957676933929,0.1095842567757115,-0.0037726664232689,0.0,0.0214414635323314,0.0008536977450284,0.0030457118167448,0.0016955321133944,1.0,0.0068355666833966,-0.0059957676933929,0.005510157681454,0.0005972526378661,0.0049129050435878,0.0076561361679584,0.1018871269197512,-0.0030894330689706,9.95421063112456e-05,-0.0925345328584216,Mixed,test,daily-2026-07-07,1,0.9999999999969876,1.0041283713875025e-12,1.0041283713875025e-12,1.0041283713875025e-12,27.626901242881672,0.630808133087604,0.6326530612244898,0.0,0.3454072705431782,0.28571428571428575,0.0,0.0237845963692178,0.0816326530612245,0.3099688552455327,0.30997418175226943,True,0,0.0,0.0,0.0,0.55
